open_time_ms,open_time_utc,open,high,low,close,volume,close_time_ms,close_time_utc,quote_asset_volume,number_of_trades,taker_buy_base_asset_volume,taker_buy_quote_asset_volume
1735689600000,2025-01-01T00:00:00Z,3337.78000000,3368.42000000,3335.84000000,3355.20000000,27833.85660000,1735703999999,2025-01-01T03:59:59.999000Z,93391717.36820800,168272,15699.71990000,52677358.09316400
1735704000000,2025-01-01T04:00:00Z,3355.20000000,3356.61000000,3336.88000000,3347.12000000,20068.28290000,1735718399999,2025-01-01T07:59:59.999000Z,67121317.28260200,89179,10238.98870000,34250120.74099900
1735718400000,2025-01-01T08:00:00Z,3347.11000000,3348.84000000,3313.88000000,3341.00000000,39620.20040000,1735732799999,2025-01-01T11:59:59.999000Z,131940382.95007100,210861,18891.83310000,62919985.16521700
1735732800000,2025-01-01T12:00:00Z,3341.01000000,3359.37000000,3328.20000000,3352.93000000,30899.74020000,1735747199999,2025-01-01T15:59:59.999000Z,103334828.87516500,238224,16491.40130000,55159262.28766500
1735747200000,2025-01-01T16:00:00Z,3352.93000000,3364.14000000,3323.03000000,3356.55000000,35964.85950000,1735761599999,2025-01-01T19:59:59.999000Z,120293277.72844900,288725,19546.11870000,65385926.55824600
1735761600000,2025-01-01T20:00:00Z,3356.56000000,3374.85000000,3352.00000000,3360.38000000,35851.64650000,1735775999999,2025-01-01T23:59:59.999000Z,120531871.49147000,186958,18649.96000000,62692605.44217100
1735776000000,2025-01-02T00:00:00Z,3360.39000000,3405.60000000,3354.50000000,3388.55000000,52198.49800000,1735790399999,2025-01-02T03:59:59.999000Z,176892089.21237300,313371,26691.21360000,90451552.29201400
1735790400000,2025-01-02T04:00:00Z,3388.54000000,3427.54000000,3388.00000000,3420.05000000,45379.19470000,1735804799999,2025-01-02T07:59:59.999000Z,154684017.92321200,238759,23335.77270000,79554424.54633400
1735804800000,2025-01-02T08:00:00Z,3420.06000000,3476.00000000,3414.21000000,3471.18000000,51457.63210000,1735819199999,2025-01-02T11:59:59.999000Z,177588626.59773300,320702,26301.64260000,90767951.38806600
1735819200000,2025-01-02T12:00:00Z,3471.18000000,3509.99000000,3440.38000000,3463.51000000,100117.95800000,1735833599999,2025-01-02T15:59:59.999000Z,347734703.39330000,670037,49218.81430000,170986893.14161900
1735833600000,2025-01-02T16:00:00Z,3463.52000000,3491.19000000,3428.99000000,3463.18000000,59125.08480000,1735847999999,2025-01-02T19:59:59.999000Z,204717078.73236600,528865,29193.62890000,101076099.68153500
1735848000000,2025-01-02T20:00:00Z,3463.18000000,3475.28000000,3421.79000000,3455.67000000,30354.51980000,1735862399999,2025-01-02T23:59:59.999000Z,104669716.30389800,301341,14303.29060000,49324134.47239700
1735862400000,2025-01-03T00:00:00Z,3455.68000000,3477.03000000,3442.62000000,3470.16000000,30377.28190000,1735876799999,2025-01-03T03:59:59.999000Z,105139636.96254200,229213,17852.37820000,61806576.31822700
1735876800000,2025-01-03T04:00:00Z,3470.17000000,3470.94000000,3432.44000000,3433.27000000,26434.73550000,1735891199999,2025-01-03T07:59:59.999000Z,91154092.37858700,195664,10557.46590000,36409801.71655100
1735891200000,2025-01-03T08:00:00Z,3433.27000000,3468.01000000,3423.44000000,3465.62000000,33237.31950000,1735905599999,2025-01-03T11:59:59.999000Z,114482855.61501400,226442,16926.66710000,58318334.87852300
1735905600000,2025-01-03T12:00:00Z,3465.61000000,3576.00000000,3461.26000000,3565.13000000,113597.43430000,1735919999999,2025-01-03T15:59:59.999000Z,399812090.53029100,751931,59205.45880000,208395723.01683300
1735920000000,2025-01-03T16:00:00Z,3565.14000000,3630.00000000,3565.14000000,3622.83000000,91647.75220000,1735934399999,2025-01-03T19:59:59.999000Z,329435704.36982600,617157,46064.92950000,165616537.42291600
1735934400000,2025-01-03T20:00:00Z,3622.82000000,3624.38000000,3595.00000000,3609.01000000,38746.53700000,1735948799999,2025-01-03T23:59:59.999000Z,139929521.24555400,273404,18587.17550000,67135252.67791200
1735948800000,2025-01-04T00:00:00Z,3609.00000000,3620.86000000,3579.92000000,3597.97000000,32059.55210000,1735963199999,2025-01-04T03:59:59.999000Z,115300111.39259100,211160,15407.69550000,55413732.49425400
1735963200000,2025-01-04T04:00:00Z,3597.98000000,3609.81000000,3584.16000000,3594.04000000,29387.46490000,1735977599999,2025-01-04T07:59:59.999000Z,105695842.93267900,144645,17183.31850000,61806962.65235400
1735977600000,2025-01-04T08:00:00Z,3594.05000000,3605.57000000,3572.42000000,3602.01000000,26671.40000000,1735991999999,2025-01-04T11:59:59.999000Z,95753637.21279200,178140,14145.08950000,50792181.08340200
1735992000000,2025-01-04T12:00:00Z,3602.01000000,3663.25000000,3592.06000000,3607.81000000,74947.16750000,1736006399999,2025-01-04T15:59:59.999000Z,272022513.10505600,469624,36400.45290000,132134937.45116000
1736006400000,2025-01-04T16:00:00Z,3607.81000000,3644.54000000,3601.62000000,3631.14000000,31618.75170000,1736020799999,2025-01-04T19:59:59.999000Z,114623958.61182100,307520,15669.20860000,56804603.91848200
1736020800000,2025-01-04T20:00:00Z,3631.13000000,3671.60000000,3631.13000000,3656.88000000,34581.97710000,1736035199999,2025-01-04T23:59:59.999000Z,126468741.60489800,256766,18017.38330000,65898443.48723400
1736035200000,2025-01-05T00:00:00Z,3656.88000000,3675.25000000,3629.66000000,3637.79000000,23170.78940000,1736049599999,2025-01-05T03:59:59.999000Z,84477711.99283100,205740,10644.92410000,38825856.53222400
1736049600000,2025-01-05T04:00:00Z,3637.79000000,3650.44000000,3629.00000000,3631.56000000,14533.85510000,1736063999999,2025-01-05T07:59:59.999000Z,52884343.93857400,156482,8084.74720000,29421854.69008700
1736064000000,2025-01-05T08:00:00Z,3631.55000000,3633.29000000,3603.33000000,3613.47000000,29089.63730000,1736078399999,2025-01-05T11:59:59.999000Z,105166435.04113800,249861,15019.90280000,54305665.22920400
1736078400000,2025-01-05T12:00:00Z,3613.46000000,3638.77000000,3593.70000000,3629.60000000,38066.85570000,1736092799999,2025-01-05T15:59:59.999000Z,137676031.37441000,302500,19044.02200000,68903057.76552700
1736092800000,2025-01-05T16:00:00Z,3629.60000000,3648.11000000,3613.04000000,3637.78000000,27732.35400000,1736107199999,2025-01-05T19:59:59.999000Z,100699392.51071900,288027,13486.44020000,48981420.56443000
1736107200000,2025-01-05T20:00:00Z,3637.78000000,3656.88000000,3629.50000000,3635.99000000,22850.68260000,1736121599999,2025-01-05T23:59:59.999000Z,83243657.94299700,258582,10621.33950000,38697500.48853400
1736121600000,2025-01-06T00:00:00Z,3636.00000000,3684.03000000,3610.63000000,3664.92000000,50315.56620000,1736135999999,2025-01-06T03:59:59.999000Z,183935361.59055700,548663,24660.79890000,90168261.04519500
1736136000000,2025-01-06T04:00:00Z,3664.92000000,3698.04000000,3642.60000000,3650.75000000,44005.36780000,1736150399999,2025-01-06T07:59:59.999000Z,161483651.06374100,291284,20434.92510000,75022626.76788400
1736150400000,2025-01-06T08:00:00Z,3650.75000000,3662.73000000,3633.00000000,3654.52000000,35871.60860000,1736164799999,2025-01-06T11:59:59.999000Z,130758246.97770000,269677,18218.88710000,66416642.53792600
1736164800000,2025-01-06T12:00:00Z,3654.51000000,3714.49000000,3622.10000000,3714.45000000,97690.52450000,1736179199999,2025-01-06T15:59:59.999000Z,358467958.37486300,754341,50988.98120000,187132350.48020100
1736179200000,2025-01-06T16:00:00Z,3714.45000000,3744.83000000,3655.55000000,3687.44000000,72164.67110000,1736193599999,2025-01-06T19:59:59.999000Z,267093575.25695900,603452,36854.93510000,136435132.33178200
1736193600000,2025-01-06T20:00:00Z,3687.44000000,3703.38000000,3666.37000000,3687.45000000,29594.62660000,1736207999999,2025-01-06T23:59:59.999000Z,108904030.03824900,286456,15666.09220000,57647758.79156300
1736208000000,2025-01-07T00:00:00Z,3687.44000000,3700.86000000,3663.00000000,3682.25000000,27692.07940000,1736222399999,2025-01-07T03:59:59.999000Z,101994755.49891900,270322,13898.75210000,51192300.64094600
1736222400000,2025-01-07T04:00:00Z,3682.25000000,3685.92000000,3659.00000000,3667.77000000,20773.82070000,1736236799999,2025-01-07T07:59:59.999000Z,76269108.91248000,160400,9229.79900000,33891620.21115200
1736236800000,2025-01-07T08:00:00Z,3667.78000000,3679.27000000,3625.55000000,3639.27000000,38116.86090000,1736251199999,2025-01-07T11:59:59.999000Z,139283484.82473600,261937,17838.58350000,65202170.69062200
1736251200000,2025-01-07T12:00:00Z,3639.28000000,3645.95000000,3413.81000000,3462.64000000,237757.35370000,1736265599999,2025-01-07T15:59:59.999000Z,839301562.88478200,1204047,110675.34990000,390920189.91550400
1736265600000,2025-01-07T16:00:00Z,3462.65000000,3491.70000000,3372.71000000,3385.67000000,137249.79130000,1736279999999,2025-01-07T19:59:59.999000Z,471877428.81567600,984784,62805.24850000,215930128.25328200
1736280000000,2025-01-07T20:00:00Z,3385.68000000,3414.04000000,3356.31000000,3381.31000000,79953.38140000,1736294399999,2025-01-07T23:59:59.999000Z,270592415.22142300,657211,40105.71720000,135756866.30930300
1736294400000,2025-01-08T00:00:00Z,3381.31000000,3415.10000000,3343.22000000,3360.31000000,72032.31400000,1736308799999,2025-01-08T03:59:59.999000Z,243622186.02152200,587029,32249.65850000,109129210.14681500
1736308800000,2025-01-08T04:00:00Z,3360.31000000,3373.14000000,3306.41000000,3354.59000000,96871.44440000,1736323199999,2025-01-08T07:59:59.999000Z,323630230.18304900,631542,44830.60470000,149794262.80511800
1736323200000,2025-01-08T08:00:00Z,3354.59000000,3376.85000000,3323.00000000,3349.79000000,56107.35620000,1736337599999,2025-01-08T11:59:59.999000Z,188334823.35586000,420466,28857.87760000,96894681.03447300
1736337600000,2025-01-08T12:00:00Z,3349.78000000,3386.36000000,3332.55000000,3346.73000000,110465.55300000,1736351999999,2025-01-08T15:59:59.999000Z,370726028.94232800,821054,48737.51340000,163621868.72225600
1736352000000,2025-01-08T16:00:00Z,3346.72000000,3347.68000000,3208.20000000,3280.68000000,202602.45970000,1736366399999,2025-01-08T19:59:59.999000Z,664011245.70806400,1087020,94232.72850000,308734047.19283900
1736366400000,2025-01-08T20:00:00Z,3280.68000000,3334.80000000,3266.08000000,3327.29000000,46670.83540000,1736380799999,2025-01-08T23:59:59.999000Z,154057673.44583600,219086,26668.84420000,88085708.51687800
1736380800000,2025-01-09T00:00:00Z,3327.29000000,3357.27000000,3306.50000000,3324.74000000,52228.51610000,1736395199999,2025-01-09T03:59:59.999000Z,174003428.36969600,421520,26113.24430000,86997207.95176300
1736395200000,2025-01-09T04:00:00Z,3324.71000000,3343.36000000,3281.96000000,3288.71000000,48878.56530000,1736409599999,2025-01-09T07:59:59.999000Z,162013478.55003400,337246,21995.61670000,72961655.10342200
1736409600000,2025-01-09T08:00:00Z,3288.71000000,3327.75000000,3265.77000000,3301.41000000,68409.94590000,1736423999999,2025-01-09T11:59:59.999000Z,226027936.45001500,488993,33553.14650000,110881809.44347700
1736424000000,2025-01-09T12:00:00Z,3301.41000000,3337.00000000,3210.28000000,3320.58000000,129495.90170000,1736438399999,2025-01-09T15:59:59.999000Z,422233095.55962400,934186,62723.48600000,204588634.25226400
1736438400000,2025-01-09T16:00:00Z,3320.57000000,3327.91000000,3190.82000000,3195.63000000,101321.19190000,1736452799999,2025-01-09T19:59:59.999000Z,330254014.68373600,696949,46997.71820000,153321886.22285200
1736452800000,2025-01-09T20:00:00Z,3195.63000000,3239.59000000,3158.00000000,3219.20000000,101484.30380000,1736467199999,2025-01-09T23:59:59.999000Z,324426726.10126300,806995,46410.52290000,148433917.10890100
1736467200000,2025-01-10T00:00:00Z,3219.20000000,3260.47000000,3213.74000000,3254.37000000,38726.26710000,1736481599999,2025-01-10T03:59:59.999000Z,125326352.96233500,428180,20485.66890000,66295939.67855200
1736481600000,2025-01-10T04:00:00Z,3254.36000000,3313.65000000,3242.40000000,3296.29000000,54266.70970000,1736495999999,2025-01-10T07:59:59.999000Z,177787710.52868300,430977,25815.61920000,84631670.46766000
1736496000000,2025-01-10T08:00:00Z,3296.29000000,3321.25000000,3288.12000000,3311.65000000,58339.94840000,1736510399999,2025-01-10T11:59:59.999000Z,192712922.63488400,319211,27027.27420000,89283005.46381200
1736510400000,2025-01-10T12:00:00Z,3311.64000000,3317.03000000,3193.97000000,3245.14000000,188771.59030000,1736524799999,2025-01-10T15:59:59.999000Z,613562661.61596200,1108495,90759.80520000,294859771.71869000
1736524800000,2025-01-10T16:00:00Z,3245.15000000,3322.49000000,3232.20000000,3295.66000000,87802.26840000,1736539199999,2025-01-10T19:59:59.999000Z,287781469.95738400,693656,44333.42640000,145258640.84124400
1736539200000,2025-01-10T20:00:00Z,3295.65000000,3295.65000000,3256.90000000,3267.04000000,26235.34940000,1736553599999,2025-01-10T23:59:59.999000Z,85769473.97274000,218599,14097.39100000,46084462.49841600
1736553600000,2025-01-11T00:00:00Z,3267.05000000,3270.00000000,3231.83000000,3236.80000000,23585.07370000,1736567999999,2025-01-11T03:59:59.999000Z,76644164.17046500,205446,10442.19940000,33939415.32560500
1736568000000,2025-01-11T04:00:00Z,3236.80000000,3251.13000000,3222.73000000,3235.72000000,22043.90980000,1736582399999,2025-01-11T07:59:59.999000Z,71358105.30230200,155141,8931.70830000,28929348.56565400
1736582400000,2025-01-11T08:00:00Z,3235.72000000,3280.50000000,3217.56000000,3273.81000000,33928.16660000,1736596799999,2025-01-11T11:59:59.999000Z,110196183.33558800,218570,17679.47060000,57465480.85298100
1736596800000,2025-01-11T12:00:00Z,3273.81000000,3282.94000000,3258.30000000,3271.33000000,22576.16580000,1736611199999,2025-01-11T15:59:59.999000Z,73818218.01408300,193167,10460.61150000,34212477.02801700
1736611200000,2025-01-11T16:00:00Z,3271.33000000,3283.54000000,3259.06000000,3278.45000000,20674.01870000,1736625599999,2025-01-11T19:59:59.999000Z,67655109.12867000,211294,10316.90300000,33764685.76683100
1736625600000,2025-01-11T20:00:00Z,3278.46000000,3320.18000000,3275.84000000,3282.83000000,28872.41410000,1736639999999,2025-01-11T23:59:59.999000Z,95261515.40715400,225159,16371.89480000,54038769.60490300
1736640000000,2025-01-12T00:00:00Z,3282.83000000,3290.91000000,3274.12000000,3286.00000000,16338.38380000,1736654399999,2025-01-12T03:59:59.999000Z,53644104.02080600,150675,8538.79240000,28037859.31041600
1736654400000,2025-01-12T04:00:00Z,3286.00000000,3289.41000000,3263.49000000,3266.87000000,17101.39360000,1736668799999,2025-01-12T07:59:59.999000Z,56036276.61181400,116137,8562.75210000,28057367.27023300
1736668800000,2025-01-12T08:00:00Z,3266.87000000,3271.36000000,3224.49000000,3253.02000000,30127.32850000,1736683199999,2025-01-12T11:59:59.999000Z,97757130.52564500,192492,13489.71930000,43778487.92856200
1736683200000,2025-01-12T12:00:00Z,3253.03000000,3296.14000000,3247.89000000,3285.68000000,45904.05730000,1736697599999,2025-01-12T15:59:59.999000Z,150097793.73696600,264135,23924.33480000,78285392.68698200
1736697600000,2025-01-12T16:00:00Z,3285.68000000,3300.00000000,3268.66000000,3280.12000000,25565.43610000,1736711999999,2025-01-12T19:59:59.999000Z,83979424.72045500,187661,11035.55550000,36251112.61467600
1736712000000,2025-01-12T20:00:00Z,3280.11000000,3289.31000000,3234.38000000,3267.30000000,29843.37160000,1736726399999,2025-01-12T23:59:59.999000Z,97236982.43010100,240808,12761.37910000,41579787.50312100
1736726400000,2025-01-13T00:00:00Z,3267.30000000,3339.00000000,3235.69000000,3242.72000000,74893.51460000,1736740799999,2025-01-13T03:59:59.999000Z,245964854.01819600,562793,38086.39670000,125176134.79812500
1736740800000,2025-01-13T04:00:00Z,3242.73000000,3260.49000000,3181.30000000,3201.66000000,60066.44610000,1736755199999,2025-01-13T07:59:59.999000Z,193206562.14108200,421093,28956.49880000,93183603.46312500
1736755200000,2025-01-13T08:00:00Z,3201.66000000,3205.90000000,3055.88000000,3057.16000000,168149.87310000,1736769599999,2025-01-13T11:59:59.999000Z,525274035.89074100,993986,77755.65810000,242980848.48989400
1736769600000,2025-01-13T12:00:00Z,3057.15000000,3091.38000000,2920.00000000,3049.00000000,307651.56840000,1736783999999,2025-01-13T15:59:59.999000Z,932670255.90856000,1476874,144790.31930000,439261855.49427700
1736784000000,2025-01-13T16:00:00Z,3049.01000000,3060.51000000,2986.40000000,3025.07000000,133843.84050000,1736798399999,2025-01-13T19:59:59.999000Z,404069187.86282300,884994,68218.34980000,205933831.64882500
1736798400000,2025-01-13T20:00:00Z,3025.06000000,3143.20000000,3011.71000000,3137.51000000,101302.32420000,1736812799999,2025-01-13T23:59:59.999000Z,313639739.33303700,560508,53149.57870000,164494525.31722200
1736812800000,2025-01-14T00:00:00Z,3137.51000000,3175.51000000,3125.65000000,3158.87000000,49686.96860000,1736827199999,2025-01-14T03:59:59.999000Z,156526207.22989600,392621,23804.44980000,74985545.52972700
1736827200000,2025-01-14T04:00:00Z,3158.87000000,3190.07000000,3158.18000000,3171.53000000,34578.93510000,1736841599999,2025-01-14T07:59:59.999000Z,109735491.47205100,241884,16160.33310000,51289124.45497900
1736841600000,2025-01-14T08:00:00Z,3171.53000000,3256.67000000,3169.41000000,3217.62000000,81942.49050000,1736855999999,2025-01-14T11:59:59.999000Z,263781084.61739900,470617,42935.01410000,138171535.07390500
1736856000000,2025-01-14T12:00:00Z,3217.61000000,3233.27000000,3178.11000000,3199.45000000,120884.53350000,1736870399999,2025-01-14T15:59:59.999000Z,387638599.86776700,663224,54318.70970000,174198084.65299600
1736870400000,2025-01-14T16:00:00Z,3199.45000000,3235.99000000,3172.12000000,3214.38000000,56930.53990000,1736884799999,2025-01-14T19:59:59.999000Z,182469114.73209800,437199,28964.17810000,92872853.21973300
1736884800000,2025-01-14T20:00:00Z,3214.37000000,3240.69000000,3194.86000000,3225.63000000,30284.98410000,1736899199999,2025-01-14T23:59:59.999000Z,97565022.97981500,240740,14660.67570000,47236902.74590400
1736899200000,2025-01-15T00:00:00Z,3225.63000000,3245.77000000,3205.17000000,3240.79000000,53847.02820000,1736913599999,2025-01-15T03:59:59.999000Z,173695810.76579800,358158,24150.67200000,77919520.45538200
1736913600000,2025-01-15T04:00:00Z,3240.80000000,3252.35000000,3215.73000000,3233.30000000,36021.99320000,1736927999999,2025-01-15T07:59:59.999000Z,116429249.80754900,233254,16682.04560000,53932835.49833600
1736928000000,2025-01-15T08:00:00Z,3233.30000000,3248.55000000,3186.36000000,3199.60000000,41139.01920000,1736942399999,2025-01-15T11:59:59.999000Z,132216329.23730900,284682,17913.52350000,57563792.31756800
1736942400000,2025-01-15T12:00:00Z,3199.61000000,3353.82000000,3186.73000000,3334.47000000,167086.54330000,1736956799999,2025-01-15T15:59:59.999000Z,549710851.27474700,888096,89270.21330000,293664622.93713700
1736956800000,2025-01-15T16:00:00Z,3334.47000000,3442.59000000,3323.91000000,3434.99000000,92241.88690000,1736971199999,2025-01-15T19:59:59.999000Z,311156964.47309400,534284,48493.27890000,163721666.90018800
1736971200000,2025-01-15T20:00:00Z,3434.99000000,3473.75000000,3418.40000000,3451.52000000,73851.56320000,1736985599999,2025-01-15T23:59:59.999000Z,254198151.80827400,391014,37471.98500000,129000577.29745700
1736985600000,2025-01-16T00:00:00Z,3451.51000000,3460.79000000,3346.00000000,3363.38000000,80015.62640000,1736999999999,2025-01-16T03:59:59.999000Z,271799709.34421700,438660,35183.42080000,119596376.45872800
1737000000000,2025-01-16T04:00:00Z,3363.38000000,3391.50000000,3362.00000000,3384.30000000,35612.50860000,1737014399999,2025-01-16T07:59:59.999000Z,120251644.03506100,177197,18551.17280000,62669892.55623500
1737014400000,2025-01-16T08:00:00Z,3384.30000000,3385.84000000,3300.21000000,3351.27000000,81969.07160000,1737028799999,2025-01-16T11:59:59.999000Z,273082023.46049300,385028,37347.21020000,124516555.50136800
1737028800000,2025-01-16T12:00:00Z,3351.26000000,3365.16000000,3265.44000000,3333.04000000,143419.30380000,1737043199999,2025-01-16T15:59:59.999000Z,475317259.65327000,772707,71375.10030000,236651920.19089900
1737043200000,2025-01-16T16:00:00Z,3333.02000000,3365.95000000,3310.47000000,3344.81000000,66607.98660000,1737057599999,2025-01-16T19:59:59.999000Z,222425378.81981300,504741,34862.88200000,116436331.40620700
1737057600000,2025-01-16T20:00:00Z,3344.81000000,3354.01000000,3269.00000000,3308.05000000,63658.18170000,1737071999999,2025-01-16T23:59:59.999000Z,210636558.76199700,389174,30350.08600000,100465142.31488400
1737072000000,2025-01-17T00:00:00Z,3308.04000000,3397.66000000,3307.50000000,3361.01000000,97199.42850000,1737086399999,2025-01-17T03:59:59.999000Z,327233233.07477800,474141,51645.29710000,173902436.26649700
1737086400000,2025-01-17T04:00:00Z,3361.01000000,3389.11000000,3347.79000000,3373.14000000,51957.95180000,1737100799999,2025-01-17T07:59:59.999000Z,175008254.75075300,243102,27629.88080000,93087561.14130200
1737100800000,2025-01-17T08:00:00Z,3373.14000000,3439.00000000,3372.52000000,3423.24000000,70486.33220000,1737115199999,2025-01-17T11:59:59.999000Z,240423376.02279100,425936,38477.88240000,131245725.28705300
1737115200000,2025-01-17T12:00:00Z,3423.25000000,3450.53000000,3395.14000000,3421.80000000,119276.69180000,1737129599999,2025-01-17T15:59:59.999000Z,407914452.87858700,845646,59813.35240000,204581707.77892700
1737129600000,2025-01-17T16:00:00Z,3421.80000000,3448.50000000,3407.63000000,3432.11000000,69418.19710000,1737143999999,2025-01-17T19:59:59.999000Z,238022499.40366700,579358,32701.33060000,112133425.53947500
1737144000000,2025-01-17T20:00:00Z,3432.10000000,3525.72000000,3425.90000000,3473.63000000,110211.57990000,1737158399999,2025-01-17T23:59:59.999000Z,384411651.17851700,597699,59033.77000000,205885648.14319200
1737158400000,2025-01-18T00:00:00Z,3473.64000000,3494.39000000,3368.06000000,3384.07000000,72302.72890000,1737172799999,2025-01-18T03:59:59.999000Z,248302924.69218100,410718,33630.90630000,115485470.77366400
1737172800000,2025-01-18T04:00:00Z,3384.08000000,3395.49000000,3281.09000000,3287.63000000,136100.31180000,1737187199999,2025-01-18T07:59:59.999000Z,453053473.02708700,842934,66782.37280000,222339894.55895200
1737187200000,2025-01-18T08:00:00Z,3287.64000000,3324.10000000,3227.00000000,3311.62000000,153502.63550000,1737201599999,2025-01-18T11:59:59.999000Z,502132134.27358000,862113,77516.37400000,253756989.91587600
1737201600000,2025-01-18T12:00:00Z,3311.63000000,3347.34000000,3274.17000000,3307.07000000,121126.25920000,1737215999999,2025-01-18T15:59:59.999000Z,401027294.43599800,681476,58158.14260000,192543707.93323200
1737216000000,2025-01-18T16:00:00Z,3307.07000000,3316.62000000,3250.00000000,3290.20000000,102206.14720000,1737230399999,2025-01-18T19:59:59.999000Z,335207381.98863100,777854,47902.60410000,157144087.83550700
1737230400000,2025-01-18T20:00:00Z,3290.21000000,3321.11000000,3258.37000000,3307.71000000,48959.04550000,1737244799999,2025-01-18T23:59:59.999000Z,160910453.34694200,356292,25763.92930000,84700138.50044000
1737244800000,2025-01-19T00:00:00Z,3307.71000000,3378.11000000,3298.71000000,3335.47000000,85390.15480000,1737259199999,2025-01-19T03:59:59.999000Z,285505217.34158000,550939,45097.51960000,150808304.86449300
1737259200000,2025-01-19T04:00:00Z,3335.47000000,3337.95000000,3259.90000000,3276.06000000,116181.14710000,1737273599999,2025-01-19T07:59:59.999000Z,382078013.27371700,655970,54368.62770000,178821151.88781800
1737273600000,2025-01-19T08:00:00Z,3276.06000000,3277.53000000,3130.48000000,3149.97000000,255482.69120000,1737287999999,2025-01-19T11:59:59.999000Z,814964020.32650000,1342138,115515.84230000,368332810.69719500
1737288000000,2025-01-19T12:00:00Z,3149.98000000,3426.05000000,3145.00000000,3383.68000000,366843.08400000,1737302399999,2025-01-19T15:59:59.999000Z,1218247679.79846900,1576746,193040.79950000,641048858.56226100
1737302400000,2025-01-19T16:00:00Z,3383.68000000,3448.99000000,3378.11000000,3418.92000000,133240.27700000,1737316799999,2025-01-19T19:59:59.999000Z,455072037.73819100,731873,70500.94840000,240815006.35599000
1737316800000,2025-01-19T20:00:00Z,3418.93000000,3431.82000000,3156.70000000,3215.12000000,385164.16760000,1737331199999,2025-01-19T23:59:59.999000Z,1252792712.53387300,2207147,173408.69370000,563831346.53252900
1737331200000,2025-01-20T00:00:00Z,3215.20000000,3280.75000000,3142.78000000,3272.34000000,274130.00700000,1737345599999,2025-01-20T03:59:59.999000Z,879485701.08182600,1823959,131893.33810000,423225157.60774100
1737345600000,2025-01-20T04:00:00Z,3272.30000000,3453.69000000,3250.66000000,3382.59000000,232466.85070000,1737359999999,2025-01-20T07:59:59.999000Z,782540428.68063700,1393658,124446.48860000,419114363.03756600
1737360000000,2025-01-20T08:00:00Z,3382.58000000,3413.30000000,3334.32000000,3375.43000000,131468.86060000,1737374399999,2025-01-20T11:59:59.999000Z,443974054.85870400,659423,66788.17880000,225603331.22349600
1737374400000,2025-01-20T12:00:00Z,3375.42000000,3379.94000000,3257.20000000,3335.90000000,167094.95430000,1737388799999,2025-01-20T15:59:59.999000Z,555847619.07898900,1081913,80615.77750000,268228619.15819600
1737388800000,2025-01-20T16:00:00Z,3335.91000000,3390.68000000,3205.42000000,3343.50000000,286337.68260000,1737403199999,2025-01-20T19:59:59.999000Z,947336095.17686400,1644157,138839.61150000,459748788.83270300
1737403200000,2025-01-20T20:00:00Z,3343.49000000,3344.50000000,3255.92000000,3284.00000000,66856.42620000,1737417599999,2025-01-20T23:59:59.999000Z,220836416.25458700,534441,30089.30830000,99400340.10228400
1737417600000,2025-01-21T00:00:00Z,3283.99000000,3289.85000000,3204.60000000,3262.60000000,133473.35470000,1737431999999,2025-01-21T03:59:59.999000Z,433474231.26016500,1075988,63268.87320000,205550760.15680600
1737432000000,2025-01-21T04:00:00Z,3262.60000000,3266.24000000,3213.03000000,3254.70000000,71362.16430000,1737446399999,2025-01-21T07:59:59.999000Z,231280413.91786400,482466,35649.40420000,115560432.68385200
1737446400000,2025-01-21T08:00:00Z,3254.70000000,3314.00000000,3234.48000000,3305.07000000,82511.57620000,1737460799999,2025-01-21T11:59:59.999000Z,270759547.00458800,530626,42984.93780000,141047545.44705400
1737460800000,2025-01-21T12:00:00Z,3305.07000000,3335.44000000,3265.11000000,3295.10000000,121235.06860000,1737475199999,2025-01-21T15:59:59.999000Z,400295922.87995200,697559,57224.45120000,188962643.47012900
1737475200000,2025-01-21T16:00:00Z,3295.10000000,3368.00000000,3290.50000000,3332.16000000,92024.65120000,1737489599999,2025-01-21T19:59:59.999000Z,306709349.32764400,590639,49151.40780000,163833734.13776000
1737489600000,2025-01-21T20:00:00Z,3332.16000000,3347.12000000,3302.03000000,3327.54000000,48099.23630000,1737503999999,2025-01-21T23:59:59.999000Z,159798115.27744600,375679,22814.55360000,75800542.98984700
1737504000000,2025-01-22T00:00:00Z,3327.55000000,3365.99000000,3321.31000000,3330.98000000,60248.44970000,1737518399999,2025-01-22T03:59:59.999000Z,201190556.11758500,430444,31665.98540000,105765249.58034500
1737518400000,2025-01-22T04:00:00Z,3330.98000000,3339.59000000,3287.00000000,3288.07000000,50588.47860000,1737532799999,2025-01-22T07:59:59.999000Z,167522369.22834400,271636,20071.35890000,66492476.41711300
1737532800000,2025-01-22T08:00:00Z,3288.08000000,3329.99000000,3273.83000000,3326.55000000,52580.18700000,1737547199999,2025-01-22T11:59:59.999000Z,173452820.51739800,265700,25402.02410000,83812602.96782100
1737547200000,2025-01-22T12:00:00Z,3326.55000000,3332.70000000,3267.17000000,3278.39000000,77812.83240000,1737561599999,2025-01-22T15:59:59.999000Z,256226071.91638400,519783,34913.54600000,115002600.18304600
1737561600000,2025-01-22T16:00:00Z,3278.39000000,3291.30000000,3239.40000000,3261.99000000,61571.15650000,1737575999999,2025-01-22T19:59:59.999000Z,201299029.14100700,381760,29137.46290000,95293769.98494000
1737576000000,2025-01-22T20:00:00Z,3262.00000000,3276.60000000,3222.85000000,3242.60000000,46439.64560000,1737590399999,2025-01-22T23:59:59.999000Z,150957524.27584100,318348,22292.38270000,72478121.37129800
1737590400000,2025-01-23T00:00:00Z,3242.61000000,3261.34000000,3204.18000000,3226.92000000,66638.88180000,1737604799999,2025-01-23T03:59:59.999000Z,215426123.64753100,503154,32380.43480000,104682678.93695400
1737604800000,2025-01-23T04:00:00Z,3227.00000000,3234.00000000,3185.00000000,3233.48000000,55874.46510000,1737619199999,2025-01-23T07:59:59.999000Z,179372106.55555200,351591,27666.04970000,88843702.96159000
1737619200000,2025-01-23T08:00:00Z,3233.48000000,3233.65000000,3188.89000000,3213.08000000,54314.70390000,1737633599999,2025-01-23T11:59:59.999000Z,174273897.64961700,314712,25543.77680000,81979015.45976000
1737633600000,2025-01-23T12:00:00Z,3213.08000000,3286.72000000,3189.69000000,3259.33000000,162299.76180000,1737647999999,2025-01-23T15:59:59.999000Z,526186819.59742400,761120,82941.42000000,268932876.24685900
1737648000000,2025-01-23T16:00:00Z,3259.33000000,3297.49000000,3195.00000000,3204.98000000,86129.17780000,1737662399999,2025-01-23T19:59:59.999000Z,279903313.92030400,498338,40950.61700000,133152597.35858000
1737662400000,2025-01-23T20:00:00Z,3204.98000000,3347.97000000,3196.25000000,3338.21000000,180335.73210000,1737676799999,2025-01-23T23:59:59.999000Z,590145661.71011900,827005,93812.64350000,306999564.75360500
1737676800000,2025-01-24T00:00:00Z,3338.22000000,3349.60000000,3275.90000000,3302.26000000,79820.48690000,1737691199999,2025-01-24T03:59:59.999000Z,263842230.71681300,651151,37321.72290000,123376414.97325900
1737691200000,2025-01-24T04:00:00Z,3302.26000000,3421.00000000,3292.23000000,3380.80000000,111035.10830000,1737705599999,2025-01-24T07:59:59.999000Z,374687971.24461700,652513,56631.74450000,191030349.44642600
1737705600000,2025-01-24T08:00:00Z,3380.79000000,3416.50000000,3374.68000000,3399.22000000,57084.81980000,1737719999999,2025-01-24T11:59:59.999000Z,194147275.19153900,364447,28888.74690000,98262461.45285800
1737720000000,2025-01-24T12:00:00Z,3399.21000000,3428.00000000,3355.67000000,3383.69000000,82277.94410000,1737734399999,2025-01-24T15:59:59.999000Z,279322965.66360600,495256,40047.45470000,136026860.02583900
1737734400000,2025-01-24T16:00:00Z,3383.64000000,3409.40000000,3365.00000000,3368.70000000,54874.66280000,1737748799999,2025-01-24T19:59:59.999000Z,185822383.27435400,317421,25799.97450000,87378443.49468500
1737748800000,2025-01-24T20:00:00Z,3368.70000000,3378.79000000,3304.11000000,3310.09000000,66431.25330000,1737763199999,2025-01-24T23:59:59.999000Z,221556471.60003400,312781,26318.36000000,87756285.65345600
1737763200000,2025-01-25T00:00:00Z,3310.10000000,3325.00000000,3268.66000000,3319.44000000,56579.56250000,1737777599999,2025-01-25T03:59:59.999000Z,186498590.13055200,386503,26358.50700000,86923245.13129000
1737777600000,2025-01-25T04:00:00Z,3319.43000000,3319.70000000,3283.57000000,3291.53000000,32529.01830000,1737791999999,2025-01-25T07:59:59.999000Z,107165648.09848700,205320,14885.61190000,49033651.15304300
1737792000000,2025-01-25T08:00:00Z,3291.52000000,3311.50000000,3272.09000000,3306.91000000,26453.76940000,1737806399999,2025-01-25T11:59:59.999000Z,87073114.05266700,190249,14479.96280000,47681610.02788500
1737806400000,2025-01-25T12:00:00Z,3306.91000000,3345.00000000,3294.24000000,3334.62000000,37205.69000000,1737820799999,2025-01-25T15:59:59.999000Z,123472924.54691600,242193,18369.36120000,60948204.44011300
1737820800000,2025-01-25T16:00:00Z,3334.62000000,3349.58000000,3330.63000000,3340.30000000,30687.74710000,1737835199999,2025-01-25T19:59:59.999000Z,102475028.65544500,248141,13145.54500000,43900241.67711900
1737835200000,2025-01-25T20:00:00Z,3340.29000000,3350.68000000,3314.87000000,3318.77000000,25103.25420000,1737849599999,2025-01-25T23:59:59.999000Z,83698179.64137700,184232,10890.46190000,36312679.69820400
1737849600000,2025-01-26T00:00:00Z,3318.76000000,3350.00000000,3313.90000000,3338.94000000,30620.80490000,1737863999999,2025-01-26T03:59:59.999000Z,101864923.06887500,172053,14198.79190000,47247423.94485000
1737864000000,2025-01-26T04:00:00Z,3338.95000000,3362.00000000,3330.30000000,3338.56000000,31975.74080000,1737878399999,2025-01-26T07:59:59.999000Z,106995701.54662300,188761,14798.79890000,49518935.01910200
1737878400000,2025-01-26T08:00:00Z,3338.57000000,3343.45000000,3292.82000000,3312.30000000,37739.26420000,1737892799999,2025-01-26T11:59:59.999000Z,124979279.24381900,212152,16281.86610000,53921888.50464000
1737892800000,2025-01-26T12:00:00Z,3312.30000000,3320.68000000,3297.47000000,3315.31000000,35395.71280000,1737907199999,2025-01-26T15:59:59.999000Z,117048992.41540700,175863,18183.21640000,60134635.58435400
1737907200000,2025-01-26T16:00:00Z,3315.31000000,3344.88000000,3307.96000000,3338.74000000,32638.25100000,1737921599999,2025-01-26T19:59:59.999000Z,108705757.12117600,192742,14958.54900000,49833571.92429800
1737921600000,2025-01-26T20:00:00Z,3338.73000000,3342.34000000,3230.00000000,3232.61000000,103795.69530000,1737935999999,2025-01-26T23:59:59.999000Z,339696364.21747400,474754,38405.05660000,125664232.85068500
1737936000000,2025-01-27T00:00:00Z,3232.61000000,3253.91000000,3160.71000000,3183.60000000,143752.40380000,1737950399999,2025-01-27T03:59:59.999000Z,460079984.86699300,859389,60237.31270000,192777313.23976100
1737950400000,2025-01-27T04:00:00Z,3183.60000000,3183.60000000,3020.01000000,3070.80000000,190988.39970000,1737964799999,2025-01-27T07:59:59.999000Z,591716119.77080400,945551,83698.55960000,259105759.20191300
1737964800000,2025-01-27T08:00:00Z,3070.80000000,3090.77000000,3034.48000000,3058.94000000,113419.51030000,1737979199999,2025-01-27T11:59:59.999000Z,347327436.67587500,722189,51650.68610000,158205538.61286600
1737979200000,2025-01-27T12:00:00Z,3058.94000000,3152.00000000,3053.67000000,3133.40000000,130642.88310000,1737993599999,2025-01-27T15:59:59.999000Z,406634513.75925800,994053,63612.86770000,198042478.39572700
1737993600000,2025-01-27T16:00:00Z,3133.39000000,3133.39000000,3046.68000000,3075.93000000,91816.92960000,1738007999999,2025-01-27T19:59:59.999000Z,283232659.10440800,741100,42974.50220000,132574946.01093900
1738008000000,2025-01-27T20:00:00Z,3075.93000000,3239.00000000,3073.13000000,3182.44000000,82384.62640000,1738022399999,2025-01-27T23:59:59.999000Z,260779855.52927300,626222,43110.65380000,136489760.67591600
1738022400000,2025-01-28T00:00:00Z,3182.44000000,3218.39000000,3151.62000000,3203.15000000,59730.39640000,1738036799999,2025-01-28T03:59:59.999000Z,190265254.20557000,468772,28994.07810000,92392305.69399300
1738036800000,2025-01-28T04:00:00Z,3203.15000000,3223.01000000,3188.80000000,3196.22000000,36876.46930000,1738051199999,2025-01-28T07:59:59.999000Z,118291519.22036700,333321,17987.46510000,57708605.91775300
1738051200000,2025-01-28T08:00:00Z,3196.22000000,3208.00000000,3177.10000000,3186.74000000,29927.79500000,1738065599999,2025-01-28T11:59:59.999000Z,95587891.74156300,312991,15269.28300000,48778712.72730000
1738065600000,2025-01-28T12:00:00Z,3186.75000000,3214.38000000,3156.86000000,3181.36000000,56108.55610000,1738079999999,2025-01-28T15:59:59.999000Z,178477957.33987000,570585,29016.33910000,92336222.57341100
1738080000000,2025-01-28T16:00:00Z,3181.37000000,3182.98000000,3120.36000000,3147.31000000,70607.84680000,1738094399999,2025-01-28T19:59:59.999000Z,222728281.28689100,618066,34000.34570000,107308676.61731100
1738094400000,2025-01-28T20:00:00Z,3147.31000000,3155.37000000,3040.03000000,3077.72000000,97708.65370000,1738108799999,2025-01-28T23:59:59.999000Z,301650832.38074400,633239,45509.21610000,140465685.19367900
1738108800000,2025-01-29T00:00:00Z,3077.72000000,3132.69000000,3076.31000000,3130.43000000,38565.75760000,1738123199999,2025-01-29T03:59:59.999000Z,119944144.27407000,394491,19404.88220000,60354899.73097400
1738123200000,2025-01-29T04:00:00Z,3130.43000000,3160.00000000,3117.01000000,3156.89000000,31716.98940000,1738137599999,2025-01-29T07:59:59.999000Z,99500107.32790200,273294,15310.90310000,48043082.21883800
1738137600000,2025-01-29T08:00:00Z,3156.88000000,3164.11000000,3119.80000000,3135.13000000,31298.14730000,1738151999999,2025-01-29T11:59:59.999000Z,98289844.37448200,280363,13971.30760000,43862953.55924300
1738152000000,2025-01-29T12:00:00Z,3135.13000000,3140.38000000,3080.57000000,3101.12000000,63257.25530000,1738166399999,2025-01-29T15:59:59.999000Z,196488788.18429100,573768,30996.55060000,96291731.11257700
1738166400000,2025-01-29T16:00:00Z,3101.11000000,3153.22000000,3054.06000000,3126.50000000,138822.55500000,1738180799999,2025-01-29T19:59:59.999000Z,431433370.15108400,1031955,69289.20350000,215390697.20560500
1738180800000,2025-01-29T20:00:00Z,3126.49000000,3182.52000000,3091.00000000,3113.90000000,106076.55300000,1738195199999,2025-01-29T23:59:59.999000Z,332600391.43774100,723498,51835.07650000,162613136.55438300
1738195200000,2025-01-30T00:00:00Z,3113.90000000,3202.58000000,3091.06000000,3201.50000000,59767.87670000,1738209599999,2025-01-30T03:59:59.999000Z,188036232.89423400,320361,34781.18110000,109537057.03150200
1738209600000,2025-01-30T04:00:00Z,3201.50000000,3215.73000000,3178.76000000,3191.04000000,41271.27840000,1738223999999,2025-01-30T07:59:59.999000Z,131861418.44161200,272989,19457.81950000,62190459.75527400
1738224000000,2025-01-30T08:00:00Z,3191.04000000,3229.82000000,3181.10000000,3222.71000000,43500.72940000,1738238399999,2025-01-30T11:59:59.999000Z,139700650.33301800,340225,23059.88520000,74065988.07747000
1738238400000,2025-01-30T12:00:00Z,3222.71000000,3281.00000000,3209.24000000,3255.30000000,115188.90760000,1738252799999,2025-01-30T15:59:59.999000Z,375037766.64618400,677038,59539.78540000,193896160.53167000
1738252800000,2025-01-30T16:00:00Z,3255.30000000,3283.43000000,3249.06000000,3271.61000000,48762.14550000,1738267199999,2025-01-30T19:59:59.999000Z,159314241.21282400,421345,22851.89260000,74668969.46506000
1738267200000,2025-01-30T20:00:00Z,3271.60000000,3273.20000000,3228.68000000,3247.39000000,42148.54470000,1738281599999,2025-01-30T23:59:59.999000Z,136936297.01181000,378831,20793.56690000,67576628.32360000
1738281600000,2025-01-31T00:00:00Z,3247.38000000,3279.50000000,3221.20000000,3230.65000000,44873.35890000,1738295999999,2025-01-31T03:59:59.999000Z,145908771.21349400,415953,23405.24480000,76122887.32423300
1738296000000,2025-01-31T04:00:00Z,3230.65000000,3276.93000000,3213.80000000,3241.63000000,50490.33340000,1738310399999,2025-01-31T07:59:59.999000Z,164107094.39281500,354834,26926.62250000,87575189.30079800
1738310400000,2025-01-31T08:00:00Z,3241.63000000,3338.55000000,3234.05000000,3335.16000000,93861.76460000,1738324799999,2025-01-31T11:59:59.999000Z,308279281.87756700,575713,52682.59910000,173199913.23607400
1738324800000,2025-01-31T12:00:00Z,3335.16000000,3436.34000000,3325.30000000,3427.66000000,186786.68880000,1738339199999,2025-01-31T15:59:59.999000Z,629278793.85105800,1042069,104493.54830000,352338834.62817700
1738339200000,2025-01-31T16:00:00Z,3427.65000000,3437.31000000,3294.97000000,3339.08000000,183740.98690000,1738353599999,2025-01-31T19:59:59.999000Z,616935280.41083800,825273,92237.79140000,309645042.17721300
1738353600000,2025-01-31T20:00:00Z,3339.07000000,3339.07000000,3278.50000000,3300.99000000,88928.52350000,1738367999999,2025-01-31T23:59:59.999000Z,293970592.58597100,589051,43899.21380000,145118924.97500600
1738368000000,2025-02-01T00:00:00Z,3300.99000000,3331.98000000,3283.01000000,3291.97000000,45386.34860000,1738382399999,2025-02-01T03:59:59.999000Z,150143874.99055800,419144,24437.63820000,80865995.05905300
1738382400000,2025-02-01T04:00:00Z,3291.97000000,3307.19000000,3273.44000000,3280.10000000,38200.57030000,1738396799999,2025-02-01T07:59:59.999000Z,125744875.11563200,277946,19377.09700000,63805507.53435200
1738396800000,2025-02-01T08:00:00Z,3280.11000000,3286.31000000,3224.01000000,3252.16000000,61226.07250000,1738411199999,2025-02-01T11:59:59.999000Z,199056306.10060400,584269,28326.75010000,92109413.91397600
1738411200000,2025-02-01T12:00:00Z,3252.17000000,3273.15000000,3228.93000000,3250.99000000,42293.99610000,1738425599999,2025-02-01T15:59:59.999000Z,137533615.75171300,423394,22769.23170000,74065077.14699000
1738425600000,2025-02-01T16:00:00Z,3251.00000000,3267.24000000,3178.07000000,3197.08000000,60538.40390000,1738439999999,2025-02-01T19:59:59.999000Z,195359230.78482800,520703,27017.11870000,87266183.11599000
1738440000000,2025-02-01T20:00:00Z,3197.09000000,3197.09000000,3101.70000000,3117.54000000,106419.86110000,1738454399999,2025-02-01T23:59:59.999000Z,335008024.12256600,675240,48746.52280000,153483692.62474200
1738454400000,2025-02-02T00:00:00Z,3117.54000000,3163.20000000,3069.36000000,3077.97000000,89939.38910000,1738468799999,2025-02-02T03:59:59.999000Z,279942603.48885000,730308,42216.08440000,131534857.17589000
1738468800000,2025-02-02T04:00:00Z,3077.98000000,3139.00000000,3075.00000000,3101.51000000,79243.33750000,1738483199999,2025-02-02T07:59:59.999000Z,245897899.24038200,655151,39691.77040000,123214664.64041800
1738483200000,2025-02-02T08:00:00Z,3101.50000000,3124.13000000,3052.19000000,3064.86000000,74238.78420000,1738497599999,2025-02-02T11:59:59.999000Z,229329038.20418500,601691,35865.71010000,110857748.12279900
1738497600000,2025-02-02T12:00:00Z,3064.87000000,3101.92000000,3050.64000000,3081.19000000,110373.12190000,1738511999999,2025-02-02T15:59:59.999000Z,339419620.72658600,725561,56771.34910000,174640754.77699400
1738512000000,2025-02-02T16:00:00Z,3081.18000000,3082.02000000,2894.40000000,2958.90000000,371163.23320000,1738526399999,2025-02-02T19:59:59.999000Z,1103938570.24211600,1729601,171659.16730000,510130909.06378200
1738526400000,2025-02-02T20:00:00Z,2958.91000000,2987.68000000,2750.71000000,2869.68000000,325848.06410000,1738540799999,2025-02-02T23:59:59.999000Z,932903006.48963700,1532251,148785.02560000,426363957.06242400
1738540800000,2025-02-03T00:00:00Z,2869.68000000,2872.75000000,2125.01000000,2527.12000000,1114056.64730000,1738555199999,2025-02-03T03:59:59.999000Z,2854135145.33481400,3728860,527606.14360000,1352113902.90037100
1738555200000,2025-02-03T04:00:00Z,2527.20000000,2632.80000000,2447.25000000,2622.35000000,360415.83330000,1738569599999,2025-02-03T07:59:59.999000Z,907237212.28572300,1559760,180927.39890000,455548688.52336100
1738569600000,2025-02-03T08:00:00Z,2622.35000000,2622.51000000,2526.16000000,2581.41000000,313992.23380000,1738583999999,2025-02-03T11:59:59.999000Z,810769609.33789600,1376615,132889.45860000,343064160.79478300
1738584000000,2025-02-03T12:00:00Z,2581.41000000,2728.00000000,2529.39000000,2700.72000000,480214.16300000,1738598399999,2025-02-03T15:59:59.999000Z,1260370445.14291100,1877368,232437.62920000,609783129.57118500
1738598400000,2025-02-03T16:00:00Z,2700.73000000,2770.26000000,2668.06000000,2764.23000000,264479.60940000,1738612799999,2025-02-03T19:59:59.999000Z,717750073.82260800,1079938,125857.48830000,341619066.36653400
1738612800000,2025-02-03T20:00:00Z,2764.21000000,2921.00000000,2695.61000000,2879.90000000,274820.53420000,1738627199999,2025-02-03T23:59:59.999000Z,775226478.05069100,928087,144535.21320000,407758644.04008700
1738627200000,2025-02-04T00:00:00Z,2879.89000000,2888.50000000,2792.22000000,2811.00000000,138011.87180000,1738641599999,2025-02-04T03:59:59.999000Z,391473572.22545900,512891,60920.47590000,172764226.22829700
1738641600000,2025-02-04T04:00:00Z,2810.99000000,2836.68000000,2663.21000000,2703.53000000,263950.45710000,1738655999999,2025-02-04T07:59:59.999000Z,717881024.27784700,880550,120757.28640000,328561082.24387100
1738656000000,2025-02-04T08:00:00Z,2703.54000000,2789.44000000,2677.00000000,2757.99000000,136242.20500000,1738670399999,2025-02-04T11:59:59.999000Z,371723734.90879900,775781,69342.47300000,189223893.16514600
1738670400000,2025-02-04T12:00:00Z,2757.99000000,2846.30000000,2730.18000000,2777.18000000,248591.03390000,1738684799999,2025-02-04T15:59:59.999000Z,695832419.23473400,1015467,126157.45760000,353177273.33586200
1738684800000,2025-02-04T16:00:00Z,2777.18000000,2869.39000000,2765.26000000,2770.60000000,197618.18040000,1738699199999,2025-02-04T19:59:59.999000Z,556171788.94893300,676808,89805.21110000,252823300.26070300
1738699200000,2025-02-04T20:00:00Z,2770.60000000,2794.05000000,2632.60000000,2731.19000000,275180.64370000,1738713599999,2025-02-04T23:59:59.999000Z,744587603.59356800,906091,135969.56660000,367962280.22026200
1738713600000,2025-02-05T00:00:00Z,2731.19000000,2767.78000000,2699.13000000,2720.38000000,115470.35070000,1738727999999,2025-02-05T03:59:59.999000Z,315382395.16259800,625422,52994.42990000,144787757.21820300
1738728000000,2025-02-05T04:00:00Z,2720.38000000,2788.00000000,2709.20000000,2759.31000000,83663.93790000,1738742399999,2025-02-05T07:59:59.999000Z,229899551.12699100,360297,40015.97530000,110006687.94368400
1738742400000,2025-02-05T08:00:00Z,2759.30000000,2817.89000000,2746.85000000,2800.01000000,97829.60170000,1738756799999,2025-02-05T11:59:59.999000Z,271719862.72889500,373289,51706.97330000,143627788.78161000
1738756800000,2025-02-05T12:00:00Z,2800.00000000,2826.95000000,2757.46000000,2773.46000000,145221.65910000,1738771199999,2025-02-05T15:59:59.999000Z,405707983.59475100,679114,64516.24080000,180240967.57644900
1738771200000,2025-02-05T16:00:00Z,2773.45000000,2787.56000000,2715.27000000,2775.49000000,147455.21940000,1738785599999,2025-02-05T19:59:59.999000Z,405605473.52415900,890842,72741.44140000,200098821.53015100
1738785600000,2025-02-05T20:00:00Z,2775.50000000,2803.00000000,2739.49000000,2788.25000000,96952.27410000,1738799999999,2025-02-05T23:59:59.999000Z,268738972.35282900,569325,46016.36490000,127578698.01446200
1738800000000,2025-02-06T00:00:00Z,2788.25000000,2819.51000000,2755.69000000,2806.49000000,90491.02790000,1738814399999,2025-02-06T03:59:59.999000Z,252913046.71511700,595052,45145.85080000,126205106.62815300
1738814400000,2025-02-06T04:00:00Z,2806.50000000,2856.21000000,2805.87000000,2831.32000000,72823.78210000,1738828799999,2025-02-06T07:59:59.999000Z,206322632.90124200,396999,32816.18150000,92957670.25575200
1738828800000,2025-02-06T08:00:00Z,2831.33000000,2857.64000000,2793.05000000,2803.92000000,78819.97060000,1738843199999,2025-02-06T11:59:59.999000Z,223046611.50039100,493259,36377.39080000,102966306.38924900
1738843200000,2025-02-06T12:00:00Z,2803.92000000,2807.77000000,2683.71000000,2705.57000000,201947.98660000,1738857599999,2025-02-06T15:59:59.999000Z,555851734.93986600,921883,88811.83760000,244501822.98897300
1738857600000,2025-02-06T16:00:00Z,2705.57000000,2726.75000000,2672.03000000,2689.57000000,178796.13120000,1738871999999,2025-02-06T19:59:59.999000Z,483212256.37671700,875909,79077.26690000,213727039.46455200
1738872000000,2025-02-06T20:00:00Z,2689.56000000,2725.60000000,2655.28000000,2686.64000000,96581.05870000,1738886399999,2025-02-06T23:59:59.999000Z,260328598.88878600,522580,43580.80160000,117441563.25327800
1738886400000,2025-02-07T00:00:00Z,2686.63000000,2739.61000000,2679.79000000,2715.58000000,84594.29090000,1738900799999,2025-02-07T03:59:59.999000Z,229492692.48885900,566405,39376.96800000,106848178.63516700
1738900800000,2025-02-07T04:00:00Z,2715.58000000,2731.00000000,2668.03000000,2713.07000000,73234.09390000,1738915199999,2025-02-07T07:59:59.999000Z,198174953.85387100,415185,33039.28850000,89387035.77048500
1738915200000,2025-02-07T08:00:00Z,2713.06000000,2764.78000000,2705.56000000,2762.69000000,54688.66340000,1738929599999,2025-02-07T11:59:59.999000Z,149792913.38162600,386018,29723.11460000,81438408.28410600
1738929600000,2025-02-07T12:00:00Z,2762.69000000,2797.50000000,2710.97000000,2721.73000000,186449.80920000,1738943999999,2025-02-07T15:59:59.999000Z,514021874.63345600,796882,88429.58120000,243782268.49299600
1738944000000,2025-02-07T16:00:00Z,2721.74000000,2727.78000000,2655.80000000,2659.30000000,136563.80800000,1738958399999,2025-02-07T19:59:59.999000Z,367308273.49022500,517510,62420.89610000,167951069.31345400
1738958400000,2025-02-07T20:00:00Z,2659.30000000,2661.85000000,2562.51000000,2622.10000000,159936.69580000,1738972799999,2025-02-07T23:59:59.999000Z,416269672.48627500,590698,74228.29040000,193125575.22635800
1738972800000,2025-02-08T00:00:00Z,2622.11000000,2667.30000000,2615.88000000,2641.66000000,92979.21200000,1738987199999,2025-02-08T03:59:59.999000Z,245549189.44351600,506413,41568.31640000,109782895.92443000
1738987200000,2025-02-08T04:00:00Z,2641.67000000,2648.99000000,2594.63000000,2629.61000000,82532.54590000,1739001599999,2025-02-08T07:59:59.999000Z,216438303.64128900,364063,36273.86340000,95154934.07184400
1739001600000,2025-02-08T08:00:00Z,2629.61000000,2632.50000000,2601.40000000,2613.32000000,46191.88630000,1739015999999,2025-02-08T11:59:59.999000Z,120814797.67247700,227222,21123.34330000,55264061.69200000
1739016000000,2025-02-08T12:00:00Z,2613.30000000,2636.90000000,2588.80000000,2605.24000000,64882.54600000,1739030399999,2025-02-08T15:59:59.999000Z,169469228.96074000,313806,32865.04790000,85867233.10454900
1739030400000,2025-02-08T16:00:00Z,2605.24000000,2649.90000000,2589.97000000,2637.89000000,64134.22090000,1739044799999,2025-02-08T19:59:59.999000Z,168293566.15221300,298766,35105.47980000,92108505.92512400
1739044800000,2025-02-08T20:00:00Z,2637.89000000,2645.60000000,2623.78000000,2632.46000000,28964.73980000,1739059199999,2025-02-08T23:59:59.999000Z,76333718.11468000,155136,15470.10840000,40768271.65543700
1739059200000,2025-02-09T00:00:00Z,2632.46000000,2698.90000000,2626.63000000,2678.54000000,57303.11010000,1739073599999,2025-02-09T03:59:59.999000Z,152243930.32584600,327210,31352.02690000,83341929.33963500
1739073600000,2025-02-09T04:00:00Z,2678.53000000,2678.90000000,2649.29000000,2662.59000000,32616.66260000,1739087999999,2025-02-09T07:59:59.999000Z,86866013.24166100,234390,16676.05380000,44413539.54914400
1739088000000,2025-02-09T08:00:00Z,2662.59000000,2673.38000000,2650.99000000,2654.78000000,36834.76820000,1739102399999,2025-02-09T11:59:59.999000Z,98097846.33478400,260073,16629.56260000,44296049.79371200
1739102400000,2025-02-09T12:00:00Z,2654.80000000,2661.81000000,2611.78000000,2653.21000000,62701.19280000,1739116799999,2025-02-09T15:59:59.999000Z,165450643.63443400,407895,29053.56660000,76660261.09076100
1739116800000,2025-02-09T16:00:00Z,2653.22000000,2666.38000000,2616.81000000,2623.89000000,38288.23640000,1739131199999,2025-02-09T19:59:59.999000Z,101140093.41200500,307620,17070.74690000,45112106.42837300
1739131200000,2025-02-09T20:00:00Z,2623.89000000,2649.55000000,2520.02000000,2627.18000000,159422.82100000,1739145599999,2025-02-09T23:59:59.999000Z,412587525.10175500,782722,74532.88050000,193009147.48385200
1739145600000,2025-02-10T00:00:00Z,2627.18000000,2658.60000000,2559.85000000,2625.97000000,124085.11720000,1739159999999,2025-02-10T03:59:59.999000Z,323674760.17220500,704748,62513.58510000,163064698.75990300
1739160000000,2025-02-10T04:00:00Z,2625.97000000,2660.00000000,2618.40000000,2637.03000000,50659.20110000,1739174399999,2025-02-10T07:59:59.999000Z,133528588.42791300,410361,24348.54940000,64197960.14516000
1739174400000,2025-02-10T08:00:00Z,2637.02000000,2662.00000000,2634.84000000,2653.16000000,44469.53440000,1739188799999,2025-02-10T11:59:59.999000Z,117724244.76047500,310110,22111.27260000,58547832.59415100
1739188800000,2025-02-10T12:00:00Z,2653.16000000,2684.55000000,2631.24000000,2658.22000000,79674.81750000,1739203199999,2025-02-10T15:59:59.999000Z,211594129.04306200,579297,38795.29040000,103058304.18113600
1739203200000,2025-02-10T16:00:00Z,2658.21000000,2693.79000000,2650.00000000,2672.28000000,64651.52190000,1739217599999,2025-02-10T19:59:59.999000Z,172801866.30855100,438580,29821.31460000,79719297.63769400
1739217600000,2025-02-10T20:00:00Z,2672.28000000,2686.61000000,2651.74000000,2661.19000000,34633.07950000,1739231999999,2025-02-10T23:59:59.999000Z,92384643.84467400,293504,17433.17940000,46505887.05001600
1739232000000,2025-02-11T00:00:00Z,2661.19000000,2725.04000000,2660.72000000,2678.89000000,74917.79300000,1739246399999,2025-02-11T03:59:59.999000Z,201687516.64168000,465617,39666.84070000,106788279.70464100
1739246400000,2025-02-11T04:00:00Z,2678.89000000,2724.98000000,2676.49000000,2712.15000000,56265.81700000,1739260799999,2025-02-11T07:59:59.999000Z,152320097.27731900,437177,30616.21530000,82866781.20860800
1739260800000,2025-02-11T08:00:00Z,2712.12000000,2720.90000000,2690.24000000,2708.80000000,59949.36250000,1739275199999,2025-02-11T11:59:59.999000Z,162307229.77097700,337002,24998.72830000,67700075.80614700
1739275200000,2025-02-11T12:00:00Z,2708.80000000,2710.29000000,2626.13000000,2662.36000000,87537.49870000,1739289599999,2025-02-11T15:59:59.999000Z,233108614.24041700,566722,43140.54900000,114902348.78096100
1739289600000,2025-02-11T16:00:00Z,2662.35000000,2670.80000000,2580.00000000,2589.70000000,103602.58910000,1739303999999,2025-02-11T19:59:59.999000Z,271649427.70166200,559875,43654.56170000,114544512.14833400
1739304000000,2025-02-11T20:00:00Z,2589.69000000,2631.36000000,2558.24000000,2602.59000000,101923.08320000,1739318399999,2025-02-11T23:59:59.999000Z,265018885.14175000,409615,44297.85600000,115208855.41648700
1739318400000,2025-02-12T00:00:00Z,2602.59000000,2624.36000000,2569.31000000,2587.24000000,51289.71430000,1739332799999,2025-02-12T03:59:59.999000Z,133331655.90499900,390800,25960.09580000,67507188.17529800
1739332800000,2025-02-12T04:00:00Z,2587.23000000,2624.07000000,2577.50000000,2618.63000000,47853.49480000,1739347199999,2025-02-12T07:59:59.999000Z,124551285.10502400,353118,25011.27150000,65110797.17043700
1739347200000,2025-02-12T08:00:00Z,2618.62000000,2639.49000000,2610.78000000,2627.08000000,58319.65110000,1739361599999,2025-02-12T11:59:59.999000Z,153130495.22261700,501152,30355.74540000,79724433.83263400
1739361600000,2025-02-12T12:00:00Z,2627.08000000,2665.16000000,2546.92000000,2606.90000000,231775.83960000,1739375999999,2025-02-12T15:59:59.999000Z,601916382.35341300,1311463,107781.84370000,280062402.61742600
1739376000000,2025-02-12T16:00:00Z,2606.90000000,2683.65000000,2583.18000000,2677.95000000,116993.48900000,1739390399999,2025-02-12T19:59:59.999000Z,310079217.26883200,780357,62666.03280000,166066322.63766200
1739390400000,2025-02-12T20:00:00Z,2677.95000000,2795.45000000,2669.49000000,2738.27000000,140063.70710000,1739404799999,2025-02-12T23:59:59.999000Z,382427903.67824200,853170,73083.63010000,199538775.78523100
1739404800000,2025-02-13T00:00:00Z,2738.27000000,2757.28000000,2716.00000000,2744.00000000,59978.51180000,1739419199999,2025-02-13T03:59:59.999000Z,164196673.15295100,549833,32626.60910000,89321387.15316000
1739419200000,2025-02-13T04:00:00Z,2744.00000000,2745.73000000,2672.03000000,2681.50000000,65437.20350000,1739433599999,2025-02-13T07:59:59.999000Z,176850334.67380200,547778,27550.52550000,74505688.65009300
1739433600000,2025-02-13T08:00:00Z,2681.51000000,2688.43000000,2650.65000000,2656.19000000,67087.39300000,1739447999999,2025-02-13T11:59:59.999000Z,179216372.52988500,496493,29882.25070000,79843311.43088600
1739448000000,2025-02-13T12:00:00Z,2656.18000000,2677.77000000,2616.04000000,2647.95000000,129821.57490000,1739462399999,2025-02-13T15:59:59.999000Z,343897277.95332900,833697,61159.47220000,162024366.38841700
1739462400000,2025-02-13T16:00:00Z,2647.96000000,2662.17000000,2612.76000000,2640.94000000,82110.62840000,1739476799999,2025-02-13T19:59:59.999000Z,216359792.79826600,546446,45650.59750000,120274629.29682200
1739476800000,2025-02-13T20:00:00Z,2640.94000000,2679.99000000,2640.50000000,2675.87000000,39333.97370000,1739491199999,2025-02-13T23:59:59.999000Z,104780936.71619000,239587,20918.19080000,55713655.51672000
1739491200000,2025-02-14T00:00:00Z,2675.87000000,2721.40000000,2664.46000000,2715.39000000,46515.51770000,1739505599999,2025-02-14T03:59:59.999000Z,125143348.12760500,307682,25358.17440000,68252282.52787500
1739505600000,2025-02-14T04:00:00Z,2715.39000000,2716.20000000,2689.43000000,2699.42000000,45766.29900000,1739519999999,2025-02-14T07:59:59.999000Z,123622321.32306800,231200,21570.82430000,58272272.33138800
1739520000000,2025-02-14T08:00:00Z,2699.41000000,2716.48000000,2682.42000000,2684.81000000,70491.03280000,1739534399999,2025-02-14T11:59:59.999000Z,190656227.16357100,379872,39566.65090000,107016861.33891700
1739534400000,2025-02-14T12:00:00Z,2684.80000000,2747.39000000,2677.43000000,2734.33000000,88731.91400000,1739548799999,2025-02-14T15:59:59.999000Z,240394234.20592400,625663,49116.94320000,133116923.96723600
1739548800000,2025-02-14T16:00:00Z,2734.33000000,2791.78000000,2709.61000000,2738.00000000,116442.08600000,1739563199999,2025-02-14T19:59:59.999000Z,321207092.97210100,730149,63061.20270000,174009451.83624500
1739563200000,2025-02-14T20:00:00Z,2738.00000000,2751.10000000,2706.00000000,2725.95000000,51948.93670000,1739577599999,2025-02-14T23:59:59.999000Z,141854594.25163400,371028,24234.98460000,66190860.13784400
1739577600000,2025-02-15T00:00:00Z,2725.95000000,2739.00000000,2703.99000000,2724.40000000,38406.65040000,1739591999999,2025-02-15T03:59:59.999000Z,104508835.05213800,312371,16078.91530000,43774726.22323500
1739592000000,2025-02-15T04:00:00Z,2724.41000000,2733.60000000,2694.00000000,2697.66000000,28365.39720000,1739606399999,2025-02-15T07:59:59.999000Z,76934575.77794500,252547,13611.42250000,36925425.32289800
1739606400000,2025-02-15T08:00:00Z,2697.65000000,2715.10000000,2695.70000000,2708.37000000,31229.70600000,1739620799999,2025-02-15T11:59:59.999000Z,84482952.72123800,258377,14018.78300000,37922989.81108800
1739620800000,2025-02-15T12:00:00Z,2708.37000000,2713.99000000,2662.28000000,2691.05000000,51483.78740000,1739635199999,2025-02-15T15:59:59.999000Z,138612154.68486100,383475,21680.81580000,58375777.99981700
1739635200000,2025-02-15T16:00:00Z,2691.05000000,2707.93000000,2679.00000000,2691.59000000,29841.03500000,1739649599999,2025-02-15T19:59:59.999000Z,80348082.49701200,280231,13646.00580000,36748586.05156600
1739649600000,2025-02-15T20:00:00Z,2691.60000000,2704.00000000,2679.16000000,2693.04000000,23644.85350000,1739663999999,2025-02-15T23:59:59.999000Z,63667579.48912900,191501,11774.37550000,31716407.16486400
1739664000000,2025-02-16T00:00:00Z,2693.04000000,2705.98000000,2687.71000000,2698.73000000,18133.51350000,1739678399999,2025-02-16T03:59:59.999000Z,48886043.72521600,176580,9285.43380000,25036458.18319700
1739678400000,2025-02-16T04:00:00Z,2698.73000000,2727.31000000,2690.56000000,2695.59000000,30078.28680000,1739692799999,2025-02-16T07:59:59.999000Z,81432352.43863500,214314,13182.18160000,35696401.38099500
1739692800000,2025-02-16T08:00:00Z,2695.59000000,2713.00000000,2689.49000000,2710.99000000,31255.48980000,1739707199999,2025-02-16T11:59:59.999000Z,84431538.08542000,218502,14241.06840000,38471629.66080100
1739707200000,2025-02-16T12:00:00Z,2710.99000000,2712.49000000,2676.73000000,2694.20000000,36990.71670000,1739721599999,2025-02-16T15:59:59.999000Z,99653358.85506500,282939,16490.72340000,44437624.83672600
1739721600000,2025-02-16T16:00:00Z,2694.21000000,2703.46000000,2659.10000000,2683.47000000,38553.78360000,1739735999999,2025-02-16T19:59:59.999000Z,103407853.90662800,278944,18116.64920000,48596200.62020100
1739736000000,2025-02-16T20:00:00Z,2683.46000000,2689.13000000,2651.26000000,2661.41000000,36219.74100000,1739750399999,2025-02-16T23:59:59.999000Z,96670948.16331900,278605,18117.34910000,48361236.13047200
1739750400000,2025-02-17T00:00:00Z,2661.41000000,2684.00000000,2658.00000000,2671.88000000,34706.99050000,1739764799999,2025-02-17T03:59:59.999000Z,92626013.08464700,233080,16781.74690000,44789590.93384200
1739764800000,2025-02-17T04:00:00Z,2671.89000000,2695.27000000,2637.71000000,2681.59000000,95908.24920000,1739779199999,2025-02-17T07:59:59.999000Z,255792243.84701200,375022,44386.36120000,118468708.89590100
1739779200000,2025-02-17T08:00:00Z,2681.59000000,2774.98000000,2676.29000000,2755.20000000,133143.93770000,1739793599999,2025-02-17T11:59:59.999000Z,363803823.57628900,789745,77975.58000000,212875750.04081200
1739793600000,2025-02-17T12:00:00Z,2755.20000000,2849.70000000,2746.10000000,2755.72000000,201274.63210000,1739807999999,2025-02-17T15:59:59.999000Z,562635988.71212600,1027294,104798.18890000,293063513.21560000
1739808000000,2025-02-17T16:00:00Z,2755.71000000,2765.79000000,2686.91000000,2717.72000000,124486.49260000,1739822399999,2025-02-17T19:59:59.999000Z,339542167.76198600,968480,58747.11730000,160287958.40295900
1739822400000,2025-02-17T20:00:00Z,2717.72000000,2778.15000000,2716.54000000,2744.05000000,50219.51760000,1739836799999,2025-02-17T23:59:59.999000Z,137988450.82354900,487971,27261.38080000,74913716.11097500
1739836800000,2025-02-18T00:00:00Z,2744.05000000,2756.93000000,2707.50000000,2712.08000000,53866.08280000,1739851199999,2025-02-18T03:59:59.999000Z,146770146.65271100,463350,23153.73840000,63106049.55986800
1739851200000,2025-02-18T04:00:00Z,2712.07000000,2718.09000000,2652.17000000,2672.51000000,144898.43150000,1739865599999,2025-02-18T07:59:59.999000Z,387838936.85446400,833515,60987.39070000,163269231.19574300
1739865600000,2025-02-18T08:00:00Z,2672.51000000,2706.12000000,2653.40000000,2679.26000000,88680.24520000,1739879999999,2025-02-18T11:59:59.999000Z,237756328.86917900,546569,44558.51160000,119540691.27758400
1739880000000,2025-02-18T12:00:00Z,2679.26000000,2732.80000000,2660.00000000,2673.70000000,114342.87650000,1739894399999,2025-02-18T15:59:59.999000Z,307895137.81866900,848480,58373.19920000,157236929.40560400
1739894400000,2025-02-18T16:00:00Z,2673.70000000,2684.63000000,2605.44000000,2630.37000000,139482.66420000,1739908799999,2025-02-18T19:59:59.999000Z,367618330.77508700,818009,65114.10120000,171603464.44362200
1739908800000,2025-02-18T20:00:00Z,2630.38000000,2672.40000000,2618.00000000,2671.99000000,63593.57350000,1739923199999,2025-02-18T23:59:59.999000Z,168274748.04860700,388233,33321.92830000,88208076.50343200
1739923200000,2025-02-19T00:00:00Z,2672.00000000,2700.00000000,2656.03000000,2694.02000000,48256.71030000,1739937599999,2025-02-19T03:59:59.999000Z,129245451.04864500,346243,24061.12570000,64456694.52778100
1739937600000,2025-02-19T04:00:00Z,2694.02000000,2717.34000000,2664.54000000,2708.38000000,56191.05680000,1739951999999,2025-02-19T07:59:59.999000Z,151228619.58336500,379669,27600.67620000,74323846.23142600
1739952000000,2025-02-19T08:00:00Z,2708.39000000,2736.70000000,2703.99000000,2726.93000000,61785.43390000,1739966399999,2025-02-19T11:59:59.999000Z,168168970.33819000,339932,33126.92750000,90167762.32708100
1739966400000,2025-02-19T12:00:00Z,2726.93000000,2731.16000000,2677.51000000,2696.99000000,71752.31370000,1739980799999,2025-02-19T15:59:59.999000Z,194160707.88957600,521051,34159.94680000,92437688.11257400
1739980800000,2025-02-19T16:00:00Z,2696.99000000,2724.29000000,2694.78000000,2712.03000000,47648.09950000,1739995199999,2025-02-19T19:59:59.999000Z,129027226.45785300,421477,22460.02470000,60836172.83916700
1739995200000,2025-02-19T20:00:00Z,2712.03000000,2734.37000000,2706.02000000,2715.50000000,40520.40600000,1740009599999,2025-02-19T23:59:59.999000Z,110216210.81430400,367632,22196.17580000,60378996.29443000
1740009600000,2025-02-20T00:00:00Z,2715.51000000,2751.50000000,2709.69000000,2741.77000000,50953.06860000,1740023999999,2025-02-20T03:59:59.999000Z,139142855.35012900,327481,25538.34690000,69757503.23773700
1740024000000,2025-02-20T04:00:00Z,2741.77000000,2758.68000000,2722.23000000,2730.22000000,50511.39380000,1740038399999,2025-02-20T07:59:59.999000Z,138120249.38064600,227442,23527.52600000,64353755.73019300
1740038400000,2025-02-20T08:00:00Z,2730.23000000,2746.99000000,2725.28000000,2740.71000000,33327.60540000,1740052799999,2025-02-20T11:59:59.999000Z,91166441.84842100,197285,17290.48530000,47303321.85615300
1740052800000,2025-02-20T12:00:00Z,2740.70000000,2770.59000000,2707.33000000,2712.60000000,96259.52990000,1740067199999,2025-02-20T15:59:59.999000Z,263910957.94296100,557319,48524.83420000,133142363.55325500
1740067200000,2025-02-20T16:00:00Z,2712.60000000,2767.93000000,2707.18000000,2747.77000000,72800.28850000,1740081599999,2025-02-20T19:59:59.999000Z,199040549.42348000,492439,38438.64630000,105088878.44142100
1740081600000,2025-02-20T20:00:00Z,2747.77000000,2761.06000000,2722.20000000,2738.04000000,32883.36820000,1740095999999,2025-02-20T23:59:59.999000Z,90095385.40930000,294097,17195.82800000,47110386.38247700
1740096000000,2025-02-21T00:00:00Z,2738.04000000,2749.49000000,2726.00000000,2744.20000000,32255.62410000,1740110399999,2025-02-21T03:59:59.999000Z,88365212.53296500,271152,16033.79410000,43927746.09670100
1740110400000,2025-02-21T04:00:00Z,2744.20000000,2769.56000000,2744.19000000,2756.32000000,44085.00980000,1740124799999,2025-02-21T07:59:59.999000Z,121529040.71745000,273548,22386.96450000,61719060.35049200
1740124800000,2025-02-21T08:00:00Z,2756.31000000,2831.71000000,2747.74000000,2788.73000000,101826.53570000,1740139199999,2025-02-21T11:59:59.999000Z,284322570.95275800,578959,50515.56630000,141039659.39855500
1740139200000,2025-02-21T12:00:00Z,2788.73000000,2845.32000000,2675.02000000,2723.31000000,273746.59730000,1740153599999,2025-02-21T15:59:59.999000Z,758966586.03231600,1151223,135135.78700000,375045276.72488000
1740153600000,2025-02-21T16:00:00Z,2723.30000000,2769.88000000,2625.94000000,2640.19000000,328655.23540000,1740167999999,2025-02-21T19:59:59.999000Z,885698041.93580600,1073185,146720.74920000,395640510.13442500
1740168000000,2025-02-21T20:00:00Z,2640.20000000,2664.00000000,2616.72000000,2663.00000000,109871.05810000,1740182399999,2025-02-21T23:59:59.999000Z,290425183.00593900,524134,58086.87340000,153609496.70974000
1740182400000,2025-02-22T00:00:00Z,2663.00000000,2688.97000000,2653.33000000,2675.37000000,88626.39320000,1740196799999,2025-02-22T03:59:59.999000Z,237183231.63782500,478613,54332.95050000,145411058.01387600
1740196800000,2025-02-22T04:00:00Z,2675.37000000,2697.10000000,2673.00000000,2684.56000000,35257.95960000,1740211199999,2025-02-22T07:59:59.999000Z,94708523.51556200,289967,20319.56710000,54586407.56871100
1740211200000,2025-02-22T08:00:00Z,2684.55000000,2753.59000000,2676.80000000,2732.99000000,136897.97720000,1740225599999,2025-02-22T11:59:59.999000Z,372728533.69531400,519198,82272.86090000,223966995.43001600
1740225600000,2025-02-22T12:00:00Z,2733.00000000,2785.91000000,2722.15000000,2775.68000000,64983.53700000,1740239999999,2025-02-22T15:59:59.999000Z,178410711.59262000,463993,31903.99260000,87670414.04926600
1740240000000,2025-02-22T16:00:00Z,2775.67000000,2798.07000000,2756.37000000,2770.09000000,89040.96750000,1740254399999,2025-02-22T19:59:59.999000Z,247472419.95783800,603227,44351.81180000,123272954.66634900
1740254400000,2025-02-22T20:00:00Z,2770.10000000,2778.14000000,2759.39000000,2763.22000000,30182.83240000,1740268799999,2025-02-22T23:59:59.999000Z,83556091.50077600,242170,15206.59430000,42100462.84577800
1740268800000,2025-02-23T00:00:00Z,2763.23000000,2775.88000000,2745.41000000,2752.77000000,39782.81420000,1740283199999,2025-02-23T03:59:59.999000Z,109746098.83803900,307770,17891.82710000,49355771.56423400
1740283200000,2025-02-23T04:00:00Z,2752.76000000,2829.98000000,2746.17000000,2825.20000000,108629.05360000,1740297599999,2025-02-23T07:59:59.999000Z,303554959.13708000,524107,66859.79560000,186844265.40305000
1740297600000,2025-02-23T08:00:00Z,2825.20000000,2831.58000000,2783.20000000,2797.48000000,98860.10410000,1740311999999,2025-02-23T11:59:59.999000Z,277605997.71118300,419894,44401.59130000,124708402.58070300
1740312000000,2025-02-23T12:00:00Z,2797.48000000,2827.00000000,2773.48000000,2783.00000000,155759.84020000,1740326399999,2025-02-23T15:59:59.999000Z,436002328.58413500,658555,73939.32390000,206990645.03595600
1740326400000,2025-02-23T16:00:00Z,2783.00000000,2824.00000000,2782.38000000,2807.97000000,117626.03890000,1740340799999,2025-02-23T19:59:59.999000Z,330583283.71797800,462466,71239.64090000,200242159.65263800
1740340800000,2025-02-23T20:00:00Z,2807.97000000,2857.34000000,2784.01000000,2819.69000000,90344.27120000,1740355199999,2025-02-23T23:59:59.999000Z,254357197.83063100,423714,47293.15890000,133266407.84841200
1740355200000,2025-02-24T00:00:00Z,2819.70000000,2839.95000000,2711.80000000,2718.08000000,132389.56420000,1740369599999,2025-02-24T03:59:59.999000Z,367643044.04994400,801274,56490.55820000,156859222.01065100
1740369600000,2025-02-24T04:00:00Z,2718.08000000,2735.78000000,2691.49000000,2722.01000000,121962.02260000,1740383999999,2025-02-24T07:59:59.999000Z,331149135.49818700,630661,60034.62440000,163130753.24803300
1740384000000,2025-02-24T08:00:00Z,2722.02000000,2722.40000000,2663.03000000,2689.99000000,104336.85070000,1740398399999,2025-02-24T11:59:59.999000Z,280550740.85530900,629184,48089.80790000,129313394.98330800
1740398400000,2025-02-24T12:00:00Z,2690.00000000,2696.63000000,2636.33000000,2658.77000000,146891.45520000,1740412799999,2025-02-24T15:59:59.999000Z,391779656.28235000,781945,66220.00560000,176669604.33590100
1740412800000,2025-02-24T16:00:00Z,2658.77000000,2682.42000000,2623.12000000,2641.26000000,112927.43680000,1740427199999,2025-02-24T19:59:59.999000Z,300096058.96934900,673329,55847.50290000,148526669.59561900
1740427200000,2025-02-24T20:00:00Z,2641.30000000,2663.90000000,2470.33000000,2513.52000000,258369.04120000,1740441599999,2025-02-24T23:59:59.999000Z,663353513.00681600,1221510,124893.16680000,320602884.58958900
1740441600000,2025-02-25T00:00:00Z,2513.52000000,2530.60000000,2458.27000000,2495.21000000,211165.37010000,1740455999999,2025-02-25T03:59:59.999000Z,527466288.37748400,1450343,105262.64170000,263012056.06161000
1740456000000,2025-02-25T04:00:00Z,2495.22000000,2512.90000000,2313.49000000,2368.11000000,376091.62020000,1740470399999,2025-02-25T07:59:59.999000Z,905960761.12482400,1489650,186527.25000000,449322509.38943100
1740470400000,2025-02-25T08:00:00Z,2368.12000000,2439.50000000,2357.05000000,2433.69000000,255323.81980000,1740484799999,2025-02-25T11:59:59.999000Z,611004126.40133500,1358676,127229.85220000,304579105.32234700
1740484800000,2025-02-25T12:00:00Z,2433.70000000,2448.95000000,2361.89000000,2409.80000000,250071.35920000,1740499199999,2025-02-25T15:59:59.999000Z,600501580.75863000,1228816,122550.98020000,294268805.48991100
1740499200000,2025-02-25T16:00:00Z,2409.80000000,2473.59000000,2383.40000000,2471.91000000,135745.52990000,1740513599999,2025-02-25T19:59:59.999000Z,328848595.83740500,965561,66959.39180000,162182418.84733700
1740513600000,2025-02-25T20:00:00Z,2471.90000000,2533.49000000,2457.59000000,2495.70000000,93619.17260000,1740527999999,2025-02-25T23:59:59.999000Z,233994762.28278500,583599,46894.10110000,117198131.26112300
1740528000000,2025-02-26T00:00:00Z,2495.69000000,2507.50000000,2471.80000000,2490.60000000,62969.47290000,1740542399999,2025-02-26T03:59:59.999000Z,156740187.76282600,528634,26941.37530000,67062929.49683800
1740542400000,2025-02-26T04:00:00Z,2490.61000000,2506.40000000,2475.20000000,2483.81000000,64151.97400000,1740556799999,2025-02-26T07:59:59.999000Z,159788687.66604300,455452,28705.26700000,71514233.31983700
1740556800000,2025-02-26T08:00:00Z,2483.81000000,2496.25000000,2457.77000000,2464.79000000,93766.33550000,1740571199999,2025-02-26T11:59:59.999000Z,232324571.63768600,529676,50435.41380000,124992944.81503700
1740571200000,2025-02-26T12:00:00Z,2464.80000000,2466.81000000,2370.00000000,2428.47000000,166356.93740000,1740585599999,2025-02-26T15:59:59.999000Z,402949388.27878100,1193813,80178.74330000,194246896.21009500
1740585600000,2025-02-26T16:00:00Z,2428.50000000,2434.20000000,2266.10000000,2296.29000000,278352.19160000,1740599999999,2025-02-26T19:59:59.999000Z,649012708.34004800,1524064,124289.43230000,289669443.75793200
1740600000000,2025-02-26T20:00:00Z,2296.30000000,2383.37000000,2253.77000000,2336.37000000,197490.30190000,1740614399999,2025-02-26T23:59:59.999000Z,458344743.36538900,1264333,98058.72430000,227698928.82181600
1740614400000,2025-02-27T00:00:00Z,2336.38000000,2370.90000000,2315.85000000,2332.11000000,90991.58060000,1740628799999,2025-02-27T03:59:59.999000Z,213055421.02172500,945116,44789.03640000,104898751.64155000
1740628800000,2025-02-27T04:00:00Z,2332.11000000,2373.20000000,2303.22000000,2356.13000000,111823.42300000,1740643199999,2025-02-27T07:59:59.999000Z,261236951.13088300,622274,48788.54750000,113994016.33953800
1740643200000,2025-02-27T08:00:00Z,2356.13000000,2381.60000000,2343.41000000,2353.82000000,77842.74180000,1740657599999,2025-02-27T11:59:59.999000Z,183873338.00635600,456934,32480.81010000,76747438.81112000
1740657600000,2025-02-27T12:00:00Z,2353.83000000,2362.35000000,2290.78000000,2323.31000000,129970.06480000,1740671999999,2025-02-27T15:59:59.999000Z,303140664.59513100,679672,60293.44340000,140649066.54042500
1740672000000,2025-02-27T16:00:00Z,2323.31000000,2337.50000000,2278.79000000,2292.41000000,105527.07940000,1740686399999,2025-02-27T19:59:59.999000Z,244040376.67430700,573234,48688.55630000,112609566.00280200
1740686400000,2025-02-27T20:00:00Z,2292.41000000,2311.52000000,2230.57000000,2307.72000000,121429.02100000,1740700799999,2025-02-27T23:59:59.999000Z,275502573.11224400,629673,62696.52170000,142331161.10345600
1740700800000,2025-02-28T00:00:00Z,2307.72000000,2314.18000000,2123.63000000,2147.49000000,410729.03660000,1740715199999,2025-02-28T03:59:59.999000Z,901016231.42301700,1522155,180490.52240000,395832089.69566700
1740715200000,2025-02-28T04:00:00Z,2147.49000000,2156.00000000,2076.26000000,2106.20000000,304572.76630000,1740729599999,2025-02-28T07:59:59.999000Z,644382840.51642700,1394814,148549.22200000,314394163.10923500
1740729600000,2025-02-28T08:00:00Z,2106.21000000,2151.94000000,2076.26000000,2125.80000000,164223.01440000,1740743999999,2025-02-28T11:59:59.999000Z,348098315.10832800,801681,85086.54620000,180382770.09838900
1740744000000,2025-02-28T12:00:00Z,2125.80000000,2228.64000000,2105.38000000,2223.01000000,234321.30190000,1740758399999,2025-02-28T15:59:59.999000Z,506267833.76651800,1017507,121263.37390000,262123942.36237500
1740758400000,2025-02-28T16:00:00Z,2223.00000000,2255.13000000,2193.40000000,2230.15000000,120716.90750000,1740772799999,2025-02-28T19:59:59.999000Z,268385213.59377400,632397,61842.98360000,137550776.05925700
1740772800000,2025-02-28T20:00:00Z,2230.14000000,2239.69000000,2198.51000000,2237.59000000,56976.02900000,1740787199999,2025-02-28T23:59:59.999000Z,126396007.31882000,340002,27797.88060000,61656654.43984900
1740787200000,2025-03-01T00:00:00Z,2237.59000000,2275.61000000,2213.33000000,2262.98000000,76171.72950000,1740801599999,2025-03-01T03:59:59.999000Z,171341092.08552100,497798,39612.77940000,89182186.41533300
1740801600000,2025-03-01T04:00:00Z,2262.98000000,2281.14000000,2224.20000000,2229.24000000,78968.18090000,1740815999999,2025-03-01T07:59:59.999000Z,177929061.25346100,389839,38463.22800000,86658491.62485600
1740816000000,2025-03-01T08:00:00Z,2229.25000000,2239.77000000,2171.41000000,2184.42000000,76803.11090000,1740830399999,2025-03-01T11:59:59.999000Z,169784305.97580600,377146,34879.99750000,77149223.40254800
1740830400000,2025-03-01T12:00:00Z,2184.43000000,2187.70000000,2142.73000000,2173.29000000,87634.57790000,1740844799999,2025-03-01T15:59:59.999000Z,189765630.30007000,496253,38387.32880000,83123369.32416200
1740844800000,2025-03-01T16:00:00Z,2173.30000000,2234.60000000,2169.40000000,2223.31000000,67008.33490000,1740859199999,2025-03-01T19:59:59.999000Z,147467655.15805800,430164,32484.71340000,71511150.00917200
1740859200000,2025-03-01T20:00:00Z,2223.31000000,2235.99000000,2191.10000000,2217.39000000,59844.79300000,1740873599999,2025-03-01T23:59:59.999000Z,132653716.65744500,320639,25368.81340000,56248572.99967800
1740873600000,2025-03-02T00:00:00Z,2217.40000000,2230.82000000,2201.10000000,2220.18000000,64784.65560000,1740887999999,2025-03-02T03:59:59.999000Z,143622362.18224800,406030,26919.01030000,59688743.86864500
1740888000000,2025-03-02T04:00:00Z,2220.19000000,2235.60000000,2218.20000000,2221.40000000,43328.63850000,1740902399999,2025-03-02T07:59:59.999000Z,96461431.36853600,287065,16081.86780000,35811140.44686200
1740902400000,2025-03-02T08:00:00Z,2221.40000000,2260.84000000,2208.06000000,2238.88000000,91437.40900000,1740916799999,2025-03-02T11:59:59.999000Z,204258748.09952600,402557,45622.03810000,101951235.54535200
1740916800000,2025-03-02T12:00:00Z,2238.88000000,2291.76000000,2172.04000000,2229.51000000,238909.06380000,1740931199999,2025-03-02T15:59:59.999000Z,533322437.83488800,1018229,116586.36670000,260439019.60618300
1740931200000,2025-03-02T16:00:00Z,2229.51000000,2518.00000000,2212.35000000,2486.42000000,673710.48440000,1740945599999,2025-03-02T19:59:59.999000Z,1634742236.48639800,2153060,347961.33400000,843604679.90626900
1740945600000,2025-03-02T20:00:00Z,2486.42000000,2550.58000000,2480.19000000,2518.11000000,154514.52350000,1740959999999,2025-03-02T23:59:59.999000Z,388808341.63209100,710451,74356.68480000,187158160.02945700
1740960000000,2025-03-03T00:00:00Z,2518.12000000,2523.56000000,2418.67000000,2441.15000000,126059.24990000,1740974399999,2025-03-03T03:59:59.999000Z,310121534.63079400,596953,53797.96510000,132278292.92998300
1740974400000,2025-03-03T04:00:00Z,2441.16000000,2457.25000000,2352.79000000,2387.01000000,116668.35940000,1740988799999,2025-03-03T07:59:59.999000Z,280613727.69544800,530821,51477.47110000,123879328.00305100
1740988800000,2025-03-03T08:00:00Z,2387.01000000,2388.11000000,2322.01000000,2356.16000000,106661.59460000,1741003199999,2025-03-03T11:59:59.999000Z,250849279.77067500,637403,47726.42080000,112257594.36700300
1741003200000,2025-03-03T12:00:00Z,2356.15000000,2389.00000000,2266.97000000,2287.24000000,233661.83710000,1741017599999,2025-03-03T15:59:59.999000Z,542991660.78415000,1058823,110352.78380000,256378080.82560100
1741017600000,2025-03-03T16:00:00Z,2287.30000000,2297.00000000,2100.00000000,2109.88000000,321208.04720000,1741031999999,2025-03-03T19:59:59.999000Z,707269472.60800300,1300481,142997.45740000,315045527.60929400
1741032000000,2025-03-03T20:00:00Z,2109.87000000,2173.29000000,2097.91000000,2149.01000000,205306.11210000,1741046399999,2025-03-03T23:59:59.999000Z,437500330.42041500,844876,104136.16700000,221922083.31822500
1741046400000,2025-03-04T00:00:00Z,2149.02000000,2167.18000000,2002.81000000,2074.89000000,381379.44720000,1741060799999,2025-03-04T03:59:59.999000Z,790505543.05742700,1490451,167776.45850000,347369710.96729500
1741060800000,2025-03-04T04:00:00Z,2074.89000000,2122.12000000,2068.34000000,2080.41000000,100105.77090000,1741075199999,2025-03-04T07:59:59.999000Z,209500068.79487000,633974,50891.53040000,106532000.90478900
1741075200000,2025-03-04T08:00:00Z,2080.42000000,2118.00000000,2071.03000000,2101.36000000,83425.97670000,1741089599999,2025-03-04T11:59:59.999000Z,174860610.28536500,515889,47090.67300000,98705627.20655800
1741089600000,2025-03-04T12:00:00Z,2101.38000000,2158.32000000,2025.62000000,2074.49000000,282620.19850000,1741103999999,2025-03-04T15:59:59.999000Z,589633403.56388700,1348152,132858.60770000,277435506.42427300
1741104000000,2025-03-04T16:00:00Z,2074.49000000,2174.72000000,1993.20000000,2172.65000000,263372.47710000,1741118399999,2025-03-04T19:59:59.999000Z,550548717.86103300,1226899,131899.68650000,276006402.44230800
1741118400000,2025-03-04T20:00:00Z,2172.63000000,2221.88000000,2126.06000000,2171.51000000,146918.46680000,1741132799999,2025-03-04T23:59:59.999000Z,319436864.69718900,641597,65664.07390000,142861218.11508000
1741132800000,2025-03-05T00:00:00Z,2171.50000000,2192.75000000,2155.03000000,2160.89000000,75779.26250000,1741147199999,2025-03-05T03:59:59.999000Z,164737330.26381000,571504,32513.45370000,70692121.40237100
1741147200000,2025-03-05T04:00:00Z,2160.90000000,2213.13000000,2156.15000000,2207.00000000,74065.48630000,1741161599999,2025-03-05T07:59:59.999000Z,161510154.38607800,428500,32149.37550000,70193051.63538300
1741161600000,2025-03-05T08:00:00Z,2207.00000000,2273.51000000,2204.61000000,2217.72000000,157942.13430000,1741175999999,2025-03-05T11:59:59.999000Z,353619972.95148000,757974,80102.18340000,179362216.91922100
1741176000000,2025-03-05T12:00:00Z,2217.72000000,2232.81000000,2166.48000000,2186.82000000,197537.54520000,1741190399999,2025-03-05T15:59:59.999000Z,433619090.00510400,869477,92497.49350000,203071277.03421000
1741190400000,2025-03-05T16:00:00Z,2186.81000000,2222.99000000,2161.78000000,2218.30000000,119024.49280000,1741204799999,2025-03-05T19:59:59.999000Z,260918574.04238100,571118,59432.90880000,130311338.59496600
1741204800000,2025-03-05T20:00:00Z,2218.30000000,2252.86000000,2214.12000000,2241.59000000,62781.86860000,1741219199999,2025-03-05T23:59:59.999000Z,140132011.15854000,282320,29908.59230000,66782247.44487600
1741219200000,2025-03-06T00:00:00Z,2241.59000000,2296.31000000,2234.07000000,2289.79000000,105010.74090000,1741233599999,2025-03-06T03:59:59.999000Z,237896078.60610700,609183,55410.42070000,125552840.45876400
1741233600000,2025-03-06T04:00:00Z,2289.79000000,2319.99000000,2275.91000000,2286.00000000,70371.84270000,1741247999999,2025-03-06T07:59:59.999000Z,161804833.55968700,433691,35492.50560000,81651528.38206800
1741248000000,2025-03-06T08:00:00Z,2285.99000000,2305.68000000,2276.77000000,2297.59000000,52141.95580000,1741262399999,2025-03-06T11:59:59.999000Z,119504865.12500500,380458,24620.06940000,56446596.16900400
1741262400000,2025-03-06T12:00:00Z,2297.59000000,2298.90000000,2208.60000000,2257.49000000,191161.42810000,1741276799999,2025-03-06T15:59:59.999000Z,430186382.52381900,873648,98736.96880000,222208684.05761800
1741276800000,2025-03-06T16:00:00Z,2257.50000000,2265.70000000,2176.90000000,2198.34000000,112488.43740000,1741291199999,2025-03-06T19:59:59.999000Z,248756710.99987000,636467,54866.63310000,121344807.54602300
1741291200000,2025-03-06T20:00:00Z,2198.35000000,2229.40000000,2192.30000000,2202.20000000,65733.98860000,1741305599999,2025-03-06T23:59:59.999000Z,145259051.54470000,371526,35075.22800000,77517000.87706900
1741305600000,2025-03-07T00:00:00Z,2202.21000000,2227.39000000,2101.82000000,2147.89000000,241562.39740000,1741319999999,2025-03-07T03:59:59.999000Z,519558985.74486300,1219311,110496.86090000,237647954.84689000
1741320000000,2025-03-07T04:00:00Z,2147.90000000,2193.39000000,2144.59000000,2192.41000000,47011.21690000,1741334399999,2025-03-07T07:59:59.999000Z,102080478.64716900,346983,26370.30890000,57256432.03886700
1741334400000,2025-03-07T08:00:00Z,2192.41000000,2210.80000000,2177.15000000,2197.49000000,48544.82080000,1741348799999,2025-03-07T11:59:59.999000Z,106517315.90636700,346310,23610.97550000,51808384.57397900
1741348800000,2025-03-07T12:00:00Z,2197.49000000,2258.47000000,2165.79000000,2209.68000000,184203.36840000,1741363199999,2025-03-07T15:59:59.999000Z,406717225.09396900,1041855,94829.60300000,209423656.29074300
1741363200000,2025-03-07T16:00:00Z,2209.67000000,2215.49000000,2141.53000000,2178.34000000,137449.48870000,1741377599999,2025-03-07T19:59:59.999000Z,298632683.51916100,863496,70058.13170000,152207635.82398600
1741377600000,2025-03-07T20:00:00Z,2178.33000000,2186.96000000,2115.00000000,2141.60000000,123615.96840000,1741391999999,2025-03-07T23:59:59.999000Z,264952803.32780100,634310,59076.74820000,126650973.78692100
1741392000000,2025-03-08T00:00:00Z,2141.60000000,2156.00000000,2105.06000000,2137.80000000,49887.27690000,1741406399999,2025-03-08T03:59:59.999000Z,106371791.07653100,378802,23791.05730000,50752583.10455500
1741406400000,2025-03-08T04:00:00Z,2137.80000000,2152.69000000,2131.40000000,2137.88000000,26053.34460000,1741420799999,2025-03-08T07:59:59.999000Z,55830529.24783100,232233,13293.73740000,28496815.66266500
1741420800000,2025-03-08T08:00:00Z,2137.89000000,2143.50000000,2126.66000000,2141.95000000,32120.71560000,1741435199999,2025-03-08T11:59:59.999000Z,68544036.20615500,260065,14949.11720000,31905296.03417300
1741435200000,2025-03-08T12:00:00Z,2141.95000000,2198.86000000,2138.10000000,2181.40000000,89601.17820000,1741449599999,2025-03-08T15:59:59.999000Z,194898032.13238300,507059,48043.94480000,104468058.23579400
1741449600000,2025-03-08T16:00:00Z,2181.40000000,2234.93000000,2161.14000000,2224.60000000,96299.84980000,1741463999999,2025-03-08T19:59:59.999000Z,212145589.64078600,519786,49153.55250000,108254601.45959300
1741464000000,2025-03-08T20:00:00Z,2224.61000000,2225.99000000,2193.20000000,2203.58000000,34830.73280000,1741478399999,2025-03-08T23:59:59.999000Z,76953044.10666100,220861,16177.25160000,35738760.31844300
1741478400000,2025-03-09T00:00:00Z,2203.57000000,2212.00000000,2176.14000000,2186.01000000,31680.27670000,1741492799999,2025-03-09T03:59:59.999000Z,69478979.26818900,243981,13994.99390000,30696777.88648500
1741492800000,2025-03-09T04:00:00Z,2186.00000000,2197.10000000,2171.84000000,2185.07000000,28504.22590000,1741507199999,2025-03-09T07:59:59.999000Z,62264794.96086800,185589,15839.88520000,34619203.53884900
1741507200000,2025-03-09T08:00:00Z,2185.07000000,2187.68000000,2128.43000000,2146.70000000,55551.96300000,1741521599999,2025-03-09T11:59:59.999000Z,119836975.32851500,310401,25630.37200000,55303834.42033800
1741521600000,2025-03-09T12:00:00Z,2146.70000000,2146.90000000,2084.67000000,2097.03000000,121751.06140000,1741535999999,2025-03-09T15:59:59.999000Z,257603087.71061100,533499,55895.88810000,118359580.98066000
1741536000000,2025-03-09T16:00:00Z,2097.01000000,2109.32000000,1998.00000000,2040.47000000,249511.99920000,1741550399999,2025-03-09T19:59:59.999000Z,508846306.78337200,1050619,117152.41920000,239087070.17079800
1741550400000,2025-03-09T20:00:00Z,2040.47000000,2056.59000000,1989.66000000,2020.41000000,114672.06200000,1741564799999,2025-03-09T23:59:59.999000Z,231736484.49339400,466990,54892.94060000,111008155.73711600
1741564800000,2025-03-10T00:00:00Z,2020.43000000,2071.00000000,1995.08000000,2057.89000000,102595.49670000,1741579199999,2025-03-10T03:59:59.999000Z,209318305.53218100,640479,50496.66800000,103038539.43720800
1741579200000,2025-03-10T04:00:00Z,2057.88000000,2079.33000000,2054.19000000,2075.29000000,41834.94450000,1741593599999,2025-03-10T07:59:59.999000Z,86471259.97164200,315798,20365.82870000,42101373.01131500
1741593600000,2025-03-10T08:00:00Z,2075.30000000,2152.40000000,2047.83000000,2128.12000000,160181.77530000,1741607999999,2025-03-10T11:59:59.999000Z,337859492.17430300,955160,83106.54490000,175359381.55321100
1741608000000,2025-03-10T12:00:00Z,2128.11000000,2135.98000000,1997.00000000,2017.83000000,239663.59710000,1741622399999,2025-03-10T15:59:59.999000Z,490522518.26689000,1146661,112509.86170000,230212538.19918300
1741622400000,2025-03-10T16:00:00Z,2017.83000000,2025.30000000,1810.01000000,1869.30000000,566502.54530000,1741636799999,2025-03-10T19:59:59.999000Z,1078478744.53254500,1572144,277953.81520000,528826069.00328200
1741636800000,2025-03-10T20:00:00Z,1869.43000000,1903.99000000,1843.23000000,1865.10000000,137966.99250000,1741651199999,2025-03-10T23:59:59.999000Z,258862550.29321600,630798,72978.99090000,136902815.24190700
1741651200000,2025-03-11T00:00:00Z,1865.11000000,1890.46000000,1754.28000000,1849.78000000,363691.20230000,1741665599999,2025-03-11T03:59:59.999000Z,663282126.19554700,1383158,171244.67250000,312623498.42440400
1741665600000,2025-03-11T04:00:00Z,1849.78000000,1914.25000000,1845.46000000,1904.10000000,125136.86030000,1741679999999,2025-03-11T07:59:59.999000Z,236429270.11351000,530506,68297.02870000,129009478.18590500
1741680000000,2025-03-11T08:00:00Z,1904.10000000,1929.68000000,1899.57000000,1914.12000000,121867.72200000,1741694399999,2025-03-11T11:59:59.999000Z,233550447.27438100,494725,58682.01050000,112468361.24795500
1741694400000,2025-03-11T12:00:00Z,1914.12000000,1962.98000000,1840.53000000,1914.49000000,363557.22050000,1741708799999,2025-03-11T15:59:59.999000Z,689206637.31726200,1262286,183436.03140000,347867768.09006200
1741708800000,2025-03-11T16:00:00Z,1914.49000000,1963.20000000,1886.55000000,1951.91000000,147786.78600000,1741723199999,2025-03-11T19:59:59.999000Z,285196044.26316000,640075,73007.63230000,140899520.64382800
1741723200000,2025-03-11T20:00:00Z,1951.90000000,1955.42000000,1917.17000000,1923.43000000,49388.20840000,1741737599999,2025-03-11T23:59:59.999000Z,95787015.44752800,267677,21869.70390000,42422292.71147900
1741737600000,2025-03-12T00:00:00Z,1923.42000000,1932.86000000,1867.09000000,1868.90000000,89187.39500000,1741751999999,2025-03-12T03:59:59.999000Z,169668071.65747400,448819,43526.49830000,82812454.36190000
1741752000000,2025-03-12T04:00:00Z,1868.89000000,1916.66000000,1852.30000000,1911.26000000,110565.41190000,1741766399999,2025-03-12T07:59:59.999000Z,208089923.08539000,524315,61346.94420000,115506023.53585200
1741766400000,2025-03-12T08:00:00Z,1911.26000000,1960.00000000,1871.11000000,1916.84000000,215120.86720000,1741780799999,2025-03-12T11:59:59.999000Z,410338912.78901300,826280,107608.81730000,205345292.20952200
1741780800000,2025-03-12T12:00:00Z,1916.85000000,1947.00000000,1829.72000000,1869.85000000,248953.40790000,1741795199999,2025-03-12T15:59:59.999000Z,470768390.12403900,985353,122613.65870000,232019446.37330100
1741795200000,2025-03-12T16:00:00Z,1869.86000000,1894.72000000,1862.45000000,1878.25000000,73654.17650000,1741809599999,2025-03-12T19:59:59.999000Z,138227973.55068400,422519,37152.03320000,69756028.43537600
1741809600000,2025-03-12T20:00:00Z,1878.26000000,1915.95000000,1873.70000000,1908.20000000,51258.41780000,1741823999999,2025-03-12T23:59:59.999000Z,97291397.81158000,237635,27116.75240000,51478350.08514400
1741824000000,2025-03-13T00:00:00Z,1908.20000000,1917.12000000,1882.01000000,1886.87000000,52279.62220000,1741838399999,2025-03-13T03:59:59.999000Z,99293702.20366200,316380,27519.24730000,52286116.65385800
1741838400000,2025-03-13T04:00:00Z,1886.87000000,1891.50000000,1858.32000000,1872.23000000,70999.10650000,1741852799999,2025-03-13T07:59:59.999000Z,132892886.68011400,317324,36926.06780000,69132724.06575600
1741852800000,2025-03-13T08:00:00Z,1872.23000000,1905.38000000,1853.90000000,1900.24000000,122758.59390000,1741867199999,2025-03-13T11:59:59.999000Z,231515026.21279500,483264,63900.68870000,120561266.43315300
1741867200000,2025-03-13T12:00:00Z,1900.24000000,1923.09000000,1864.21000000,1875.41000000,175474.84460000,1741881599999,2025-03-13T15:59:59.999000Z,331844883.75072700,732713,80073.93770000,151454056.08239700
1741881600000,2025-03-13T16:00:00Z,1875.41000000,1878.10000000,1821.81000000,1851.82000000,103269.56500000,1741895999999,2025-03-13T19:59:59.999000Z,190806574.12129300,572652,46510.41990000,85928596.40263500
1741896000000,2025-03-13T20:00:00Z,1851.73000000,1883.56000000,1839.40000000,1864.59000000,44755.53000000,1741910399999,2025-03-13T23:59:59.999000Z,83275976.47447900,266350,21798.34060000,40578915.13094400
1741910400000,2025-03-14T00:00:00Z,1864.59000000,1894.63000000,1861.31000000,1889.29000000,37433.64010000,1741924799999,2025-03-14T03:59:59.999000Z,70459296.80852300,214590,20579.42260000,38743169.29762100
1741924800000,2025-03-14T04:00:00Z,1889.28000000,1905.42000000,1887.73000000,1893.07000000,43605.62670000,1741939199999,2025-03-14T07:59:59.999000Z,82594727.01307700,182537,25437.12390000,48194354.06827800
1741939200000,2025-03-14T08:00:00Z,1893.08000000,1908.93000000,1889.50000000,1902.40000000,46793.35310000,1741953599999,2025-03-14T11:59:59.999000Z,88837887.62097300,230939,24976.62690000,47430963.96760900
1741953600000,2025-03-14T12:00:00Z,1902.41000000,1942.48000000,1877.69000000,1922.20000000,143016.12010000,1741967999999,2025-03-14T15:59:59.999000Z,273752518.15571600,576012,72100.70650000,138016038.84775300
1741968000000,2025-03-14T16:00:00Z,1922.20000000,1945.64000000,1914.19000000,1934.16000000,67614.67500000,1741982399999,2025-03-14T19:59:59.999000Z,130679206.68089100,340247,36290.22080000,70147570.90703000
1741982400000,2025-03-14T20:00:00Z,1934.16000000,1934.94000000,1908.38000000,1911.65000000,37342.32050000,1741996799999,2025-03-14T23:59:59.999000Z,71799076.47449900,184293,17424.64110000,33500016.61761400
1741996800000,2025-03-15T00:00:00Z,1911.64000000,1923.37000000,1903.75000000,1920.44000000,30993.08420000,1742011199999,2025-03-15T03:59:59.999000Z,59313872.78635500,162015,14977.16870000,28675901.25936400
1742011200000,2025-03-15T04:00:00Z,1920.43000000,1935.21000000,1914.65000000,1917.66000000,33333.68030000,1742025599999,2025-03-15T07:59:59.999000Z,64160861.65315200,140340,17283.58520000,33275275.22123700
1742025600000,2025-03-15T08:00:00Z,1917.68000000,1931.87000000,1912.70000000,1929.00000000,29503.12700000,1742039999999,2025-03-15T11:59:59.999000Z,56749294.51165100,139422,16111.79260000,31001129.11249700
1742040000000,2025-03-15T12:00:00Z,1929.00000000,1939.60000000,1922.55000000,1937.83000000,35518.10720000,1742054399999,2025-03-15T15:59:59.999000Z,68594309.75036300,142552,16464.13230000,31790243.93454800
1742054400000,2025-03-15T16:00:00Z,1937.84000000,1948.22000000,1928.76000000,1937.31000000,40092.55070000,1742068799999,2025-03-15T19:59:59.999000Z,77690632.48898100,153835,16281.21680000,31555583.40968900
1742068800000,2025-03-15T20:00:00Z,1937.32000000,1957.19000000,1936.37000000,1937.17000000,40105.31810000,1742083199999,2025-03-15T23:59:59.999000Z,78063011.54789200,146265,22065.35920000,42960803.56832000
1742083200000,2025-03-16T00:00:00Z,1937.18000000,1940.87000000,1916.56000000,1927.52000000,31212.30970000,1742097599999,2025-03-16T03:59:59.999000Z,60163493.53889400,149018,16072.97940000,30975922.53342600
1742097600000,2025-03-16T04:00:00Z,1927.52000000,1934.00000000,1921.53000000,1925.89000000,22661.71800000,1742111999999,2025-03-16T07:59:59.999000Z,43686320.76882100,107116,10628.98900000,20493743.68310500
1742112000000,2025-03-16T08:00:00Z,1925.89000000,1926.92000000,1866.90000000,1874.00000000,90060.57300000,1742126399999,2025-03-16T11:59:59.999000Z,170735023.07720300,332739,37539.23180000,71096382.51517300
1742126400000,2025-03-16T12:00:00Z,1874.01000000,1898.33000000,1873.42000000,1895.01000000,53503.77160000,1742140799999,2025-03-16T15:59:59.999000Z,100860544.67125500,285965,24499.54620000,46191112.83718400
1742140800000,2025-03-16T16:00:00Z,1895.01000000,1924.11000000,1860.38000000,1882.74000000,86543.06850000,1742155199999,2025-03-16T19:59:59.999000Z,164247040.26476300,368692,39552.45170000,75104838.67757800
1742155200000,2025-03-16T20:00:00Z,1882.73000000,1898.63000000,1870.10000000,1887.00000000,40785.21560000,1742169599999,2025-03-16T23:59:59.999000Z,76927842.57073900,223055,19457.41980000,36704280.40301000
1742169600000,2025-03-17T00:00:00Z,1887.01000000,1915.44000000,1886.36000000,1908.85000000,41322.99280000,1742183999999,2025-03-17T03:59:59.999000Z,78692208.15466500,212073,21774.86300000,41466932.93661200
1742184000000,2025-03-17T04:00:00Z,1908.85000000,1912.99000000,1879.98000000,1900.74000000,38881.32350000,1742198399999,2025-03-17T07:59:59.999000Z,73788503.13767400,195758,19125.38770000,36289755.13012700
1742198400000,2025-03-17T08:00:00Z,1900.75000000,1918.42000000,1893.00000000,1910.59000000,37499.89880000,1742212799999,2025-03-17T11:59:59.999000Z,71551746.05231900,200749,19855.45660000,37884567.30648900
1742212800000,2025-03-17T12:00:00Z,1910.58000000,1939.03000000,1888.01000000,1919.47000000,107747.90700000,1742227199999,2025-03-17T15:59:59.999000Z,205712381.88139500,475853,54218.11320000,103536756.60196700
1742227200000,2025-03-17T16:00:00Z,1919.47000000,1952.40000000,1907.74000000,1942.23000000,71315.48440000,1742241599999,2025-03-17T19:59:59.999000Z,138027686.17721800,307499,35904.92550000,69505408.22817300
1742241600000,2025-03-17T20:00:00Z,1942.22000000,1949.50000000,1922.20000000,1926.31000000,38072.88120000,1742255999999,2025-03-17T23:59:59.999000Z,73712448.87503600,174092,15916.23220000,30816057.51741700
1742256000000,2025-03-18T00:00:00Z,1926.30000000,1930.25000000,1897.47000000,1901.17000000,52066.72450000,1742270399999,2025-03-18T03:59:59.999000Z,99444969.24162000,245959,20095.46510000,38394743.45454600
1742270400000,2025-03-18T04:00:00Z,1901.17000000,1910.41000000,1893.86000000,1905.06000000,37720.04280000,1742284799999,2025-03-18T07:59:59.999000Z,71756725.57650200,205121,19216.25400000,36555795.18724000
1742284800000,2025-03-18T08:00:00Z,1905.05000000,1913.09000000,1885.58000000,1892.43000000,55602.07090000,1742299199999,2025-03-18T11:59:59.999000Z,105637409.14897800,231090,23517.10380000,44695949.95032600
1742299200000,2025-03-18T12:00:00Z,1892.42000000,1903.20000000,1872.31000000,1881.02000000,87278.06900000,1742313599999,2025-03-18T15:59:59.999000Z,164771053.79923700,398677,38904.11770000,73426438.78612000
1742313600000,2025-03-18T16:00:00Z,1881.03000000,1908.39000000,1873.60000000,1904.57000000,56527.72580000,1742327999999,2025-03-18T19:59:59.999000Z,106637767.67068500,276287,31571.84360000,59549044.70462700
1742328000000,2025-03-18T20:00:00Z,1904.57000000,1936.20000000,1898.65000000,1931.54000000,43701.38250000,1742342399999,2025-03-18T23:59:59.999000Z,83862072.11428900,192676,23473.88650000,45045903.71111000
1742342400000,2025-03-19T00:00:00Z,1931.54000000,1949.03000000,1927.58000000,1938.33000000,78297.36900000,1742356799999,2025-03-19T03:59:59.999000Z,151748244.54323900,255363,37875.30510000,73415873.78382600
1742356800000,2025-03-19T04:00:00Z,1938.33000000,1943.14000000,1930.30000000,1932.00000000,51764.97120000,1742371199999,2025-03-19T07:59:59.999000Z,100201397.85504600,202883,25360.47130000,49089952.33715700
1742371200000,2025-03-19T08:00:00Z,1932.00000000,2033.79000000,1931.70000000,2027.99000000,177658.34620000,1742385599999,2025-03-19T11:59:59.999000Z,353217175.90603600,558214,89789.18860000,178590336.03683200
1742385600000,2025-03-19T12:00:00Z,2028.00000000,2056.99000000,1994.65000000,2048.99000000,153084.40550000,1742399999999,2025-03-19T15:59:59.999000Z,309639369.77669200,633833,74721.43340000,151188956.38879800
1742400000000,2025-03-19T16:00:00Z,2049.00000000,2064.91000000,1997.33000000,2031.06000000,179077.36810000,1742414399999,2025-03-19T19:59:59.999000Z,364108667.20801800,659725,83543.26830000,169880794.70514800
1742414400000,2025-03-19T20:00:00Z,2031.07000000,2069.90000000,2028.58000000,2056.06000000,51927.04340000,1742428799999,2025-03-19T23:59:59.999000Z,106279043.19258700,304662,26878.70290000,55024041.01027000
1742428800000,2025-03-20T00:00:00Z,2056.05000000,2067.90000000,2020.41000000,2022.75000000,55508.55880000,1742443199999,2025-03-20T03:59:59.999000Z,113062267.34458600,309527,23756.52140000,48386905.20539300
1742443200000,2025-03-20T04:00:00Z,2022.75000000,2025.60000000,2005.20000000,2007.54000000,56313.65440000,1742457599999,2025-03-20T07:59:59.999000Z,113495409.65298200,190032,20970.97550000,42262929.33809500
1742457600000,2025-03-20T08:00:00Z,2007.55000000,2021.27000000,1972.40000000,1989.08000000,83047.30290000,1742471999999,2025-03-20T11:59:59.999000Z,165665180.09345300,338650,37422.96710000,74709866.01981700
1742472000000,2025-03-20T12:00:00Z,1989.09000000,2010.66000000,1965.85000000,1972.17000000,86188.19790000,1742486399999,2025-03-20T15:59:59.999000Z,171350685.23084200,482712,41003.04850000,81540427.42010700
1742486400000,2025-03-20T16:00:00Z,1972.01000000,1980.26000000,1952.17000000,1974.75000000,92498.91040000,1742500799999,2025-03-20T19:59:59.999000Z,181969220.65594500,396500,50024.03750000,98408712.84821300
1742500800000,2025-03-20T20:00:00Z,1974.76000000,1984.88000000,1971.33000000,1983.79000000,27962.30380000,1742515199999,2025-03-20T23:59:59.999000Z,55308940.95976100,167598,12540.78720000,24808946.29979400
1742515200000,2025-03-21T00:00:00Z,1983.79000000,1996.73000000,1973.00000000,1978.17000000,36187.01960000,1742529599999,2025-03-21T03:59:59.999000Z,71909212.54487700,213750,15942.27860000,31685234.87571100
1742529600000,2025-03-21T04:00:00Z,1978.16000000,1989.95000000,1966.52000000,1976.78000000,32847.94020000,1742543999999,2025-03-21T07:59:59.999000Z,64865695.46488700,212748,14564.56700000,28765344.66291100
1742544000000,2025-03-21T08:00:00Z,1976.79000000,1982.33000000,1956.60000000,1966.81000000,43285.70760000,1742558399999,2025-03-21T11:59:59.999000Z,85243110.98412300,256459,21619.70620000,42574138.63948500
1742558400000,2025-03-21T12:00:00Z,1966.81000000,1973.99000000,1937.10000000,1950.69000000,70931.01730000,1742572799999,2025-03-21T15:59:59.999000Z,138302161.38871000,390339,36450.87340000,71082746.77452800
1742572800000,2025-03-21T16:00:00Z,1950.69000000,1977.90000000,1946.07000000,1973.93000000,51879.29560000,1742587199999,2025-03-21T19:59:59.999000Z,102013644.14397400,241161,27841.02220000,54745007.34012300
1742587200000,2025-03-21T20:00:00Z,1973.92000000,1983.40000000,1962.62000000,1965.75000000,27510.67870000,1742601599999,2025-03-21T23:59:59.999000Z,54254121.33198300,156112,14254.59170000,28112430.38028300
1742601600000,2025-03-22T00:00:00Z,1965.74000000,1987.23000000,1964.34000000,1986.04000000,30242.48570000,1742615999999,2025-03-22T03:59:59.999000Z,59878737.82250000,160284,15246.00770000,30188118.36183500
1742616000000,2025-03-22T04:00:00Z,1986.07000000,1993.10000000,1983.23000000,1984.23000000,22032.52880000,1742630399999,2025-03-22T07:59:59.999000Z,43806598.18174100,99502,9417.89520000,18726295.96241200
1742630400000,2025-03-22T08:00:00Z,1984.22000000,2006.61000000,1981.68000000,1990.41000000,42628.23250000,1742644799999,2025-03-22T11:59:59.999000Z,85044525.57812800,171934,20104.08640000,40122612.37143800
1742644800000,2025-03-22T12:00:00Z,1990.41000000,1997.75000000,1981.12000000,1986.29000000,29865.66340000,1742659199999,2025-03-22T15:59:59.999000Z,59389022.86572300,140248,15179.73920000,30187272.53519700
1742659200000,2025-03-22T16:00:00Z,1986.29000000,2000.00000000,1982.52000000,1995.94000000,21282.06840000,1742673599999,2025-03-22T19:59:59.999000Z,42391926.27562300,118973,12239.88970000,24381658.66156900
1742673600000,2025-03-22T20:00:00Z,1995.95000000,2004.30000000,1974.78000000,1980.69000000,24731.97860000,1742687999999,2025-03-22T23:59:59.999000Z,49168554.59560400,142205,11229.62480000,22343792.67198400
1742688000000,2025-03-23T00:00:00Z,1980.68000000,2008.73000000,1976.81000000,2008.31000000,30652.62200000,1742702399999,2025-03-23T03:59:59.999000Z,61157466.62497800,147865,16448.37910000,32824459.84210300
1742702400000,2025-03-23T04:00:00Z,2008.32000000,2019.80000000,1992.08000000,2008.04000000,84722.81660000,1742716799999,2025-03-23T07:59:59.999000Z,169364762.99640000,152020,53766.79280000,107453218.68324900
1742716800000,2025-03-23T08:00:00Z,2008.04000000,2020.74000000,2002.90000000,2008.01000000,40446.24290000,1742731199999,2025-03-23T11:59:59.999000Z,81425267.60577200,165493,18883.34410000,38017273.06497100
1742731200000,2025-03-23T12:00:00Z,2008.01000000,2020.20000000,2002.52000000,2007.06000000,41764.05700000,1742745599999,2025-03-23T15:59:59.999000Z,83960367.95032700,178047,18581.44350000,37356543.13722500
1742745600000,2025-03-23T16:00:00Z,2007.06000000,2008.23000000,1987.50000000,1996.30000000,37278.06990000,1742759999999,2025-03-23T19:59:59.999000Z,74448450.07782300,162474,16733.98720000,33417730.00257100
1742760000000,2025-03-23T20:00:00Z,1996.30000000,2006.68000000,1980.77000000,2005.99000000,33843.71490000,1742774399999,2025-03-23T23:59:59.999000Z,67453729.49695100,167981,17131.45900000,34149395.84605200
1742774400000,2025-03-24T00:00:00Z,2005.99000000,2021.39000000,1977.67000000,2014.48000000,79392.73750000,1742788799999,2025-03-24T03:59:59.999000Z,158782215.59842000,311706,39411.91550000,78853103.04479100
1742788800000,2025-03-24T04:00:00Z,2014.49000000,2079.58000000,2014.49000000,2069.16000000,123425.72400000,1742803199999,2025-03-24T07:59:59.999000Z,253282725.65517700,379839,65706.05670000,134717440.09778400
1742803200000,2025-03-24T08:00:00Z,2069.18000000,2104.11000000,2068.77000000,2092.77000000,82706.61260000,1742817599999,2025-03-24T11:59:59.999000Z,172796409.93080600,311384,40125.78130000,83829054.85900600
1742817600000,2025-03-24T12:00:00Z,2092.77000000,2102.49000000,2073.47000000,2089.77000000,85147.89800000,1742831999999,2025-03-24T15:59:59.999000Z,177554972.91779800,377054,42032.84820000,87674281.30762800
1742832000000,2025-03-24T16:00:00Z,2089.76000000,2101.30000000,2067.67000000,2088.71000000,69700.27740000,1742846399999,2025-03-24T19:59:59.999000Z,145456939.45121900,262532,35820.74780000,74772742.96746800
1742846400000,2025-03-24T20:00:00Z,2088.71000000,2095.41000000,2068.33000000,2081.20000000,37539.56590000,1742860799999,2025-03-24T23:59:59.999000Z,78110952.04111300,161531,18890.32630000,39310993.21492900
1742860800000,2025-03-25T00:00:00Z,2081.20000000,2097.70000000,2041.83000000,2043.26000000,63776.90530000,1742875199999,2025-03-25T03:59:59.999000Z,131750951.29844300,270019,27086.72330000,56010806.34161700
1742875200000,2025-03-25T04:00:00Z,2043.25000000,2066.98000000,2037.08000000,2055.55000000,45714.90260000,1742889599999,2025-03-25T07:59:59.999000Z,93802607.59167100,193312,20531.88710000,42125211.39971600
1742889600000,2025-03-25T08:00:00Z,2055.56000000,2075.36000000,2052.44000000,2068.68000000,58564.86070000,1742903999999,2025-03-25T11:59:59.999000Z,120923425.20787700,214504,18815.03290000,38887766.64347500
1742904000000,2025-03-25T12:00:00Z,2068.68000000,2080.40000000,2051.88000000,2067.67000000,75513.43190000,1742918399999,2025-03-25T15:59:59.999000Z,156162748.89757400,329675,34609.78380000,71597801.81731400
1742918400000,2025-03-25T16:00:00Z,2067.67000000,2083.52000000,2056.51000000,2075.64000000,49556.16430000,1742932799999,2025-03-25T19:59:59.999000Z,102601196.11715000,226618,26526.77180000,54934414.84802300
1742932800000,2025-03-25T20:00:00Z,2075.64000000,2082.99000000,2053.85000000,2066.15000000,35639.06440000,1742947199999,2025-03-25T23:59:59.999000Z,73678990.66803400,163906,17278.09390000,35726310.71568200
1742947200000,2025-03-26T00:00:00Z,2066.16000000,2079.21000000,2042.60000000,2049.07000000,47785.89770000,1742961599999,2025-03-26T03:59:59.999000Z,98519021.64222600,188181,23963.96360000,49426147.86768100
1742961600000,2025-03-26T04:00:00Z,2049.06000000,2071.40000000,2047.55000000,2069.25000000,49512.95130000,1742975999999,2025-03-26T07:59:59.999000Z,102049140.66162600,160068,22860.23290000,47100004.40763800
1742976000000,2025-03-26T08:00:00Z,2069.26000000,2075.76000000,2057.60000000,2068.51000000,61640.95660000,1742990399999,2025-03-26T11:59:59.999000Z,127423835.14658300,185746,21078.36260000,43588884.65542100
1742990400000,2025-03-26T12:00:00Z,2068.52000000,2070.52000000,2006.66000000,2012.27000000,132460.49990000,1743004799999,2025-03-26T15:59:59.999000Z,268955965.25785100,420947,57534.60050000,116742877.57948300
1743004800000,2025-03-26T16:00:00Z,2012.27000000,2022.13000000,1981.60000000,1999.92000000,100130.39300000,1743019199999,2025-03-26T19:59:59.999000Z,200703582.65834400,328214,36533.70040000,73201173.54307300
1743019200000,2025-03-26T20:00:00Z,1999.91000000,2017.92000000,1991.85000000,2009.52000000,37444.63010000,1743033599999,2025-03-26T23:59:59.999000Z,75105660.10001500,185318,19474.21230000,39066493.26721500
1743033600000,2025-03-27T00:00:00Z,2009.52000000,2037.38000000,2006.78000000,2031.32000000,41020.33100000,1743047999999,2025-03-27T03:59:59.999000Z,83037288.40324600,167636,21548.15340000,43618567.91300600
1743048000000,2025-03-27T04:00:00Z,2031.32000000,2032.87000000,2020.95000000,2026.43000000,27996.11920000,1743062399999,2025-03-27T07:59:59.999000Z,56727627.79530600,129310,11022.61740000,22334812.71264000
1743062400000,2025-03-27T08:00:00Z,2026.42000000,2035.92000000,2012.21000000,2016.21000000,54604.88040000,1743076799999,2025-03-27T11:59:59.999000Z,110557100.03320700,216478,19821.83270000,40142157.90701300
1743076800000,2025-03-27T12:00:00Z,2016.21000000,2026.32000000,1987.06000000,2005.49000000,124157.28600000,1743091199999,2025-03-27T15:59:59.999000Z,249521362.61981700,451988,55813.10630000,112185958.09915300
1743091200000,2025-03-27T16:00:00Z,2005.48000000,2015.16000000,1993.65000000,2004.08000000,67723.94460000,1743105599999,2025-03-27T19:59:59.999000Z,135883530.99332900,269380,26489.74670000,53147807.86428600
1743105600000,2025-03-27T20:00:00Z,2004.13000000,2020.00000000,1999.68000000,2003.66000000,45132.27710000,1743119999999,2025-03-27T23:59:59.999000Z,90658684.68984600,159938,19344.77620000,38862332.53487000
1743120000000,2025-03-28T00:00:00Z,2003.67000000,2015.93000000,1991.63000000,1999.84000000,45959.37440000,1743134399999,2025-03-28T03:59:59.999000Z,92106762.23734700,224229,22582.27500000,45266531.00640600
1743134400000,2025-03-28T04:00:00Z,1999.84000000,2004.70000000,1900.00000000,1910.21000000,204560.94230000,1743148799999,2025-03-28T07:59:59.999000Z,394956326.68281200,614180,101324.40030000,195459911.61666800
1743148800000,2025-03-28T08:00:00Z,1910.21000000,1925.00000000,1860.00000000,1900.48000000,131084.22170000,1743163199999,2025-03-28T11:59:59.999000Z,249407927.58235700,416291,65310.24260000,124322637.74561800
1743163200000,2025-03-28T12:00:00Z,1900.47000000,1903.87000000,1871.58000000,1872.13000000,135936.13640000,1743177599999,2025-03-28T15:59:59.999000Z,256636530.67822900,494025,62806.40760000,118588147.53664800
1743177600000,2025-03-28T16:00:00Z,1872.13000000,1887.28000000,1862.14000000,1874.16000000,67418.38750000,1743191999999,2025-03-28T19:59:59.999000Z,126400977.03588100,318970,34809.09830000,65267669.67462300
1743192000000,2025-03-28T20:00:00Z,1874.17000000,1902.00000000,1873.75000000,1896.90000000,41208.52090000,1743206399999,2025-03-28T23:59:59.999000Z,77820829.84178900,177392,20499.85310000,38702041.00455200
1743206400000,2025-03-29T00:00:00Z,1896.90000000,1913.60000000,1886.27000000,1899.83000000,49911.49130000,1743220799999,2025-03-29T03:59:59.999000Z,94993355.69323200,221002,24383.64350000,46409988.55128600
1743220800000,2025-03-29T04:00:00Z,1899.84000000,1904.96000000,1875.41000000,1880.14000000,49183.20010000,1743235199999,2025-03-29T07:59:59.999000Z,92756986.31407800,211461,23879.07120000,45037164.55970800
1743235200000,2025-03-29T08:00:00Z,1880.14000000,1887.28000000,1833.50000000,1844.55000000,104293.89260000,1743249599999,2025-03-29T11:59:59.999000Z,193852790.55674100,417436,48964.02630000,90995404.86312000
1743249600000,2025-03-29T12:00:00Z,1844.55000000,1863.75000000,1833.84000000,1840.24000000,49507.57420000,1743263999999,2025-03-29T15:59:59.999000Z,91568591.63106500,237121,25436.40150000,47055575.59814600
1743264000000,2025-03-29T16:00:00Z,1840.24000000,1848.12000000,1797.20000000,1827.50000000,121732.88980000,1743278399999,2025-03-29T19:59:59.999000Z,221428120.39947300,475005,58157.21360000,105811344.86708400
1743278400000,2025-03-29T20:00:00Z,1827.50000000,1830.31000000,1811.60000000,1828.08000000,35140.70750000,1743292799999,2025-03-29T23:59:59.999000Z,63945451.27719000,193613,18380.78370000,33443241.91754200
1743292800000,2025-03-30T00:00:00Z,1828.09000000,1844.59000000,1812.69000000,1834.39000000,45627.27490000,1743307199999,2025-03-30T03:59:59.999000Z,83679082.80854500,218706,23703.45130000,43470289.02906300
1743307200000,2025-03-30T04:00:00Z,1834.39000000,1846.85000000,1832.56000000,1837.74000000,25482.92370000,1743321599999,2025-03-30T07:59:59.999000Z,46889846.64645400,128114,11785.86620000,21688257.15501100
1743321600000,2025-03-30T08:00:00Z,1837.74000000,1849.01000000,1826.49000000,1833.27000000,34404.55550000,1743335999999,2025-03-30T11:59:59.999000Z,63221928.68425500,174086,16133.73870000,29650386.34253200
1743336000000,2025-03-30T12:00:00Z,1833.28000000,1839.71000000,1790.06000000,1813.75000000,80088.82780000,1743350399999,2025-03-30T15:59:59.999000Z,145288189.27349800,308889,38908.28900000,70594113.77505000
1743350400000,2025-03-30T16:00:00Z,1813.76000000,1834.33000000,1785.41000000,1814.22000000,70663.68530000,1743364799999,2025-03-30T19:59:59.999000Z,127924054.51889500,326543,38265.84390000,69271284.27209900
1743364800000,2025-03-30T20:00:00Z,1814.22000000,1821.68000000,1767.69000000,1807.74000000,71576.18040000,1743379199999,2025-03-30T23:59:59.999000Z,128673537.95190100,366872,35325.95850000,63550039.48108800
1743379200000,2025-03-31T00:00:00Z,1807.74000000,1823.50000000,1776.75000000,1798.32000000,83766.42830000,1743393599999,2025-03-31T03:59:59.999000Z,151179543.61124400,418621,41906.71570000,75642701.75914000
1743393600000,2025-03-31T04:00:00Z,1798.32000000,1813.68000000,1789.10000000,1798.92000000,53143.23590000,1743407999999,2025-03-31T07:59:59.999000Z,95782352.24390300,296686,25679.57740000,46287776.05074200
1743408000000,2025-03-31T08:00:00Z,1798.91000000,1819.74000000,1777.79000000,1813.43000000,90571.48390000,1743422399999,2025-03-31T11:59:59.999000Z,162807181.77310700,436622,47016.42120000,84539403.16750700
1743422400000,2025-03-31T12:00:00Z,1813.43000000,1854.22000000,1794.94000000,1842.23000000,158823.84200000,1743436799999,2025-03-31T15:59:59.999000Z,290361778.41028300,585942,82013.89130000,149991016.16934600
1743436800000,2025-03-31T16:00:00Z,1842.22000000,1847.34000000,1817.23000000,1827.71000000,68966.69350000,1743451199999,2025-03-31T19:59:59.999000Z,126594724.11670700,338649,32240.01750000,59172883.27113900
1743451200000,2025-03-31T20:00:00Z,1827.71000000,1834.74000000,1816.40000000,1822.43000000,42583.22160000,1743465599999,2025-03-31T23:59:59.999000Z,77730992.85517100,206501,19552.16340000,35689846.78670400
1743465600000,2025-04-01T00:00:00Z,1822.43000000,1843.00000000,1817.88000000,1835.00000000,55092.82550000,1743479999999,2025-04-01T03:59:59.999000Z,100896808.55634400,242719,28303.98160000,51847904.74935300
1743480000000,2025-04-01T04:00:00Z,1835.00000000,1867.91000000,1831.95000000,1854.26000000,50598.28420000,1743494399999,2025-04-01T07:59:59.999000Z,93606101.17175700,243640,27126.92140000,50204874.88303500
1743494400000,2025-04-01T08:00:00Z,1854.26000000,1892.55000000,1853.93000000,1862.36000000,95925.78410000,1743508799999,2025-04-01T11:59:59.999000Z,180130220.67195100,435229,48380.92150000,90861596.10216800
1743508800000,2025-04-01T12:00:00Z,1862.37000000,1927.90000000,1842.42000000,1918.58000000,156992.86510000,1743523199999,2025-04-01T15:59:59.999000Z,296072547.10832700,678102,77080.50420000,145412212.54794900
1743523200000,2025-04-01T16:00:00Z,1918.59000000,1924.17000000,1901.50000000,1910.09000000,53127.47090000,1743537599999,2025-04-01T19:59:59.999000Z,101626192.83598100,334155,25079.56210000,47976873.59219400
1743537600000,2025-04-01T20:00:00Z,1910.10000000,1922.75000000,1897.13000000,1904.98000000,41251.86760000,1743551999999,2025-04-01T23:59:59.999000Z,78858171.92901700,207763,21322.02260000,40765234.79522100
1743552000000,2025-04-02T00:00:00Z,1904.98000000,1908.41000000,1872.39000000,1876.39000000,54199.11510000,1743566399999,2025-04-02T03:59:59.999000Z,102263787.87024000,274397,23991.81480000,45278554.30008300
1743566400000,2025-04-02T04:00:00Z,1876.40000000,1883.30000000,1852.00000000,1865.06000000,62469.32030000,1743580799999,2025-04-02T07:59:59.999000Z,116358133.81345600,314691,30375.47260000,56572523.05211800
1743580800000,2025-04-02T08:00:00Z,1865.07000000,1888.05000000,1862.62000000,1868.72000000,46565.66180000,1743595199999,2025-04-02T11:59:59.999000Z,87366270.71164800,287396,23231.75410000,43597928.98666400
1743595200000,2025-04-02T12:00:00Z,1868.73000000,1919.00000000,1854.27000000,1901.21000000,205643.02990000,1743609599999,2025-04-02T15:59:59.999000Z,389372234.74080900,882824,104161.88190000,197244342.79760800
1743609600000,2025-04-02T16:00:00Z,1901.21000000,1916.10000000,1882.22000000,1911.45000000,91870.88880000,1743623999999,2025-04-02T19:59:59.999000Z,174657636.97030500,486754,44477.91110000,84580552.38312100
1743624000000,2025-04-02T20:00:00Z,1911.45000000,1957.00000000,1781.53000000,1795.22000000,290092.76640000,1743638399999,2025-04-02T23:59:59.999000Z,541520950.45566800,1162018,138240.54220000,258523702.10901700
1743638400000,2025-04-03T00:00:00Z,1795.21000000,1834.88000000,1788.97000000,1824.46000000,86309.67160000,1743652799999,2025-04-03T03:59:59.999000Z,157096093.39064500,412995,46300.94420000,84275485.61825900
1743652800000,2025-04-03T04:00:00Z,1824.47000000,1845.26000000,1807.13000000,1815.31000000,63173.47820000,1743667199999,2025-04-03T07:59:59.999000Z,115277000.65134500,288362,32815.89880000,59902092.29310400
1743667200000,2025-04-03T08:00:00Z,1815.31000000,1824.18000000,1787.23000000,1795.13000000,68000.45500000,1743681599999,2025-04-03T11:59:59.999000Z,122836615.05949200,386335,33414.23770000,60368116.98660000
1743681600000,2025-04-03T12:00:00Z,1795.13000000,1800.52000000,1750.00000000,1782.27000000,183694.38860000,1743695999999,2025-04-03T15:59:59.999000Z,325484898.23746700,839057,88520.28490000,156904670.01071200
1743696000000,2025-04-03T16:00:00Z,1782.26000000,1799.15000000,1767.23000000,1787.12000000,61798.80360000,1743710399999,2025-04-03T19:59:59.999000Z,110162297.06820200,397002,29308.07840000,52268336.22922800
1743710400000,2025-04-03T20:00:00Z,1787.11000000,1821.84000000,1779.78000000,1817.23000000,45098.22100000,1743724799999,2025-04-03T23:59:59.999000Z,81357787.43288500,255769,23103.00240000,41685995.28964900
1743724800000,2025-04-04T00:00:00Z,1817.23000000,1823.12000000,1771.11000000,1792.91000000,71533.80660000,1743739199999,2025-04-04T03:59:59.999000Z,128495023.15716600,353990,32961.19590000,59225996.98375000
1743739200000,2025-04-04T04:00:00Z,1792.91000000,1821.82000000,1784.17000000,1817.93000000,44350.26350000,1743753599999,2025-04-04T07:59:59.999000Z,80013470.40751200,234044,22749.93540000,41053902.32770800
1743753600000,2025-04-04T08:00:00Z,1817.94000000,1835.68000000,1758.72000000,1783.88000000,126091.58910000,1743767999999,2025-04-04T11:59:59.999000Z,226933315.59341600,567486,59852.27380000,107850007.76760400
1743768000000,2025-04-04T12:00:00Z,1783.88000000,1821.00000000,1769.45000000,1795.24000000,190281.92690000,1743782399999,2025-04-04T15:59:59.999000Z,340893271.67604700,871157,97103.05460000,174024413.04448400
1743782400000,2025-04-04T16:00:00Z,1795.24000000,1828.90000000,1783.25000000,1810.21000000,99784.13230000,1743796799999,2025-04-04T19:59:59.999000Z,180260513.72989200,481740,49284.00370000,89056742.79069800
1743796800000,2025-04-04T20:00:00Z,1810.21000000,1827.99000000,1807.52000000,1816.87000000,40692.75180000,1743811199999,2025-04-04T23:59:59.999000Z,73922964.57772100,139313,15447.35630000,28061553.88322500
1743811200000,2025-04-05T00:00:00Z,1816.88000000,1827.29000000,1809.39000000,1810.01000000,24960.47790000,1743825599999,2025-04-05T03:59:59.999000Z,45395689.53751700,112391,12675.26290000,23059664.73050900
1743825600000,2025-04-05T04:00:00Z,1810.01000000,1815.75000000,1803.99000000,1813.22000000,19521.75790000,1743839999999,2025-04-05T07:59:59.999000Z,35344354.18580900,85475,9047.04910000,16383804.14449300
1743840000000,2025-04-05T08:00:00Z,1813.22000000,1822.04000000,1806.56000000,1807.34000000,27693.93160000,1743854399999,2025-04-05T11:59:59.999000Z,50234844.65645100,123170,13819.84050000,25067286.54869200
1743854400000,2025-04-05T12:00:00Z,1807.34000000,1808.30000000,1777.93000000,1782.01000000,57339.11960000,1743868799999,2025-04-05T15:59:59.999000Z,102645212.09353800,222294,26033.85930000,46603718.87266800
1743868800000,2025-04-05T16:00:00Z,1782.01000000,1795.38000000,1780.00000000,1782.17000000,20889.63670000,1743883199999,2025-04-05T19:59:59.999000Z,37333414.77267700,106305,11036.54550000,19725724.84215600
1743883200000,2025-04-05T20:00:00Z,1782.17000000,1810.04000000,1764.39000000,1806.01000000,51311.34590000,1743897599999,2025-04-05T23:59:59.999000Z,91869088.75108700,211958,23813.06720000,42644640.16905000
1743897600000,2025-04-06T00:00:00Z,1806.02000000,1817.00000000,1801.78000000,1809.81000000,24843.93040000,1743911999999,2025-04-06T03:59:59.999000Z,44937810.69555900,143310,11393.49770000,20608795.65456300
1743912000000,2025-04-06T04:00:00Z,1809.81000000,1813.55000000,1791.49000000,1797.69000000,28106.56550000,1743926399999,2025-04-06T07:59:59.999000Z,50733137.39278500,160456,12482.46230000,22528772.50446400
1743926400000,2025-04-06T08:00:00Z,1797.70000000,1798.20000000,1783.00000000,1789.19000000,36956.07500000,1743940799999,2025-04-06T11:59:59.999000Z,66150885.70980300,178947,19134.13120000,34252728.80480200
1743940800000,2025-04-06T12:00:00Z,1789.19000000,1792.09000000,1735.00000000,1759.55000000,126184.71510000,1743955199999,2025-04-06T15:59:59.999000Z,222332903.17552300,445011,59291.16000000,104490584.90631100
1743955200000,2025-04-06T16:00:00Z,1759.56000000,1760.06000000,1602.00000000,1626.24000000,394747.56620000,1743969599999,2025-04-06T19:59:59.999000Z,654447583.23939100,1282561,187513.89900000,310427191.51080500
1743969600000,2025-04-06T20:00:00Z,1626.24000000,1631.18000000,1537.50000000,1580.76000000,369008.24360000,1743983999999,2025-04-06T23:59:59.999000Z,582818591.59048100,1041650,163953.78140000,259011335.25101500
1743984000000,2025-04-07T00:00:00Z,1580.77000000,1614.20000000,1520.78000000,1543.69000000,231470.38740000,1743998399999,2025-04-07T03:59:59.999000Z,363490193.68317600,820873,110559.60240000,173597918.96971600
1743998400000,2025-04-07T04:00:00Z,1543.69000000,1561.41000000,1411.01000000,1460.15000000,606711.81040000,1744012799999,2025-04-07T07:59:59.999000Z,898691434.64683000,1443598,281755.38930000,417311921.24317400
1744012800000,2025-04-07T08:00:00Z,1460.15000000,1520.83000000,1455.63000000,1483.11000000,289167.88550000,1744027199999,2025-04-07T11:59:59.999000Z,431817634.62892900,1050000,151858.23560000,226769771.73531300
1744027200000,2025-04-07T12:00:00Z,1483.11000000,1639.00000000,1478.12000000,1556.56000000,745901.01330000,1744041599999,2025-04-07T15:59:59.999000Z,1160162388.56603900,1529894,379480.35000000,590256506.61418400
1744041600000,2025-04-07T16:00:00Z,1556.56000000,1572.70000000,1526.00000000,1545.41000000,211504.82190000,1744055999999,2025-04-07T19:59:59.999000Z,328286512.22388700,590010,104696.23550000,162537153.88724400
1744056000000,2025-04-07T20:00:00Z,1545.47000000,1585.50000000,1545.06000000,1553.04000000,84040.08820000,1744070399999,2025-04-07T23:59:59.999000Z,131752059.57831700,288851,47710.25420000,74797189.05473400
1744070400000,2025-04-08T00:00:00Z,1553.04000000,1618.67000000,1541.04000000,1584.71000000,108270.53690000,1744084799999,2025-04-08T03:59:59.999000Z,171120159.41303100,485357,56196.49820000,88836817.73497700
1744084800000,2025-04-08T04:00:00Z,1584.71000000,1602.27000000,1561.89000000,1570.83000000,90041.61500000,1744099199999,2025-04-08T07:59:59.999000Z,142299696.72215000,349703,46167.69670000,72910930.04992700
1744099200000,2025-04-08T08:00:00Z,1570.83000000,1590.08000000,1554.37000000,1588.32000000,79592.28550000,1744113599999,2025-04-08T11:59:59.999000Z,125038410.65170300,388232,43689.02300000,68632964.14416100
1744113600000,2025-04-08T12:00:00Z,1588.32000000,1593.47000000,1518.29000000,1531.77000000,195381.20180000,1744127999999,2025-04-08T15:59:59.999000Z,304496484.39136500,698454,96875.38070000,151076474.27465800
1744128000000,2025-04-08T16:00:00Z,1531.76000000,1533.08000000,1454.63000000,1466.67000000,296007.58330000,1744142399999,2025-04-08T19:59:59.999000Z,438458341.35552300,828917,146188.35420000,216495981.01110100
1744142400000,2025-04-08T20:00:00Z,1466.67000000,1486.20000000,1441.30000000,1473.41000000,122552.91020000,1744156799999,2025-04-08T23:59:59.999000Z,179726196.44416000,619006,60511.18890000,88808953.55095200
1744156800000,2025-04-09T00:00:00Z,1473.41000000,1482.28000000,1385.05000000,1418.80000000,348901.65010000,1744171199999,2025-04-09T03:59:59.999000Z,498749298.77972000,1045974,160341.30390000,229399357.77151000
1744171200000,2025-04-09T04:00:00Z,1418.79000000,1492.02000000,1414.77000000,1483.43000000,231481.70660000,1744185599999,2025-04-09T07:59:59.999000Z,337193383.66411400,583929,130734.19110000,190369981.54665000
1744185600000,2025-04-09T08:00:00Z,1483.45000000,1496.55000000,1445.07000000,1455.33000000,225142.44510000,1744199999999,2025-04-09T11:59:59.999000Z,330831583.78771400,574884,110550.65010000,162491155.00277400
1744200000000,2025-04-09T12:00:00Z,1455.33000000,1501.27000000,1440.20000000,1485.26000000,274260.09920000,1744214399999,2025-04-09T15:59:59.999000Z,405231821.69196600,736172,141639.70500000,209324090.58111400
1744214400000,2025-04-09T16:00:00Z,1485.26000000,1673.29000000,1481.97000000,1640.92000000,728405.23820000,1744228799999,2025-04-09T19:59:59.999000Z,1155891954.02620600,1314701,367532.83030000,583899688.87382700
1744228800000,2025-04-09T20:00:00Z,1640.93000000,1689.00000000,1640.56000000,1669.51000000,160339.77460000,1744243199999,2025-04-09T23:59:59.999000Z,267179095.67692700,468187,79942.15590000,133263633.95189600
1744243200000,2025-04-10T00:00:00Z,1669.51000000,1669.85000000,1601.76000000,1617.01000000,126397.40190000,1744257599999,2025-04-10T03:59:59.999000Z,206446157.77631200,470514,63388.52010000,103459513.15810500
1744257600000,2025-04-10T04:00:00Z,1617.00000000,1626.14000000,1583.31000000,1595.81000000,104597.02390000,1744271999999,2025-04-10T07:59:59.999000Z,168325502.41487600,369717,50181.05420000,80787103.98281400
1744272000000,2025-04-10T08:00:00Z,1595.81000000,1606.86000000,1581.36000000,1594.81000000,87134.12560000,1744286399999,2025-04-10T11:59:59.999000Z,138937746.65693400,373760,42039.90260000,67034293.31734400
1744286400000,2025-04-10T12:00:00Z,1594.80000000,1640.00000000,1483.60000000,1495.98000000,325823.90290000,1744300799999,2025-04-10T15:59:59.999000Z,507849700.32871800,906479,163070.98030000,254539616.73948300
1744300800000,2025-04-10T16:00:00Z,1495.97000000,1532.20000000,1471.02000000,1514.67000000,206611.55450000,1744315199999,2025-04-10T19:59:59.999000Z,310642449.59592800,648952,106942.46260000,160814993.08875000
1744315200000,2025-04-10T20:00:00Z,1514.60000000,1533.70000000,1514.16000000,1522.25000000,61291.38460000,1744329599999,2025-04-10T23:59:59.999000Z,93448359.12215100,237699,29205.33940000,44529019.20065500
1744329600000,2025-04-11T00:00:00Z,1522.24000000,1550.60000000,1504.63000000,1544.61000000,94058.36690000,1744343999999,2025-04-11T03:59:59.999000Z,144162259.96682700,457708,46929.30020000,71978862.83140400
1744344000000,2025-04-11T04:00:00Z,1544.61000000,1562.80000000,1541.04000000,1553.04000000,69184.04190000,1744358399999,2025-04-11T07:59:59.999000Z,107288501.77558900,271351,35925.20430000,55717634.28640300
1744358400000,2025-04-11T08:00:00Z,1553.05000000,1585.00000000,1538.14000000,1558.79000000,139182.34950000,1744372799999,2025-04-11T11:59:59.999000Z,217228708.48452700,567742,73254.27390000,114353746.02439100
1744372800000,2025-04-11T12:00:00Z,1558.80000000,1581.44000000,1541.48000000,1565.44000000,148755.53450000,1744387199999,2025-04-11T15:59:59.999000Z,232308221.87105000,640147,79802.67160000,124654243.53599200
1744387200000,2025-04-11T16:00:00Z,1565.44000000,1591.47000000,1555.87000000,1565.79000000,83844.12420000,1744401599999,2025-04-11T19:59:59.999000Z,131935866.94069700,398176,47646.21500000,74997400.48909500
1744401600000,2025-04-11T20:00:00Z,1565.79000000,1586.97000000,1558.70000000,1566.85000000,43459.90130000,1744415999999,2025-04-11T23:59:59.999000Z,68287415.56967300,212168,22149.50980000,34812985.13151900
1744416000000,2025-04-12T00:00:00Z,1566.85000000,1569.79000000,1546.06000000,1554.40000000,48549.47900000,1744430399999,2025-04-12T03:59:59.999000Z,75563392.36651200,256956,20002.83680000,31134339.14858000
1744430400000,2025-04-12T04:00:00Z,1554.40000000,1585.23000000,1550.50000000,1582.05000000,48725.56480000,1744444799999,2025-04-12T07:59:59.999000Z,76463350.55853200,249263,27252.74880000,42777825.52403700
1744444800000,2025-04-12T08:00:00Z,1582.04000000,1606.41000000,1581.00000000,1594.06000000,68189.60490000,1744459199999,2025-04-12T11:59:59.999000Z,108795370.97312800,287845,34259.08340000,54675485.37618600
1744459200000,2025-04-12T12:00:00Z,1594.06000000,1669.59000000,1590.70000000,1655.87000000,184898.53650000,1744473599999,2025-04-12T15:59:59.999000Z,303011683.43225900,713761,103336.04900000,169371171.10521500
1744473600000,2025-04-12T16:00:00Z,1655.88000000,1662.33000000,1628.24000000,1642.63000000,96645.47200000,1744487999999,2025-04-12T19:59:59.999000Z,158837500.24911900,394713,53160.65550000,87365997.28423900
1744488000000,2025-04-12T20:00:00Z,1642.64000000,1659.93000000,1641.24000000,1644.18000000,54859.24610000,1744502399999,2025-04-12T23:59:59.999000Z,90505137.73442300,275262,28888.03570000,47662276.38564700
1744502400000,2025-04-13T00:00:00Z,1644.19000000,1649.75000000,1606.55000000,1624.53000000,75377.27820000,1744516799999,2025-04-13T03:59:59.999000Z,122640527.87832200,413353,38844.45300000,63217794.25084500
1744516800000,2025-04-13T04:00:00Z,1624.52000000,1624.66000000,1597.47000000,1613.50000000,57240.29260000,1744531199999,2025-04-13T07:59:59.999000Z,92292354.88352900,301456,29568.53130000,47702895.65238100
1744531200000,2025-04-13T08:00:00Z,1613.51000000,1628.20000000,1592.58000000,1604.28000000,72537.00650000,1744545599999,2025-04-13T11:59:59.999000Z,116881188.39042700,323469,35165.00150000,56689620.36995200
1744545600000,2025-04-13T12:00:00Z,1604.29000000,1609.30000000,1566.11000000,1586.62000000,107308.59970000,1744559999999,2025-04-13T15:59:59.999000Z,170371552.11720900,472233,44317.67360000,70323302.66720100
1744560000000,2025-04-13T16:00:00Z,1586.61000000,1649.04000000,1562.01000000,1590.25000000,173502.94780000,1744574399999,2025-04-13T19:59:59.999000Z,279430507.12168700,610133,85391.40760000,137585808.52567200
1744574400000,2025-04-13T20:00:00Z,1590.25000000,1617.08000000,1572.24000000,1597.76000000,94170.48970000,1744588799999,2025-04-13T23:59:59.999000Z,149982533.90068100,476706,48085.47100000,76616343.14503200
1744588800000,2025-04-14T00:00:00Z,1597.76000000,1660.32000000,1595.56000000,1629.59000000,126833.35880000,1744603199999,2025-04-14T03:59:59.999000Z,206872621.74913100,612817,65618.88180000,107012468.51764500
1744603200000,2025-04-14T04:00:00Z,1629.60000000,1642.19000000,1612.63000000,1635.57000000,68892.47490000,1744617599999,2025-04-14T07:59:59.999000Z,112190385.98383700,378353,34055.06060000,55464402.70531900
1744617600000,2025-04-14T08:00:00Z,1635.58000000,1691.50000000,1629.34000000,1675.32000000,140481.58200000,1744631999999,2025-04-14T11:59:59.999000Z,233901773.14688500,581311,76519.08120000,127450508.72072700
1744632000000,2025-04-14T12:00:00Z,1675.32000000,1689.59000000,1619.34000000,1627.93000000,157297.74590000,1744646399999,2025-04-14T15:59:59.999000Z,260733408.93303400,674512,78529.71050000,130180433.24290700
1744646400000,2025-04-14T16:00:00Z,1627.94000000,1651.51000000,1615.00000000,1636.58000000,105039.34290000,1744660799999,2025-04-14T19:59:59.999000Z,171790980.80006300,450990,53233.86700000,87079361.67482500
1744660800000,2025-04-14T20:00:00Z,1636.58000000,1638.18000000,1606.01000000,1623.77000000,47385.63740000,1744675199999,2025-04-14T23:59:59.999000Z,76937586.23668600,277861,24228.52840000,39349488.12032100
1744675200000,2025-04-15T00:00:00Z,1623.78000000,1643.70000000,1614.80000000,1637.89000000,66593.44240000,1744689599999,2025-04-15T03:59:59.999000Z,108540581.68374200,441818,34592.93270000,56396080.53574800
1744689600000,2025-04-15T04:00:00Z,1637.90000000,1648.47000000,1632.06000000,1644.84000000,49772.80160000,1744703999999,2025-04-15T07:59:59.999000Z,81669395.22460900,269054,25664.60230000,42116924.20817600
1744704000000,2025-04-15T08:00:00Z,1644.83000000,1651.96000000,1622.47000000,1632.05000000,71974.15570000,1744718399999,2025-04-15T11:59:59.999000Z,117871033.75272900,330050,34787.19340000,56985130.82504500
1744718400000,2025-04-15T12:00:00Z,1632.06000000,1661.21000000,1601.36000000,1621.02000000,167803.81850000,1744732799999,2025-04-15T15:59:59.999000Z,273407974.15304800,655985,81023.53300000,132047874.52110100
1744732800000,2025-04-15T16:00:00Z,1621.01000000,1627.99000000,1597.17000000,1606.96000000,64876.56000000,1744747199999,2025-04-15T19:59:59.999000Z,104663620.13719100,319018,29624.20340000,47798153.92260300
1744747200000,2025-04-15T20:00:00Z,1606.95000000,1614.78000000,1583.12000000,1588.78000000,55158.11330000,1744761599999,2025-04-15T23:59:59.999000Z,88057511.75930600,267377,26697.38550000,42634188.54193400
1744761600000,2025-04-16T00:00:00Z,1588.77000000,1604.40000000,1576.50000000,1591.04000000,53725.26080000,1744775999999,2025-04-16T03:59:59.999000Z,85527663.33457800,330412,26092.01580000,41552396.94774300
1744776000000,2025-04-16T04:00:00Z,1591.04000000,1593.66000000,1551.18000000,1564.28000000,98012.82350000,1744790399999,2025-04-16T07:59:59.999000Z,154199157.74526400,369405,50036.96800000,78734645.64836900
1744790400000,2025-04-16T08:00:00Z,1564.28000000,1586.10000000,1556.70000000,1584.17000000,61135.95910000,1744804799999,2025-04-16T11:59:59.999000Z,96267860.30004700,356098,32017.85940000,50427328.15760500
1744804800000,2025-04-16T12:00:00Z,1584.18000000,1613.66000000,1566.28000000,1590.69000000,127938.43490000,1744819199999,2025-04-16T15:59:59.999000Z,203132009.98185700,551257,66181.28710000,105082831.38114500
1744819200000,2025-04-16T16:00:00Z,1590.70000000,1612.83000000,1538.07000000,1588.60000000,208530.83180000,1744833599999,2025-04-16T19:59:59.999000Z,327817967.02635600,759845,104868.87040000,164894484.64353000
1744833600000,2025-04-16T20:00:00Z,1588.61000000,1598.15000000,1570.00000000,1577.14000000,62044.55850000,1744847999999,2025-04-16T23:59:59.999000Z,98326851.50508100,278402,31910.78960000,50580953.58635000
1744848000000,2025-04-17T00:00:00Z,1577.15000000,1595.57000000,1574.69000000,1584.91000000,59911.53470000,1744862399999,2025-04-17T03:59:59.999000Z,95003927.42605500,277573,30119.67270000,47767088.37670300
1744862400000,2025-04-17T04:00:00Z,1584.91000000,1610.53000000,1580.99000000,1601.60000000,65643.76440000,1744876799999,2025-04-17T07:59:59.999000Z,104949120.83210000,255244,34860.68130000,55737051.77281400
1744876800000,2025-04-17T08:00:00Z,1601.60000000,1604.23000000,1588.65000000,1593.27000000,44240.95510000,1744891199999,2025-04-17T11:59:59.999000Z,70595022.47837700,198272,22021.92620000,35140555.87461000
1744891200000,2025-04-17T12:00:00Z,1593.27000000,1603.19000000,1563.20000000,1583.17000000,93211.02730000,1744905599999,2025-04-17T15:59:59.999000Z,147744192.67219700,429601,47324.04790000,75017573.67424500
1744905600000,2025-04-17T16:00:00Z,1583.17000000,1616.96000000,1577.02000000,1581.45000000,147342.56240000,1744919999999,2025-04-17T19:59:59.999000Z,235752120.54406400,537019,73125.17910000,117009516.06965200
1744920000000,2025-04-17T20:00:00Z,1581.44000000,1591.84000000,1579.00000000,1583.62000000,39520.51890000,1744934399999,2025-04-17T23:59:59.999000Z,62667099.19055200,173405,19509.91690000,30938919.05320700
1744934400000,2025-04-18T00:00:00Z,1583.63000000,1589.19000000,1577.23000000,1584.15000000,38792.36740000,1744948799999,2025-04-18T03:59:59.999000Z,61415147.16995800,175155,19943.16000000,31576837.04063200
1744948800000,2025-04-18T04:00:00Z,1584.14000000,1585.19000000,1573.54000000,1584.09000000,41086.59070000,1744963199999,2025-04-18T07:59:59.999000Z,64900788.61032200,165183,20203.86100000,31915068.38921700
1744963200000,2025-04-18T08:00:00Z,1584.10000000,1592.82000000,1582.30000000,1590.67000000,30494.13200000,1744977599999,2025-04-18T11:59:59.999000Z,48406345.25839900,157654,16185.82810000,25694783.30929300
1744977600000,2025-04-18T12:00:00Z,1590.67000000,1597.20000000,1579.09000000,1583.17000000,40691.50350000,1744991999999,2025-04-18T15:59:59.999000Z,64658228.68983900,181694,20193.04050000,32088318.59084300
1744992000000,2025-04-18T16:00:00Z,1583.17000000,1595.18000000,1581.80000000,1593.31000000,25174.14230000,1745006399999,2025-04-18T19:59:59.999000Z,40024223.48364400,110386,11076.00470000,17604623.58759600
1745006400000,2025-04-18T20:00:00Z,1593.31000000,1600.64000000,1587.01000000,1588.60000000,24170.30000000,1745020799999,2025-04-18T23:59:59.999000Z,38526289.62731100,98956,11471.64310000,18287118.04932100
1745020800000,2025-04-19T00:00:00Z,1588.60000000,1600.26000000,1585.01000000,1597.76000000,31072.39810000,1745035199999,2025-04-19T03:59:59.999000Z,49484729.84084500,123948,18220.34580000,29016915.34924700
1745035200000,2025-04-19T04:00:00Z,1597.75000000,1613.48000000,1595.33000000,1600.94000000,43084.68310000,1745049599999,2025-04-19T07:59:59.999000Z,69052349.87269500,150340,24862.61150000,39851566.25283400
1745049600000,2025-04-19T08:00:00Z,1600.94000000,1606.40000000,1594.07000000,1596.79000000,30170.26230000,1745063999999,2025-04-19T11:59:59.999000Z,48264787.08985600,261171,16190.15010000,25899666.70116900
1745064000000,2025-04-19T12:00:00Z,1596.80000000,1612.29000000,1595.05000000,1607.28000000,39041.62320000,1745078399999,2025-04-19T15:59:59.999000Z,62618736.36536500,400999,19675.76720000,31561399.12831000
1745078400000,2025-04-19T16:00:00Z,1607.28000000,1631.81000000,1598.50000000,1614.79000000,58737.78780000,1745092799999,2025-04-19T19:59:59.999000Z,94901604.72052200,555340,30991.09010000,50088425.28084100
1745092800000,2025-04-19T20:00:00Z,1614.80000000,1622.37000000,1611.06000000,1613.27000000,20989.63540000,1745107199999,2025-04-19T23:59:59.999000Z,33932637.82301100,270765,9916.33800000,16033049.35464600
1745107200000,2025-04-20T00:00:00Z,1613.26000000,1619.19000000,1608.00000000,1611.87000000,27425.14400000,1745121599999,2025-04-20T03:59:59.999000Z,44261740.58149100,315825,14526.13000000,23442259.48267200
1745121600000,2025-04-20T04:00:00Z,1611.87000000,1617.65000000,1586.60000000,1597.46000000,47330.50510000,1745135999999,2025-04-20T07:59:59.999000Z,75807486.21521100,266033,21388.16320000,34276320.54871400
1745136000000,2025-04-20T08:00:00Z,1597.46000000,1597.61000000,1565.59000000,1572.62000000,86979.45970000,1745150399999,2025-04-20T11:59:59.999000Z,137496353.31591700,439477,44634.52740000,70571935.32173000
1745150400000,2025-04-20T12:00:00Z,1572.61000000,1584.04000000,1571.10000000,1573.50000000,41804.60850000,1745164799999,2025-04-20T15:59:59.999000Z,65915748.21695700,367640,22781.50930000,35922759.37522500
1745164800000,2025-04-20T16:00:00Z,1573.51000000,1587.97000000,1571.49000000,1586.17000000,28189.31360000,1745179199999,2025-04-20T19:59:59.999000Z,44534853.31840500,240518,13675.25780000,21605023.11144600
1745179200000,2025-04-20T20:00:00Z,1586.19000000,1600.75000000,1574.68000000,1587.36000000,44323.19970000,1745193599999,2025-04-20T23:59:59.999000Z,70361314.32717100,284318,21387.80700000,33955734.64296900
1745193600000,2025-04-21T00:00:00Z,1587.36000000,1645.45000000,1586.18000000,1634.54000000,160608.87170000,1745207999999,2025-04-21T03:59:59.999000Z,260949363.71262300,1070738,84866.38930000,137838445.56157500
1745208000000,2025-04-21T04:00:00Z,1634.55000000,1658.75000000,1631.30000000,1645.92000000,114675.88720000,1745222399999,2025-04-21T07:59:59.999000Z,188773204.29613800,506767,57996.95710000,95498749.83432800
1745222400000,2025-04-21T08:00:00Z,1645.92000000,1655.00000000,1617.85000000,1626.34000000,77595.43770000,1745236799999,2025-04-21T11:59:59.999000Z,127003574.67547000,373307,38805.94100000,63507656.40375900
1745236800000,2025-04-21T12:00:00Z,1626.34000000,1641.82000000,1608.60000000,1623.30000000,110419.62880000,1745251199999,2025-04-21T15:59:59.999000Z,179541280.82501400,1011801,58830.28890000,95668195.82481800
1745251200000,2025-04-21T16:00:00Z,1623.30000000,1626.09000000,1564.07000000,1573.70000000,175835.55970000,1745265599999,2025-04-21T19:59:59.999000Z,278593655.18798800,1050495,79990.89680000,126736673.42845900
1745265600000,2025-04-21T20:00:00Z,1573.70000000,1580.75000000,1571.35000000,1579.57000000,52351.28160000,1745279999999,2025-04-21T23:59:59.999000Z,82497125.17136200,244708,29233.30480000,46074570.10635300
1745280000000,2025-04-22T00:00:00Z,1579.57000000,1593.73000000,1537.26000000,1579.22000000,144649.16120000,1745294399999,2025-04-22T03:59:59.999000Z,227041526.01459500,742051,71602.83140000,112371680.74450900
1745294400000,2025-04-22T04:00:00Z,1579.22000000,1624.00000000,1574.00000000,1619.21000000,119131.88640000,1745308799999,2025-04-22T07:59:59.999000Z,190562543.22831700,488528,57337.47440000,91749815.08723900
1745308800000,2025-04-22T08:00:00Z,1619.20000000,1638.16000000,1613.01000000,1631.03000000,118180.92710000,1745323199999,2025-04-22T11:59:59.999000Z,192203561.78731000,460587,55305.14440000,89953317.36296700
1745323200000,2025-04-22T12:00:00Z,1631.03000000,1725.81000000,1626.85000000,1703.01000000,390160.86830000,1745337599999,2025-04-22T15:59:59.999000Z,653584934.60511800,1117518,219914.40780000,368322075.75895300
1745337600000,2025-04-22T16:00:00Z,1703.00000000,1710.66000000,1683.08000000,1698.22000000,117017.38220000,1745351999999,2025-04-22T19:59:59.999000Z,198517749.95217700,427007,57529.25690000,97615878.14696600
1745352000000,2025-04-22T20:00:00Z,1698.22000000,1778.00000000,1691.68000000,1756.26000000,213896.73340000,1745366399999,2025-04-22T23:59:59.999000Z,371942467.49261200,605903,109267.48200000,189967686.43771800
1745366400000,2025-04-23T00:00:00Z,1756.25000000,1807.56000000,1744.95000000,1795.49000000,193263.61820000,1745380799999,2025-04-23T03:59:59.999000Z,343504915.61386700,658603,111013.54190000,197350153.81095800
1745380800000,2025-04-23T04:00:00Z,1795.49000000,1818.18000000,1773.93000000,1792.11000000,180484.40260000,1745395199999,2025-04-23T07:59:59.999000Z,323945651.83592500,536200,89966.95290000,161444467.64553000
1745395200000,2025-04-23T08:00:00Z,1792.10000000,1812.20000000,1779.20000000,1797.23000000,119675.48430000,1745409599999,2025-04-23T11:59:59.999000Z,214959346.88100600,472138,60633.33090000,108894361.25257900
1745409600000,2025-04-23T12:00:00Z,1797.22000000,1834.86000000,1761.62000000,1794.60000000,272006.83040000,1745423999999,2025-04-23T15:59:59.999000Z,488843007.87564700,1013106,145295.26960000,261144615.25069500
1745424000000,2025-04-23T16:00:00Z,1794.60000000,1810.00000000,1774.47000000,1786.03000000,88340.43330000,1745438399999,2025-04-23T19:59:59.999000Z,158385137.12530000,456672,40455.11310000,72562893.08334400
1745438400000,2025-04-23T20:00:00Z,1786.03000000,1806.91000000,1785.73000000,1795.07000000,33774.86280000,1745452799999,2025-04-23T23:59:59.999000Z,60673836.18373200,209544,18501.02830000,33236920.45653800
1745452800000,2025-04-24T00:00:00Z,1795.08000000,1802.82000000,1766.52000000,1768.18000000,68766.24190000,1745467199999,2025-04-24T03:59:59.999000Z,122769474.14559500,381620,32281.89350000,57660343.57602800
1745467200000,2025-04-24T04:00:00Z,1768.16000000,1776.34000000,1751.27000000,1756.25000000,76239.24840000,1745481599999,2025-04-24T07:59:59.999000Z,134650787.79903600,344280,31411.58380000,55476899.05426400
1745481600000,2025-04-24T08:00:00Z,1756.25000000,1760.70000000,1722.90000000,1755.10000000,111964.64320000,1745495999999,2025-04-24T11:59:59.999000Z,194940068.97399100,437009,49437.56110000,86050588.67083000
1745496000000,2025-04-24T12:00:00Z,1755.10000000,1777.77000000,1744.40000000,1764.62000000,106855.27980000,1745510399999,2025-04-24T15:59:59.999000Z,188277308.29756800,495476,54196.66140000,95495446.10072800
1745510400000,2025-04-24T16:00:00Z,1764.62000000,1777.50000000,1746.04000000,1763.10000000,76360.59620000,1745524799999,2025-04-24T19:59:59.999000Z,134577956.97677700,375795,37561.98970000,66203063.14224800
1745524800000,2025-04-24T20:00:00Z,1763.10000000,1774.84000000,1749.04000000,1769.65000000,43279.02900000,1745539199999,2025-04-24T23:59:59.999000Z,76291595.85349300,191280,23267.29170000,41017736.97577900
1745539200000,2025-04-25T00:00:00Z,1769.64000000,1790.50000000,1738.60000000,1760.89000000,91446.83650000,1745553599999,2025-04-25T03:59:59.999000Z,161114082.78376400,382329,45440.44860000,80138996.61019000
1745553600000,2025-04-25T04:00:00Z,1760.89000000,1781.88000000,1758.14000000,1777.18000000,56655.51640000,1745567999999,2025-04-25T07:59:59.999000Z,100362850.23496700,264811,31277.55080000,55411260.10250600
1745568000000,2025-04-25T08:00:00Z,1777.17000000,1793.29000000,1764.29000000,1790.49000000,94062.54820000,1745582399999,2025-04-25T11:59:59.999000Z,167336676.44032900,392798,49062.45320000,87290957.84046200
1745582400000,2025-04-25T12:00:00Z,1790.49000000,1827.32000000,1757.25000000,1806.48000000,225511.84620000,1745596799999,2025-04-25T15:59:59.999000Z,404589456.03680800,851846,121832.89830000,218618458.95320100
1745596800000,2025-04-25T16:00:00Z,1806.48000000,1810.89000000,1782.40000000,1802.16000000,81938.49270000,1745611199999,2025-04-25T19:59:59.999000Z,147188680.35305200,417138,41517.62060000,74582141.22539500
1745611200000,2025-04-25T20:00:00Z,1802.16000000,1809.40000000,1783.85000000,1784.60000000,45995.64940000,1745625599999,2025-04-25T23:59:59.999000Z,82601164.49013300,207826,20988.59830000,37690583.91906700
1745625600000,2025-04-26T00:00:00Z,1784.60000000,1815.81000000,1784.60000000,1797.48000000,79135.71110000,1745639999999,2025-04-26T03:59:59.999000Z,142547441.70519500,358761,45309.20230000,81645092.48430800
1745640000000,2025-04-26T04:00:00Z,1797.48000000,1810.88000000,1789.00000000,1800.49000000,35833.04900000,1745654399999,2025-04-26T07:59:59.999000Z,64496823.33390800,233625,17703.02300000,31873289.49832000
1745654400000,2025-04-26T08:00:00Z,1800.49000000,1841.16000000,1778.94000000,1785.85000000,115929.75670000,1745668799999,2025-04-26T11:59:59.999000Z,209587473.21313300,537330,57178.86470000,103451143.83352000
1745668800000,2025-04-26T12:00:00Z,1785.86000000,1804.00000000,1780.10000000,1800.20000000,53171.57500000,1745683199999,2025-04-26T15:59:59.999000Z,95345336.75354800,313993,27383.06690000,49108536.28897000
1745683200000,2025-04-26T16:00:00Z,1800.20000000,1814.89000000,1795.86000000,1813.08000000,28122.10420000,1745697599999,2025-04-26T19:59:59.999000Z,50736883.37086000,185285,13996.50910000,25260048.97744600
1745697600000,2025-04-26T20:00:00Z,1813.08000000,1831.09000000,1805.51000000,1820.88000000,42875.84820000,1745711999999,2025-04-26T23:59:59.999000Z,77931604.48857200,278304,22737.41360000,41334055.37261000
1745712000000,2025-04-27T00:00:00Z,1820.87000000,1857.47000000,1801.02000000,1809.75000000,125776.64080000,1745726399999,2025-04-27T03:59:59.999000Z,230060083.21406300,999542,62369.26410000,114231639.72923400
1745726400000,2025-04-27T04:00:00Z,1809.75000000,1811.60000000,1790.27000000,1803.76000000,45935.85970000,1745740799999,2025-04-27T07:59:59.999000Z,82721759.91514700,292551,19025.23490000,34263608.24041100
1745740800000,2025-04-27T08:00:00Z,1803.75000000,1815.52000000,1801.56000000,1805.94000000,32043.35560000,1745755199999,2025-04-27T11:59:59.999000Z,57960072.17801800,228072,16627.06990000,30078213.76750000
1745755200000,2025-04-27T12:00:00Z,1805.94000000,1808.10000000,1781.90000000,1793.86000000,65995.61240000,1745769599999,2025-04-27T15:59:59.999000Z,118551972.54680900,391344,32456.65940000,58302661.54972600
1745769600000,2025-04-27T16:00:00Z,1793.85000000,1808.47000000,1787.31000000,1808.01000000,32862.37880000,1745783999999,2025-04-27T19:59:59.999000Z,59109224.66388400,233435,17762.18680000,31949564.07270700
1745784000000,2025-04-27T20:00:00Z,1808.01000000,1808.26000000,1784.59000000,1791.29000000,37718.79620000,1745798399999,2025-04-27T23:59:59.999000Z,67719180.79033300,260820,16504.29770000,29630237.09401500
1745798400000,2025-04-28T00:00:00Z,1791.29000000,1793.83000000,1752.18000000,1784.23000000,110341.66080000,1745812799999,2025-04-28T03:59:59.999000Z,195591874.47694400,593854,52021.57860000,92208031.29668800
1745812800000,2025-04-28T04:00:00Z,1784.23000000,1812.08000000,1784.23000000,1804.79000000,63071.95810000,1745827199999,2025-04-28T07:59:59.999000Z,113419225.37427400,325564,31676.19610000,56970693.66370100
1745827200000,2025-04-28T08:00:00Z,1804.80000000,1827.98000000,1788.30000000,1816.20000000,95744.55660000,1745841599999,2025-04-28T11:59:59.999000Z,173305755.73424300,471115,47113.92110000,85327310.55639900
1745841600000,2025-04-28T12:00:00Z,1816.20000000,1816.97000000,1753.00000000,1763.28000000,143536.73450000,1745855999999,2025-04-28T15:59:59.999000Z,256451798.65992600,744905,61992.73080000,110759543.13874400
1745856000000,2025-04-28T16:00:00Z,1763.27000000,1804.79000000,1744.71000000,1797.17000000,119073.31870000,1745870399999,2025-04-28T19:59:59.999000Z,211303099.18676600,564894,63333.42850000,112444582.43538400
1745870400000,2025-04-28T20:00:00Z,1797.17000000,1807.00000000,1781.16000000,1799.88000000,55501.51430000,1745884799999,2025-04-28T23:59:59.999000Z,99619005.72022100,280324,26286.54700000,47196799.31501200
1745884800000,2025-04-29T00:00:00Z,1799.88000000,1811.56000000,1787.89000000,1802.08000000,60533.17630000,1745899199999,2025-04-29T03:59:59.999000Z,108912406.73912700,402270,30583.02890000,55038545.22205500
1745899200000,2025-04-29T04:00:00Z,1802.07000000,1824.94000000,1788.16000000,1821.71000000,77348.44060000,1745913599999,2025-04-29T07:59:59.999000Z,140035993.97003500,364346,41445.22360000,75054638.64144500
1745913600000,2025-04-29T08:00:00Z,1821.71000000,1842.99000000,1816.92000000,1829.77000000,104234.23100000,1745927999999,2025-04-29T11:59:59.999000Z,190764415.15610600,479003,56474.84450000,103371771.91092200
1745928000000,2025-04-29T12:00:00Z,1829.76000000,1833.42000000,1802.02000000,1814.99000000,100591.99700000,1745942399999,2025-04-29T15:59:59.999000Z,182850728.94779300,563926,50279.30410000,91393404.01252100
1745942400000,2025-04-29T16:00:00Z,1814.99000000,1832.49000000,1807.48000000,1821.65000000,64099.11390000,1745956799999,2025-04-29T19:59:59.999000Z,116794189.13446200,398341,33949.43850000,61859708.26241100
1745956800000,2025-04-29T20:00:00Z,1821.66000000,1825.69000000,1780.47000000,1797.81000000,73649.42960000,1745971199999,2025-04-29T23:59:59.999000Z,132327637.80161900,383081,34405.28170000,61800477.88391700
1745971200000,2025-04-30T00:00:00Z,1797.81000000,1813.09000000,1788.90000000,1808.91000000,47523.16180000,1745985599999,2025-04-30T03:59:59.999000Z,85648252.82492200,314117,23304.16470000,42013996.99085200
1745985600000,2025-04-30T04:00:00Z,1808.92000000,1813.00000000,1791.10000000,1796.37000000,38807.93500000,1745999999999,2025-04-30T07:59:59.999000Z,70027697.08170800,236870,18484.49290000,33366737.76588900
1746000000000,2025-04-30T08:00:00Z,1796.37000000,1816.80000000,1792.80000000,1815.70000000,43373.08710000,1746014399999,2025-04-30T11:59:59.999000Z,78275300.02536100,242090,20290.58260000,36624546.94910400
1746014400000,2025-04-30T12:00:00Z,1815.69000000,1816.40000000,1731.70000000,1764.74000000,215011.58370000,1746028799999,2025-04-30T15:59:59.999000Z,379473018.70306200,928276,96266.04700000,169873300.12152500
1746028800000,2025-04-30T16:00:00Z,1764.73000000,1792.97000000,1756.07000000,1786.69000000,67778.26440000,1746043199999,2025-04-30T19:59:59.999000Z,120395414.38992400,437881,33966.82920000,60337510.62549500
1746043200000,2025-04-30T20:00:00Z,1786.70000000,1809.72000000,1784.61000000,1793.61000000,61029.95570000,1746057599999,2025-04-30T23:59:59.999000Z,109739315.30135500,309764,32551.65930000,58535043.59821400
1746057600000,2025-05-01T00:00:00Z,1793.62000000,1819.00000000,1792.52000000,1807.99000000,54356.66990000,1746071999999,2025-05-01T03:59:59.999000Z,98278386.35253900,289957,28611.08220000,51733739.29022100
1746072000000,2025-05-01T04:00:00Z,1807.99000000,1816.90000000,1802.14000000,1810.60000000,34775.76020000,1746086399999,2025-05-01T07:59:59.999000Z,62929919.28214500,200240,17822.03790000,32253814.59019400
1746086400000,2025-05-01T08:00:00Z,1810.59000000,1859.23000000,1808.80000000,1845.58000000,136551.27610000,1746100799999,2025-05-01T11:59:59.999000Z,250709446.65503200,512298,79057.83520000,145164346.72592000
1746100800000,2025-05-01T12:00:00Z,1845.58000000,1873.17000000,1825.20000000,1852.99000000,206809.77620000,1746115199999,2025-05-01T15:59:59.999000Z,382471860.47745500,742366,107099.59200000,198157848.91660000
1746115200000,2025-05-01T16:00:00Z,1853.00000000,1870.25000000,1838.49000000,1842.82000000,71303.51780000,1746129599999,2025-05-01T19:59:59.999000Z,132288870.13261300,394911,35759.16400000,66361126.84866000
1746129600000,2025-05-01T20:00:00Z,1842.89000000,1851.01000000,1833.50000000,1838.11000000,33401.72890000,1746143999999,2025-05-01T23:59:59.999000Z,61528112.92510800,258993,16184.42690000,29814639.88623800
1746144000000,2025-05-02T00:00:00Z,1838.10000000,1851.30000000,1835.10000000,1847.74000000,36438.55460000,1746158399999,2025-05-02T03:59:59.999000Z,67237953.05111100,302627,19395.09460000,35788431.23039100
1746158400000,2025-05-02T04:00:00Z,1847.74000000,1851.79000000,1816.22000000,1816.32000000,77200.05370000,1746172799999,2025-05-02T07:59:59.999000Z,141392772.94030500,364032,35858.71240000,65721191.97715100
1746172800000,2025-05-02T08:00:00Z,1816.33000000,1835.53000000,1813.00000000,1833.39000000,64205.90350000,1746187199999,2025-05-02T11:59:59.999000Z,117180340.52265500,261470,35219.72340000,64258442.72486500
1746187200000,2025-05-02T12:00:00Z,1833.39000000,1854.50000000,1823.34000000,1841.12000000,115720.84770000,1746201599999,2025-05-02T15:59:59.999000Z,212853399.86018400,521929,61287.75380000,112762330.49473000
1746201600000,2025-05-02T16:00:00Z,1841.11000000,1871.00000000,1831.70000000,1839.68000000,86400.43950000,1746215999999,2025-05-02T19:59:59.999000Z,160176223.53178700,422588,47462.89920000,88012480.36486100
1746216000000,2025-05-02T20:00:00Z,1839.68000000,1848.50000000,1832.49000000,1842.20000000,30702.07600000,1746230399999,2025-05-02T23:59:59.999000Z,56483904.41287900,190277,14979.52550000,27561041.24734700
1746230400000,2025-05-03T00:00:00Z,1842.20000000,1843.05000000,1826.58000000,1834.80000000,28605.74580000,1746244799999,2025-05-03T03:59:59.999000Z,52467462.28067700,187715,13096.35970000,24019132.23778900
1746244800000,2025-05-03T04:00:00Z,1834.80000000,1839.30000000,1824.60000000,1826.41000000,26200.21650000,1746259199999,2025-05-03T07:59:59.999000Z,47957480.76092600,138967,13667.84520000,25018618.90196900
1746259200000,2025-05-03T08:00:00Z,1826.41000000,1830.51000000,1817.63000000,1824.10000000,38880.36100000,1746273599999,2025-05-03T11:59:59.999000Z,70940435.02003100,198651,21621.45280000,39453387.84063900
1746273600000,2025-05-03T12:00:00Z,1824.10000000,1840.12000000,1823.74000000,1834.53000000,35406.83810000,1746287999999,2025-05-03T15:59:59.999000Z,64925494.21063800,173303,16640.80590000,30513542.45156800
1746288000000,2025-05-03T16:00:00Z,1834.53000000,1839.20000000,1810.00000000,1838.21000000,47650.45810000,1746302399999,2025-05-03T19:59:59.999000Z,86922058.14528400,251458,21425.40440000,39090079.42384800
1746302400000,2025-05-03T20:00:00Z,1838.21000000,1848.60000000,1828.40000000,1833.52000000,37007.97840000,1746316799999,2025-05-03T23:59:59.999000Z,68054505.91450100,185625,15885.35230000,29215610.35536800
1746316800000,2025-05-04T00:00:00Z,1833.52000000,1849.60000000,1826.44000000,1831.89000000,37409.38940000,1746331199999,2025-05-04T03:59:59.999000Z,68707207.48744700,284641,18763.54200000,34466340.26083100
1746331200000,2025-05-04T04:00:00Z,1831.89000000,1849.95000000,1829.66000000,1840.98000000,39293.29040000,1746345599999,2025-05-04T07:59:59.999000Z,72383649.45902100,235535,21978.61100000,40488294.75741200
1746345600000,2025-05-04T08:00:00Z,1840.98000000,1841.34000000,1822.00000000,1827.60000000,41649.54150000,1746359999999,2025-05-04T11:59:59.999000Z,76211070.71902100,233701,20851.20220000,38155308.66901200
1746360000000,2025-05-04T12:00:00Z,1827.61000000,1833.99000000,1818.57000000,1830.80000000,34143.72070000,1746374399999,2025-05-04T15:59:59.999000Z,62434533.29748500,209484,15072.55060000,27565638.48153300
1746374400000,2025-05-04T16:00:00Z,1830.81000000,1833.49000000,1822.08000000,1828.40000000,26733.06320000,1746388799999,2025-05-04T19:59:59.999000Z,48869084.66325200,182000,11347.80170000,20743811.07076200
1746388800000,2025-05-04T20:00:00Z,1828.40000000,1842.15000000,1803.00000000,1808.86000000,59025.35120000,1746403199999,2025-05-04T23:59:59.999000Z,107394030.93912300,298635,27177.70400000,49459601.21587400
1746403200000,2025-05-05T00:00:00Z,1808.86000000,1818.49000000,1781.85000000,1794.51000000,86015.20420000,1746417599999,2025-05-05T03:59:59.999000Z,154594412.01125200,412422,42741.27140000,76820380.90483400
1746417600000,2025-05-05T04:00:00Z,1794.50000000,1829.84000000,1792.82000000,1826.59000000,49441.43630000,1746431999999,2025-05-05T07:59:59.999000Z,89639097.69593100,255916,28534.80700000,51730158.49058200
1746432000000,2025-05-05T08:00:00Z,1826.58000000,1831.55000000,1798.30000000,1804.63000000,57907.62300000,1746446399999,2025-05-05T11:59:59.999000Z,105137809.64935300,286109,27475.44400000,49890149.69713300
1746446400000,2025-05-05T12:00:00Z,1804.64000000,1815.63000000,1794.47000000,1800.99000000,63242.58310000,1746460799999,2025-05-05T15:59:59.999000Z,114088270.72183300,459228,32209.52610000,58109245.99959100
1746460800000,2025-05-05T16:00:00Z,1801.00000000,1828.50000000,1800.78000000,1816.44000000,43543.10020000,1746475199999,2025-05-05T19:59:59.999000Z,79067781.47479900,293542,23024.45340000,41810868.29687600
1746475200000,2025-05-05T20:00:00Z,1816.44000000,1833.55000000,1799.52000000,1820.19000000,42191.06100000,1746489599999,2025-05-05T23:59:59.999000Z,76782671.15183200,254038,20643.12710000,37585477.64100600
1746489600000,2025-05-06T00:00:00Z,1820.19000000,1820.90000000,1792.49000000,1806.35000000,48765.21870000,1746503999999,2025-05-06T03:59:59.999000Z,88027458.87249700,302610,24544.30100000,44318596.96828900
1746504000000,2025-05-06T04:00:00Z,1806.35000000,1809.26000000,1797.78000000,1806.03000000,24102.54120000,1746518399999,2025-05-06T07:59:59.999000Z,43493783.58151900,180479,11643.41960000,21012534.82142300
1746518400000,2025-05-06T08:00:00Z,1806.03000000,1806.10000000,1757.34000000,1769.92000000,79861.62900000,1746532799999,2025-05-06T11:59:59.999000Z,142462392.00082900,417611,33626.49320000,60002085.75243700
1746532800000,2025-05-06T12:00:00Z,1769.92000000,1779.68000000,1752.00000000,1770.09000000,85715.84160000,1746547199999,2025-05-06T15:59:59.999000Z,151603968.88248900,534611,44408.55930000,78558435.49073000
1746547200000,2025-05-06T16:00:00Z,1770.09000000,1798.80000000,1762.16000000,1784.79000000,59655.64480000,1746561599999,2025-05-06T19:59:59.999000Z,106076060.57177000,429676,28417.35180000,50541385.74369300
1746561600000,2025-05-06T20:00:00Z,1784.80000000,1819.41000000,1765.50000000,1817.00000000,86483.36980000,1746575999999,2025-05-06T23:59:59.999000Z,155386288.40478100,468054,45057.42120000,80979178.51006700
1746576000000,2025-05-07T00:00:00Z,1817.00000000,1850.00000000,1814.59000000,1826.48000000,125977.34630000,1746590399999,2025-05-07T03:59:59.999000Z,231011937.61042800,522558,64814.24550000,118828381.47327500
1746590400000,2025-05-07T04:00:00Z,1826.48000000,1838.43000000,1824.57000000,1838.24000000,38011.04680000,1746604799999,2025-05-07T07:59:59.999000Z,69568869.60210300,228951,20698.62560000,37881726.06845800
1746604800000,2025-05-07T08:00:00Z,1838.23000000,1847.05000000,1830.51000000,1836.35000000,56688.72970000,1746619199999,2025-05-07T11:59:59.999000Z,104250611.34966500,249206,27213.93290000,50041868.39765100
1746619200000,2025-05-07T12:00:00Z,1836.35000000,1837.10000000,1814.29000000,1817.31000000,78534.18320000,1746633599999,2025-05-07T15:59:59.999000Z,143420415.38976100,415412,42040.59540000,76777897.82457200
1746633600000,2025-05-07T16:00:00Z,1817.32000000,1818.01000000,1787.01000000,1795.82000000,105311.22810000,1746647999999,2025-05-07T19:59:59.999000Z,189748824.84586300,673884,54686.47060000,98539569.37707600
1746648000000,2025-05-07T20:00:00Z,1795.83000000,1825.44000000,1789.12000000,1811.11000000,51647.53640000,1746662399999,2025-05-07T23:59:59.999000Z,93393838.93622300,318501,27727.60550000,50146183.13531300
1746662400000,2025-05-08T00:00:00Z,1811.11000000,1906.77000000,1808.71000000,1901.10000000,182304.83100000,1746676799999,2025-05-08T03:59:59.999000Z,338176762.69329300,774922,98965.80880000,183782175.58770600
1746676800000,2025-05-08T04:00:00Z,1901.09000000,1943.83000000,1892.20000000,1928.40000000,174077.67790000,1746691199999,2025-05-08T07:59:59.999000Z,332866711.73372400,657490,92822.77160000,177527065.30464400
1746691200000,2025-05-08T08:00:00Z,1928.40000000,1968.72000000,1925.90000000,1957.63000000,155279.63570000,1746705599999,2025-05-08T11:59:59.999000Z,301759246.63292100,549569,77453.33650000,150526908.20149700
1746705600000,2025-05-08T12:00:00Z,1957.64000000,2075.65000000,1954.27000000,2051.30000000,369909.71220000,1746719999999,2025-05-08T15:59:59.999000Z,741167609.64303000,1273157,200769.42720000,402319635.45625800
1746720000000,2025-05-08T16:00:00Z,2051.30000000,2140.00000000,2036.64000000,2117.83000000,238215.60270000,1746734399999,2025-05-08T19:59:59.999000Z,493855755.42964500,989335,125100.30660000,259452565.87351200
1746734400000,2025-05-08T20:00:00Z,2117.83000000,2226.00000000,2111.60000000,2207.39000000,353365.22650000,1746748799999,2025-05-08T23:59:59.999000Z,768248333.19092800,1371590,179828.81360000,391000825.24941800
1746748800000,2025-05-09T00:00:00Z,2207.39000000,2245.03000000,2184.33000000,2205.06000000,197091.85230000,1746763199999,2025-05-09T03:59:59.999000Z,435719831.40346600,1083068,96667.14400000,213708474.80113100
1746763200000,2025-05-09T04:00:00Z,2205.06000000,2393.00000000,2202.80000000,2364.09000000,322754.42910000,1746777599999,2025-05-09T07:59:59.999000Z,741694749.69527900,1300317,166941.88240000,383343542.71547700
1746777600000,2025-05-09T08:00:00Z,2364.09000000,2490.77000000,2292.12000000,2351.29000000,688883.90060000,1746791999999,2025-05-09T11:59:59.999000Z,1638397869.70989500,2398805,324729.79720000,772911631.29450800
1746792000000,2025-05-09T12:00:00Z,2351.29000000,2388.23000000,2271.50000000,2301.30000000,271184.08110000,1746806399999,2025-05-09T15:59:59.999000Z,631076813.19569200,1183863,127577.92240000,297094718.26493700
1746806400000,2025-05-09T16:00:00Z,2301.28000000,2355.20000000,2274.33000000,2331.57000000,129993.10010000,1746820799999,2025-05-09T19:59:59.999000Z,301499405.37919800,667871,70716.92440000,164001658.90619900
1746820800000,2025-05-09T20:00:00Z,2331.58000000,2352.00000000,2322.65000000,2345.04000000,57133.67500000,1746835199999,2025-05-09T23:59:59.999000Z,133561258.96819300,251362,30335.06160000,70929642.69475900
1746835200000,2025-05-10T00:00:00Z,2345.04000000,2380.66000000,2317.00000000,2339.89000000,72245.23120000,1746849599999,2025-05-10T03:59:59.999000Z,169465130.56611400,538799,36154.98280000,84834280.33696900
1746849600000,2025-05-10T04:00:00Z,2339.89000000,2417.13000000,2326.66000000,2400.00000000,121392.49060000,1746863999999,2025-05-10T07:59:59.999000Z,287419332.63887100,590810,69470.01370000,164493992.90318700
1746864000000,2025-05-10T08:00:00Z,2400.01000000,2435.72000000,2360.00000000,2384.75000000,221266.45120000,1746878399999,2025-05-10T11:59:59.999000Z,530969820.03834800,1056213,104023.18880000,249792849.96389500
1746878400000,2025-05-10T12:00:00Z,2384.76000000,2448.88000000,2384.76000000,2433.46000000,138173.15960000,1746892799999,2025-05-10T15:59:59.999000Z,334932574.82134400,723362,72193.14280000,175000960.35360800
1746892800000,2025-05-10T16:00:00Z,2433.46000000,2512.42000000,2428.93000000,2499.48000000,222169.86090000,1746907199999,2025-05-10T19:59:59.999000Z,550266335.21336000,973875,117849.36840000,291979549.36840800
1746907200000,2025-05-10T20:00:00Z,2499.49000000,2600.00000000,2469.10000000,2583.23000000,204102.96710000,1746921599999,2025-05-10T23:59:59.999000Z,520457686.38716800,979919,108320.56670000,276232006.77790800
1746921600000,2025-05-11T00:00:00Z,2583.22000000,2608.13000000,2504.27000000,2537.63000000,191294.71240000,1746935999999,2025-05-11T03:59:59.999000Z,487438168.26613300,1164085,91367.70600000,232910678.33243900
1746936000000,2025-05-11T04:00:00Z,2537.62000000,2562.47000000,2453.92000000,2473.22000000,187762.02320000,1746950399999,2025-05-11T07:59:59.999000Z,471506140.19901400,818885,87173.46690000,219046624.04888700
1746950400000,2025-05-11T08:00:00Z,2473.22000000,2535.46000000,2472.20000000,2530.67000000,108511.12590000,1746964799999,2025-05-11T11:59:59.999000Z,271604779.88375100,577101,56486.25310000,141444140.76943300
1746964800000,2025-05-11T12:00:00Z,2530.67000000,2532.09000000,2435.51000000,2462.51000000,152835.37620000,1746979199999,2025-05-11T15:59:59.999000Z,380103309.27181600,712475,70430.74890000,175239346.80397700
1746979200000,2025-05-11T16:00:00Z,2462.55000000,2525.40000000,2440.25000000,2508.02000000,123750.46470000,1746993599999,2025-05-11T19:59:59.999000Z,307658269.33704300,647695,64534.57330000,160398397.86880300
1746993600000,2025-05-11T20:00:00Z,2508.02000000,2528.52000000,2483.33000000,2514.57000000,67430.68640000,1747007999999,2025-05-11T23:59:59.999000Z,168945041.73175500,420618,32707.34900000,81960447.44619200
1747008000000,2025-05-12T00:00:00Z,2514.58000000,2548.85000000,2490.75000000,2520.00000000,107789.03590000,1747022399999,2025-05-12T03:59:59.999000Z,271872795.65521100,800453,54110.13080000,136525895.59470500
1747022400000,2025-05-12T04:00:00Z,2520.01000000,2624.00000000,2486.80000000,2554.77000000,244402.22280000,1747036799999,2025-05-12T07:59:59.999000Z,624972211.21158300,1103561,123739.65270000,316528074.75032300
1747036800000,2025-05-12T08:00:00Z,2554.78000000,2585.83000000,2522.00000000,2530.59000000,153519.45580000,1747051199999,2025-05-12T11:59:59.999000Z,392366800.75979800,962929,78995.51610000,201951852.57948800
1747051200000,2025-05-12T12:00:00Z,2530.58000000,2576.29000000,2478.00000000,2486.92000000,278494.75660000,1747065599999,2025-05-12T15:59:59.999000Z,703552029.90815300,1245530,133565.01770000,337594280.70858000
1747065600000,2025-05-12T16:00:00Z,2486.91000000,2512.36000000,2406.63000000,2460.36000000,211087.07220000,1747079999999,2025-05-12T19:59:59.999000Z,519303639.54704900,942298,101946.47340000,250744154.07348200
1747080000000,2025-05-12T20:00:00Z,2460.35000000,2500.36000000,2452.26000000,2495.47000000,73388.40000000,1747094399999,2025-05-12T23:59:59.999000Z,182083231.56096700,387012,42040.52970000,104296579.05955300
1747094400000,2025-05-13T00:00:00Z,2495.48000000,2495.79000000,2415.30000000,2424.80000000,110339.16840000,1747108799999,2025-05-13T03:59:59.999000Z,270033053.03679300,839200,50494.09950000,123578852.59628300
1747108800000,2025-05-13T04:00:00Z,2424.80000000,2480.00000000,2420.00000000,2460.72000000,82218.11770000,1747123199999,2025-05-13T07:59:59.999000Z,201728594.40204600,481691,43170.09840000,105925971.19680700
1747123200000,2025-05-13T08:00:00Z,2460.73000000,2525.50000000,2451.25000000,2513.39000000,115595.94450000,1747137599999,2025-05-13T11:59:59.999000Z,287321369.96322400,573575,58892.64240000,146426409.15875400
1747137600000,2025-05-13T12:00:00Z,2513.39000000,2573.87000000,2491.81000000,2566.21000000,215856.74750000,1747151999999,2025-05-13T15:59:59.999000Z,548208272.46355700,904728,123322.42120000,313243213.93578200
1747152000000,2025-05-13T16:00:00Z,2566.21000000,2738.50000000,2560.01000000,2690.94000000,347310.33760000,1747166399999,2025-05-13T19:59:59.999000Z,917692350.11158900,1167044,207406.54870000,548205142.00817600
1747166400000,2025-05-13T20:00:00Z,2690.93000000,2707.62000000,2654.21000000,2679.71000000,160035.33080000,1747180799999,2025-05-13T23:59:59.999000Z,428896723.32817200,699774,86346.95600000,231423747.09248700
1747180800000,2025-05-14T00:00:00Z,2679.71000000,2725.99000000,2622.99000000,2646.82000000,257279.40410000,1747195199999,2025-05-14T03:59:59.999000Z,688578444.17318000,988976,134099.73970000,359150897.59820300
1747195200000,2025-05-14T04:00:00Z,2646.82000000,2687.75000000,2636.59000000,2640.76000000,107100.54670000,1747209599999,2025-05-14T07:59:59.999000Z,284946858.82150700,547765,62696.97470000,166818440.78952800
1747209600000,2025-05-14T08:00:00Z,2640.75000000,2645.95000000,2577.48000000,2624.94000000,186139.46570000,1747223999999,2025-05-14T11:59:59.999000Z,485979186.34127400,885429,79501.08420000,207589836.81833200
1747224000000,2025-05-14T12:00:00Z,2624.93000000,2636.15000000,2559.19000000,2597.49000000,143036.08680000,1747238399999,2025-05-14T15:59:59.999000Z,370669667.80644100,883139,67755.74710000,175642090.50353300
1747238400000,2025-05-14T16:00:00Z,2597.49000000,2617.50000000,2547.26000000,2605.10000000,91850.49600000,1747252799999,2025-05-14T19:59:59.999000Z,237686309.81257000,585604,46723.35180000,120993191.14259500
1747252800000,2025-05-14T20:00:00Z,2605.03000000,2614.05000000,2583.99000000,2609.74000000,44641.11290000,1747267199999,2025-05-14T23:59:59.999000Z,116030059.38525600,290275,22479.94440000,58439377.73254100
1747267200000,2025-05-15T00:00:00Z,2609.75000000,2647.03000000,2566.91000000,2574.93000000,118326.61990000,1747281599999,2025-05-15T03:59:59.999000Z,307773115.16677600,657840,58211.69930000,151473327.78977000
1747281600000,2025-05-15T04:00:00Z,2574.93000000,2596.49000000,2515.69000000,2531.00000000,117822.45300000,1747295999999,2025-05-15T07:59:59.999000Z,301575596.63840000,702901,64485.83710000,165137440.25475900
1747296000000,2025-05-15T08:00:00Z,2530.99000000,2567.65000000,2517.53000000,2554.71000000,110523.86370000,1747310399999,2025-05-15T11:59:59.999000Z,281133250.64492000,633785,56580.20660000,143992657.20836300
1747310400000,2025-05-15T12:00:00Z,2554.71000000,2579.61000000,2476.03000000,2563.76000000,203590.31800000,1747324799999,2025-05-15T15:59:59.999000Z,515021159.11946700,1010464,103545.68220000,262219310.46612100
1747324800000,2025-05-15T16:00:00Z,2563.77000000,2603.59000000,2511.77000000,2530.98000000,143149.77190000,1747339199999,2025-05-15T19:59:59.999000Z,366666734.56141700,823728,76639.66830000,196450627.16452200
1747339200000,2025-05-15T20:00:00Z,2531.00000000,2564.33000000,2512.06000000,2548.69000000,75541.00670000,1747353599999,2025-05-15T23:59:59.999000Z,191657934.10562200,476790,36841.42220000,93499953.91406800
1747353600000,2025-05-16T00:00:00Z,2548.70000000,2584.62000000,2534.20000000,2581.35000000,78973.74150000,1747367999999,2025-05-16T03:59:59.999000Z,202447596.38034000,548420,40648.46810000,104221221.81168300
1747368000000,2025-05-16T04:00:00Z,2581.40000000,2619.99000000,2564.00000000,2601.50000000,102489.87460000,1747382399999,2025-05-16T07:59:59.999000Z,265876660.48459600,480197,57218.74980000,148460065.04568200
1747382400000,2025-05-16T08:00:00Z,2601.50000000,2649.31000000,2558.12000000,2620.83000000,145031.46250000,1747396799999,2025-05-16T11:59:59.999000Z,377656939.21673000,743166,79367.83690000,206753474.98352300
1747396800000,2025-05-16T12:00:00Z,2620.82000000,2623.25000000,2573.80000000,2594.93000000,148721.27220000,1747411199999,2025-05-16T15:59:59.999000Z,386225371.71353900,714858,82624.74580000,214588066.93907000
1747411200000,2025-05-16T16:00:00Z,2594.93000000,2602.01000000,2570.00000000,2591.80000000,63870.44250000,1747425599999,2025-05-16T19:59:59.999000Z,165048831.02055100,427165,33720.52490000,87141853.45678200
1747425600000,2025-05-16T20:00:00Z,2591.89000000,2592.74000000,2529.40000000,2537.12000000,66866.89860000,1747439999999,2025-05-16T23:59:59.999000Z,170873305.23058900,396692,30044.37860000,76826007.33019800
1747440000000,2025-05-17T00:00:00Z,2537.13000000,2538.16000000,2452.60000000,2496.98000000,179817.71570000,1747454399999,2025-05-17T03:59:59.999000Z,447937267.08593300,821453,82402.19390000,205303766.03193000
1747454400000,2025-05-17T04:00:00Z,2497.00000000,2513.51000000,2474.93000000,2492.89000000,69826.13840000,1747468799999,2025-05-17T07:59:59.999000Z,174167245.26067500,369722,31465.34950000,78494657.92349400
1747468800000,2025-05-17T08:00:00Z,2492.90000000,2496.20000000,2466.59000000,2481.67000000,58703.24160000,1747483199999,2025-05-17T11:59:59.999000Z,145681662.68432600,473905,27644.45720000,68616402.47740400
1747483200000,2025-05-17T12:00:00Z,2481.67000000,2486.64000000,2446.42000000,2474.48000000,68534.17610000,1747497599999,2025-05-17T15:59:59.999000Z,169396171.69448700,514261,28193.26400000,69709166.11470600
1747497600000,2025-05-17T16:00:00Z,2474.48000000,2488.69000000,2448.27000000,2470.19000000,62248.92580000,1747511999999,2025-05-17T19:59:59.999000Z,153812344.22430600,476872,29779.11280000,73609449.72490400
1747512000000,2025-05-17T20:00:00Z,2470.18000000,2495.45000000,2453.26000000,2475.08000000,55203.08060000,1747526399999,2025-05-17T23:59:59.999000Z,136583407.36905300,293984,28398.46810000,70279946.73660400
1747526400000,2025-05-18T00:00:00Z,2475.09000000,2487.44000000,2467.75000000,2477.20000000,33903.81210000,1747540799999,2025-05-18T03:59:59.999000Z,84053013.08077800,251301,17216.19640000,42686842.95394600
1747540800000,2025-05-18T04:00:00Z,2477.20000000,2515.44000000,2477.20000000,2509.30000000,46436.55000000,1747555199999,2025-05-18T07:59:59.999000Z,116098504.65494600,297456,25207.18680000,63020548.13263700
1747555200000,2025-05-18T08:00:00Z,2509.29000000,2528.55000000,2498.11000000,2501.75000000,60946.93090000,1747569599999,2025-05-18T11:59:59.999000Z,153292777.38778100,318256,32001.05960000,80509352.36949200
1747569600000,2025-05-18T12:00:00Z,2501.74000000,2587.61000000,2488.02000000,2578.99000000,119513.81170000,1747583999999,2025-05-18T15:59:59.999000Z,304187014.75955100,486004,62306.69040000,158658014.46930400
1747584000000,2025-05-18T16:00:00Z,2579.00000000,2584.00000000,2403.33000000,2408.20000000,270494.37400000,1747598399999,2025-05-18T19:59:59.999000Z,673411121.00585000,927557,124780.97600000,310595062.72380400
1747598400000,2025-05-18T20:00:00Z,2408.20000000,2511.27000000,2323.21000000,2497.78000000,278807.70640000,1747612799999,2025-05-18T23:59:59.999000Z,670398914.54539100,1136304,139384.25880000,335362721.73294600
1747612800000,2025-05-19T00:00:00Z,2497.78000000,2513.67000000,2379.80000000,2385.31000000,164347.13860000,1747627199999,2025-05-19T03:59:59.999000Z,400311066.00751400,945854,77890.13040000,189887004.08575900
1747627200000,2025-05-19T04:00:00Z,2385.32000000,2413.11000000,2348.38000000,2403.74000000,148408.02270000,1747641599999,2025-05-19T07:59:59.999000Z,353406191.28452700,816055,73452.54810000,174995578.25736900
1747641600000,2025-05-19T08:00:00Z,2403.74000000,2422.69000000,2390.12000000,2417.58000000,86572.21010000,1747655999999,2025-05-19T11:59:59.999000Z,208360025.80867200,601641,42305.84710000,101854770.69716200
1747656000000,2025-05-19T12:00:00Z,2417.58000000,2473.70000000,2383.80000000,2466.63000000,153649.80230000,1747670399999,2025-05-19T15:59:59.999000Z,373230612.14541500,949590,77874.49450000,189283127.67192500
1747670400000,2025-05-19T16:00:00Z,2466.63000000,2547.36000000,2450.86000000,2518.82000000,201749.99990000,1747684799999,2025-05-19T19:59:59.999000Z,505488054.29372300,987661,103494.84940000,259281751.37151800
1747684800000,2025-05-19T20:00:00Z,2518.81000000,2534.52000000,2492.43000000,2528.14000000,107020.34940000,1747699199999,2025-05-19T23:59:59.999000Z,269047658.03347300,456652,56694.97700000,142605743.50181800
1747699200000,2025-05-20T00:00:00Z,2528.14000000,2588.63000000,2510.72000000,2553.30000000,153200.78560000,1747713599999,2025-05-20T03:59:59.999000Z,391290671.47724700,859448,82103.44010000,209796996.15074200
1747713600000,2025-05-20T04:00:00Z,2553.29000000,2578.00000000,2521.90000000,2532.30000000,99367.80580000,1747727999999,2025-05-20T07:59:59.999000Z,253396179.06714300,522419,49933.91180000,127429310.50610400
1747728000000,2025-05-20T08:00:00Z,2532.30000000,2540.00000000,2492.58000000,2514.20000000,74634.35710000,1747742399999,2025-05-20T11:59:59.999000Z,188039170.57257500,465080,34792.07400000,87695906.06009500
1747742400000,2025-05-20T12:00:00Z,2514.20000000,2515.38000000,2464.56000000,2482.79000000,117320.70020000,1747756799999,2025-05-20T15:59:59.999000Z,291251581.65000600,660904,56681.23580000,140734623.46702400
1747756800000,2025-05-20T16:00:00Z,2482.78000000,2511.46000000,2442.40000000,2501.28000000,132395.15030000,1747771199999,2025-05-20T19:59:59.999000Z,328320999.92623300,703870,60842.12580000,150976780.89695100
1747771200000,2025-05-20T20:00:00Z,2501.29000000,2541.03000000,2485.10000000,2524.19000000,100070.37570000,1747785599999,2025-05-20T23:59:59.999000Z,251224203.43724500,604963,53857.22170000,135259842.58820000
1747785600000,2025-05-21T00:00:00Z,2524.19000000,2554.50000000,2509.00000000,2544.98000000,94538.63090000,1747799999999,2025-05-21T03:59:59.999000Z,239672151.20483600,564012,47658.66320000,120852008.18966800
1747800000000,2025-05-21T04:00:00Z,2544.98000000,2615.95000000,2534.52000000,2551.87000000,184170.63850000,1747814399999,2025-05-21T07:59:59.999000Z,474426112.81821600,843039,98565.17220000,253953566.74779300
1747814400000,2025-05-21T08:00:00Z,2551.87000000,2562.15000000,2515.38000000,2536.65000000,101973.18830000,1747828799999,2025-05-21T11:59:59.999000Z,258622734.71492800,558464,49806.41320000,126326134.99976400
1747828800000,2025-05-21T12:00:00Z,2536.64000000,2582.18000000,2522.22000000,2567.01000000,196379.57000000,1747843199999,2025-05-21T15:59:59.999000Z,501792385.20635100,1126632,97334.43170000,248778590.22909500
1747843200000,2025-05-21T16:00:00Z,2567.02000000,2615.34000000,2452.20000000,2512.79000000,394137.91880000,1747857599999,2025-05-21T19:59:59.999000Z,988967466.54502200,1719590,190977.87210000,479318690.31359900
1747857600000,2025-05-21T20:00:00Z,2512.75000000,2597.92000000,2486.25000000,2550.99000000,124690.34370000,1747871999999,2025-05-21T23:59:59.999000Z,316534890.34350800,756575,66282.00800000,168320405.86982500
1747872000000,2025-05-22T00:00:00Z,2551.00000000,2647.80000000,2544.83000000,2629.24000000,193398.77090000,1747886399999,2025-05-22T03:59:59.999000Z,502095433.29724100,1154034,108186.37560000,281023072.11576800
1747886400000,2025-05-22T04:00:00Z,2629.24000000,2647.50000000,2602.78000000,2635.19000000,186391.50490000,1747900799999,2025-05-22T07:59:59.999000Z,488908386.26806100,1003853,93958.43710000,246412893.24092100
1747900800000,2025-05-22T08:00:00Z,2635.19000000,2692.99000000,2627.32000000,2650.75000000,187811.69110000,1747915199999,2025-05-22T11:59:59.999000Z,500003219.30929000,1048979,96939.25500000,258124087.26902700
1747915200000,2025-05-22T12:00:00Z,2650.75000000,2679.99000000,2623.14000000,2664.48000000,143113.82090000,1747929599999,2025-05-22T15:59:59.999000Z,380038739.00705200,1011493,71972.32230000,191163732.58998400
1747929600000,2025-05-22T16:00:00Z,2664.48000000,2676.30000000,2626.37000000,2634.51000000,81782.08170000,1747943999999,2025-05-22T19:59:59.999000Z,216998882.43570200,591481,41785.20100000,110895016.57067600
1747944000000,2025-05-22T20:00:00Z,2634.68000000,2665.90000000,2627.85000000,2664.82000000,60057.79740000,1747958399999,2025-05-22T23:59:59.999000Z,158762972.42792500,386695,35727.51880000,94449054.04678000
1747958400000,2025-05-23T00:00:00Z,2664.83000000,2734.23000000,2645.16000000,2722.00000000,187067.15410000,1747972799999,2025-05-23T03:59:59.999000Z,504503820.53530800,1026446,101098.31010000,272567865.28340500
1747972800000,2025-05-23T04:00:00Z,2722.00000000,2725.96000000,2651.35000000,2655.20000000,136416.52410000,1747987199999,2025-05-23T07:59:59.999000Z,365557474.55190300,692322,62228.87340000,166701574.19372000
1747987200000,2025-05-23T08:00:00Z,2655.20000000,2689.21000000,2551.00000000,2566.79000000,174275.17960000,1748001599999,2025-05-23T11:59:59.999000Z,457513175.64808500,886720,75209.99150000,197571839.89579900
1748001600000,2025-05-23T12:00:00Z,2566.78000000,2591.95000000,2498.30000000,2568.53000000,287915.01910000,1748015999999,2025-05-23T15:59:59.999000Z,735909748.62146000,1521511,144432.56330000,369253252.35492200
1748016000000,2025-05-23T16:00:00Z,2568.53000000,2587.18000000,2545.91000000,2560.98000000,95376.18280000,1748030399999,2025-05-23T19:59:59.999000Z,244682066.61969800,643432,46757.35340000,119965809.33862800
1748030400000,2025-05-23T20:00:00Z,2560.97000000,2562.40000000,2503.66000000,2526.50000000,90392.39350000,1748044799999,2025-05-23T23:59:59.999000Z,229172416.63928800,679989,43801.07670000,111103102.68935500
1748044800000,2025-05-24T00:00:00Z,2526.49000000,2556.73000000,2515.08000000,2549.99000000,57804.47500000,1748059199999,2025-05-24T03:59:59.999000Z,146540092.55826300,498650,30955.98760000,78507278.02818500
1748059200000,2025-05-24T04:00:00Z,2550.00000000,2563.50000000,2535.08000000,2546.99000000,35663.26060000,1748073599999,2025-05-24T07:59:59.999000Z,90972098.89608100,294981,15474.98280000,39484527.04196300
1748073600000,2025-05-24T08:00:00Z,2546.99000000,2575.85000000,2545.22000000,2563.31000000,43777.23320000,1748087999999,2025-05-24T11:59:59.999000Z,112166203.16635000,314387,22491.71200000,57635804.35883200
1748088000000,2025-05-24T12:00:00Z,2563.32000000,2565.41000000,2543.51000000,2555.64000000,43615.73890000,1748102399999,2025-05-24T15:59:59.999000Z,111445449.75379800,340249,22735.52700000,58097295.61898400
1748102400000,2025-05-24T16:00:00Z,2555.64000000,2567.38000000,2543.86000000,2554.47000000,29640.37490000,1748116799999,2025-05-24T19:59:59.999000Z,75746267.40937500,270228,12596.42450000,32190213.63866000
1748116800000,2025-05-24T20:00:00Z,2554.48000000,2556.57000000,2517.65000000,2530.40000000,47043.15180000,1748131199999,2025-05-24T23:59:59.999000Z,119168812.43664600,372229,23753.22650000,60176668.80104300
1748131200000,2025-05-25T00:00:00Z,2530.41000000,2539.50000000,2476.00000000,2512.78000000,94625.01260000,1748145599999,2025-05-25T03:59:59.999000Z,236605510.77638700,571581,44584.32630000,111522876.16331200
1748145600000,2025-05-25T04:00:00Z,2512.79000000,2518.75000000,2487.22000000,2494.39000000,34574.39280000,1748159999999,2025-05-25T07:59:59.999000Z,86534036.74308300,243494,15310.10330000,38327465.98860700
1748160000000,2025-05-25T08:00:00Z,2494.40000000,2502.19000000,2463.00000000,2497.91000000,73532.69910000,1748174399999,2025-05-25T11:59:59.999000Z,182798291.07797800,465584,30292.57920000,75304901.75218300
1748174400000,2025-05-25T12:00:00Z,2497.91000000,2524.90000000,2479.24000000,2511.70000000,62833.35050000,1748188799999,2025-05-25T15:59:59.999000Z,157476603.34843700,509485,32434.85260000,81319700.87641000
1748188800000,2025-05-25T16:00:00Z,2511.69000000,2535.66000000,2496.10000000,2526.60000000,35833.85940000,1748203199999,2025-05-25T19:59:59.999000Z,90124251.17384600,299882,16983.07780000,42726149.41749300
1748203200000,2025-05-25T20:00:00Z,2526.60000000,2554.26000000,2507.65000000,2551.22000000,58490.71550000,1748217599999,2025-05-25T23:59:59.999000Z,148417905.60514300,466026,30877.24670000,78364853.79083200
1748217600000,2025-05-26T00:00:00Z,2551.22000000,2577.00000000,2536.84000000,2560.30000000,79035.40120000,1748231999999,2025-05-26T03:59:59.999000Z,202116995.93919400,455267,38770.21420000,99172722.33130500
1748232000000,2025-05-26T04:00:00Z,2560.29000000,2599.00000000,2557.30000000,2580.80000000,62048.77810000,1748246399999,2025-05-26T07:59:59.999000Z,159866423.04240500,387779,30282.61300000,78045286.47858500
1748246400000,2025-05-26T08:00:00Z,2580.79000000,2582.70000000,2553.24000000,2568.08000000,50205.75880000,1748260799999,2025-05-26T11:59:59.999000Z,128874824.73459800,338105,21241.24490000,54531171.18385900
1748260800000,2025-05-26T12:00:00Z,2568.08000000,2574.43000000,2539.23000000,2565.99000000,74983.03400000,1748275199999,2025-05-26T15:59:59.999000Z,191820143.99090500,462873,36748.02850000,94030400.30889600
1748275200000,2025-05-26T16:00:00Z,2566.00000000,2573.30000000,2525.86000000,2541.22000000,54080.31190000,1748289599999,2025-05-26T19:59:59.999000Z,137516421.21288400,388379,24842.98190000,63177578.97489200
1748289600000,2025-05-26T20:00:00Z,2541.21000000,2584.65000000,2536.57000000,2563.70000000,42617.83420000,1748303999999,2025-05-26T23:59:59.999000Z,109152950.00454100,342055,23383.97710000,59903108.50590800
1748304000000,2025-05-27T00:00:00Z,2563.70000000,2573.50000000,2509.46000000,2549.25000000,69713.03640000,1748318399999,2025-05-27T03:59:59.999000Z,177140402.88731800,475704,34230.11940000,87016882.33433700
1748318400000,2025-05-27T04:00:00Z,2549.26000000,2619.48000000,2548.99000000,2607.59000000,197681.45420000,1748332799999,2025-05-27T07:59:59.999000Z,511905356.25600300,656145,105032.77320000,271914016.24615300
1748332800000,2025-05-27T08:00:00Z,2607.60000000,2655.00000000,2607.59000000,2652.64000000,142343.80690000,1748347199999,2025-05-27T11:59:59.999000Z,375080871.88711000,667385,78729.38450000,207447225.44039100
1748347200000,2025-05-27T12:00:00Z,2652.64000000,2683.87000000,2633.36000000,2668.20000000,187321.82280000,1748361599999,2025-05-27T15:59:59.999000Z,498034131.75645300,979782,100446.95800000,267126661.82891900
1748361600000,2025-05-27T16:00:00Z,2668.20000000,2712.36000000,2658.36000000,2687.53000000,134840.73420000,1748375999999,2025-05-27T19:59:59.999000Z,362194443.30486700,781206,64428.90340000,173063174.82183400
1748376000000,2025-05-27T20:00:00Z,2687.53000000,2694.12000000,2652.26000000,2660.81000000,66530.03170000,1748390399999,2025-05-27T23:59:59.999000Z,177393236.43312200,457366,29689.48710000,79157253.53041000
1748390400000,2025-05-28T00:00:00Z,2660.81000000,2661.79000000,2618.34000000,2645.37000000,90117.46870000,1748404799999,2025-05-28T03:59:59.999000Z,237919194.69829500,470104,47178.62760000,124540410.87570600
1748404800000,2025-05-28T04:00:00Z,2645.38000000,2652.57000000,2623.85000000,2636.39000000,53442.20050000,1748419199999,2025-05-28T07:59:59.999000Z,140981101.63670400,316931,25556.76840000,67414877.19946100
1748419200000,2025-05-28T08:00:00Z,2636.39000000,2659.01000000,2608.50000000,2656.99000000,79915.27260000,1748433599999,2025-05-28T11:59:59.999000Z,210559273.49569900,382712,39875.79030000,105088877.89779700
1748433600000,2025-05-28T12:00:00Z,2656.99000000,2689.14000000,2613.20000000,2626.90000000,163925.60890000,1748447999999,2025-05-28T15:59:59.999000Z,434297423.30373200,922113,71772.81340000,190287897.07185900
1748448000000,2025-05-28T16:00:00Z,2626.90000000,2664.35000000,2615.32000000,2617.79000000,97533.23990000,1748462399999,2025-05-28T19:59:59.999000Z,257650276.06209500,593442,46743.15300000,123515850.24349700
1748462400000,2025-05-28T20:00:00Z,2617.80000000,2686.40000000,2612.04000000,2681.60000000,75161.89270000,1748476799999,2025-05-28T23:59:59.999000Z,199238233.15495900,475160,42134.23040000,111779819.46955000
1748476800000,2025-05-29T00:00:00Z,2681.61000000,2788.00000000,2669.01000000,2762.50000000,229259.25670000,1748491199999,2025-05-29T03:59:59.999000Z,626563081.02933200,1019810,124613.93860000,340498077.38054500
1748491200000,2025-05-29T04:00:00Z,2762.50000000,2766.80000000,2701.28000000,2731.28000000,126662.76960000,1748505599999,2025-05-29T07:59:59.999000Z,345787093.25475700,577603,57755.99270000,157643362.83040000
1748505600000,2025-05-29T08:00:00Z,2731.29000000,2744.42000000,2707.10000000,2715.83000000,87809.07590000,1748519999999,2025-05-29T11:59:59.999000Z,239155846.81449100,472907,43927.98400000,119639270.25641700
1748520000000,2025-05-29T12:00:00Z,2715.82000000,2718.60000000,2621.92000000,2643.68000000,199941.40850000,1748534399999,2025-05-29T15:59:59.999000Z,533465922.77442500,1001884,95030.35250000,253481298.83704600
1748534400000,2025-05-29T16:00:00Z,2643.68000000,2673.48000000,2628.99000000,2650.12000000,102620.31800000,1748548799999,2025-05-29T19:59:59.999000Z,271887507.31550100,765529,53392.04940000,141476048.64044100
1748548800000,2025-05-29T20:00:00Z,2650.12000000,2668.95000000,2619.05000000,2631.39000000,65274.42580000,1748563199999,2025-05-29T23:59:59.999000Z,172781062.15106700,416936,30739.05610000,81409613.90371100
1748563200000,2025-05-30T00:00:00Z,2631.39000000,2645.23000000,2557.07000000,2631.19000000,155006.03980000,1748577599999,2025-05-30T03:59:59.999000Z,404281997.19192000,863063,72726.93330000,189793921.29319800
1748577600000,2025-05-30T04:00:00Z,2631.19000000,2649.23000000,2606.80000000,2618.26000000,98621.67970000,1748591999999,2025-05-30T07:59:59.999000Z,259132664.54457900,597749,50590.56160000,132944595.09550700
1748592000000,2025-05-30T08:00:00Z,2618.27000000,2628.10000000,2588.16000000,2622.04000000,94347.75110000,1748606399999,2025-05-30T11:59:59.999000Z,246554194.26106300,663327,49343.68630000,128976636.02435400
1748606400000,2025-05-30T12:00:00Z,2622.04000000,2626.30000000,2572.56000000,2598.21000000,158089.26250000,1748620799999,2025-05-30T15:59:59.999000Z,410530716.04066300,1005866,81424.94710000,211453467.86384500
1748620800000,2025-05-30T16:00:00Z,2598.21000000,2604.28000000,2533.20000000,2574.41000000,150402.17970000,1748635199999,2025-05-30T19:59:59.999000Z,384941237.24787400,860577,72743.83020000,186211053.46230400
1748635200000,2025-05-30T20:00:00Z,2574.41000000,2589.85000000,2507.35000000,2531.34000000,106578.34360000,1748649599999,2025-05-30T23:59:59.999000Z,270737144.59334300,633970,49736.71870000,126363934.60033900
1748649600000,2025-05-31T00:00:00Z,2531.35000000,2539.98000000,2475.33000000,2513.98000000,168287.96840000,1748663999999,2025-05-31T03:59:59.999000Z,421836909.88167900,1120133,86043.66850000,215772256.12342000
1748664000000,2025-05-31T04:00:00Z,2513.98000000,2526.50000000,2504.63000000,2521.11000000,44367.34620000,1748678399999,2025-05-31T07:59:59.999000Z,111744508.20258600,338516,23258.94560000,58584727.59776800
1748678400000,2025-05-31T08:00:00Z,2521.11000000,2538.45000000,2508.04000000,2519.61000000,49679.83740000,1748692799999,2025-05-31T11:59:59.999000Z,125293929.05436900,397335,23614.21810000,59570726.13206400
1748692800000,2025-05-31T12:00:00Z,2519.61000000,2550.14000000,2515.95000000,2536.30000000,66920.14150000,1748707199999,2025-05-31T15:59:59.999000Z,169773611.15634100,455157,33282.51310000,84442984.33249800
1748707200000,2025-05-31T16:00:00Z,2536.29000000,2547.99000000,2523.36000000,2537.40000000,29163.63480000,1748721599999,2025-05-31T19:59:59.999000Z,73987691.64391400,233789,13206.24500000,33509363.43253400
1748721600000,2025-05-31T20:00:00Z,2537.39000000,2550.34000000,2524.41000000,2528.06000000,36118.32380000,1748735999999,2025-05-31T23:59:59.999000Z,91693733.23161900,247216,17774.69030000,45120814.70652700
1748736000000,2025-06-01T00:00:00Z,2528.06000000,2530.38000000,2492.00000000,2513.30000000,70533.98800000,1748750399999,2025-06-01T03:59:59.999000Z,177241443.78294700,429909,38024.78340000,95583917.78022300
1748750400000,2025-06-01T04:00:00Z,2513.30000000,2527.28000000,2505.87000000,2509.00000000,27878.11560000,1748764799999,2025-06-01T07:59:59.999000Z,70149750.44420700,208129,15817.20330000,39800285.46371000
1748764800000,2025-06-01T08:00:00Z,2509.00000000,2510.75000000,2477.77000000,2497.35000000,54403.22400000,1748779199999,2025-06-01T11:59:59.999000Z,135727086.74036500,402595,25012.64060000,62429035.78192900
1748779200000,2025-06-01T12:00:00Z,2497.35000000,2524.99000000,2468.56000000,2523.23000000,59879.60140000,1748793599999,2025-06-01T15:59:59.999000Z,149651082.58957500,412958,28111.58170000,70306160.73798400
1748793600000,2025-06-01T16:00:00Z,2523.23000000,2547.79000000,2493.49000000,2526.38000000,77247.30120000,1748807999999,2025-06-01T19:59:59.999000Z,195352149.68128300,469832,40049.27750000,101320829.71635200
1748808000000,2025-06-01T20:00:00Z,2526.38000000,2547.59000000,2519.42000000,2539.21000000,42079.47860000,1748822399999,2025-06-01T23:59:59.999000Z,106721199.03916400,286823,18541.82750000,47032778.02765300
1748822400000,2025-06-02T00:00:00Z,2539.20000000,2541.71000000,2485.65000000,2496.31000000,62064.68010000,1748836799999,2025-06-02T03:59:59.999000Z,156113798.85407100,431653,29686.84150000,74681359.87999400
1748836800000,2025-06-02T04:00:00Z,2496.30000000,2513.97000000,2483.37000000,2506.94000000,46755.83300000,1748851199999,2025-06-02T07:59:59.999000Z,116738403.48851700,334871,23946.21220000,59805899.25860000
1748851200000,2025-06-02T08:00:00Z,2506.94000000,2515.92000000,2475.00000000,2480.94000000,72369.93770000,1748865599999,2025-06-02T11:59:59.999000Z,180037411.90328300,530369,33223.32190000,82662155.75980000
1748865600000,2025-06-02T12:00:00Z,2480.93000000,2556.74000000,2477.88000000,2544.39000000,117634.57230000,1748879999999,2025-06-02T15:59:59.999000Z,296376850.54992900,825060,60811.46320000,153262843.83579200
1748880000000,2025-06-02T16:00:00Z,2544.39000000,2565.56000000,2524.80000000,2532.44000000,84111.63060000,1748894399999,2025-06-02T19:59:59.999000Z,214049864.74197800,564762,37785.72390000,96166476.08263200
1748894400000,2025-06-02T20:00:00Z,2532.45000000,2615.00000000,2532.20000000,2607.41000000,85953.32000000,1748908799999,2025-06-02T23:59:59.999000Z,221647261.93388800,552515,47305.10310000,122006789.61131000
1748908800000,2025-06-03T00:00:00Z,2607.42000000,2649.91000000,2589.30000000,2603.39000000,131030.63210000,1748923199999,2025-06-03T03:59:59.999000Z,343452058.06427100,787835,65426.86420000,171488317.12856800
1748923200000,2025-06-03T04:00:00Z,2603.38000000,2620.75000000,2589.91000000,2609.99000000,51167.96530000,1748937599999,2025-06-03T07:59:59.999000Z,133327064.84036800,324197,27999.70910000,72951031.75641000
1748937600000,2025-06-03T08:00:00Z,2610.00000000,2620.34000000,2594.79000000,2601.78000000,52849.53990000,1748951999999,2025-06-03T11:59:59.999000Z,137875395.48021600,309953,24845.32520000,64828461.47038400
1748952000000,2025-06-03T12:00:00Z,2601.78000000,2655.38000000,2598.02000000,2623.58000000,102211.93560000,1748966399999,2025-06-03T15:59:59.999000Z,268623063.32498600,745306,54537.38870000,143366140.81490800
1748966400000,2025-06-03T16:00:00Z,2623.58000000,2628.57000000,2602.56000000,2625.16000000,59674.10950000,1748980799999,2025-06-03T19:59:59.999000Z,156160569.65264400,498766,30019.67200000,78569638.35434200
1748980800000,2025-06-03T20:00:00Z,2625.19000000,2625.61000000,2575.00000000,2593.36000000,57448.86150000,1748995199999,2025-06-03T23:59:59.999000Z,149423925.73834000,432294,25343.40080000,65943872.92994400
1748995200000,2025-06-04T00:00:00Z,2593.35000000,2640.83000000,2583.50000000,2627.90000000,61798.92020000,1749009599999,2025-06-04T03:59:59.999000Z,161632242.65509400,399319,29513.59370000,77237572.76929200
1749009600000,2025-06-04T04:00:00Z,2627.89000000,2644.77000000,2619.30000000,2627.74000000,62938.15140000,1749023999999,2025-06-04T07:59:59.999000Z,165482673.53037300,327615,30927.19560000,81333563.74534000
1749024000000,2025-06-04T08:00:00Z,2627.75000000,2650.00000000,2624.00000000,2624.40000000,63468.92010000,1749038399999,2025-06-04T11:59:59.999000Z,167421398.50904100,353098,34133.12090000,90046136.47294900
1749038400000,2025-06-04T12:00:00Z,2624.41000000,2679.88000000,2594.49000000,2667.93000000,172701.28560000,1749052799999,2025-06-04T15:59:59.999000Z,454716445.19938900,807559,92930.78710000,244822872.58673100
1749052800000,2025-06-04T16:00:00Z,2667.92000000,2669.59000000,2622.22000000,2623.72000000,77307.59580000,1749067199999,2025-06-04T19:59:59.999000Z,204518414.04455600,468379,39909.84400000,105622536.27816400
1749067200000,2025-06-04T20:00:00Z,2623.72000000,2625.10000000,2599.11000000,2607.68000000,64279.94830000,1749081599999,2025-06-04T23:59:59.999000Z,167766432.74649500,398349,32952.04850000,86017347.02483100
1749081600000,2025-06-05T00:00:00Z,2607.68000000,2632.47000000,2601.25000000,2624.99000000,40676.06420000,1749095999999,2025-06-05T03:59:59.999000Z,106442845.98893600,307804,19605.59970000,51309966.05582200
1749096000000,2025-06-05T04:00:00Z,2625.00000000,2634.46000000,2601.08000000,2604.08000000,61524.88080000,1749110399999,2025-06-05T07:59:59.999000Z,160906856.43381200,345079,31026.25910000,81128080.42320100
1749110400000,2025-06-05T08:00:00Z,2604.09000000,2613.72000000,2580.88000000,2608.01000000,59838.84060000,1749124799999,2025-06-05T11:59:59.999000Z,155638468.56892300,337611,29160.51830000,75858719.43980400
1749124800000,2025-06-05T12:00:00Z,2608.01000000,2640.86000000,2562.85000000,2589.43000000,182112.43770000,1749139199999,2025-06-05T15:59:59.999000Z,473711851.74459900,928081,91283.46460000,237463389.43207400
1749139200000,2025-06-05T16:00:00Z,2589.44000000,2591.59000000,2506.40000000,2528.96000000,157136.10200000,1749153599999,2025-06-05T19:59:59.999000Z,401366262.67331200,929310,71604.47290000,182958185.05684700
1749153600000,2025-06-05T20:00:00Z,2528.96000000,2535.70000000,2391.66000000,2414.01000000,307649.70910000,1749167999999,2025-06-05T23:59:59.999000Z,749506454.49160400,1333321,135406.37670000,329620906.05297900
1749168000000,2025-06-06T00:00:00Z,2414.02000000,2457.12000000,2381.49000000,2455.71000000,152999.57100000,1749182399999,2025-06-06T03:59:59.999000Z,370162471.17884300,717900,76305.29380000,184676773.63787000
1749182400000,2025-06-06T04:00:00Z,2455.70000000,2468.55000000,2446.68000000,2455.64000000,89808.48240000,1749196799999,2025-06-06T07:59:59.999000Z,220647002.42169000,443469,45261.24750000,111210343.65042400
1749196800000,2025-06-06T08:00:00Z,2455.64000000,2493.82000000,2454.01000000,2476.15000000,74073.12560000,1749211199999,2025-06-06T11:59:59.999000Z,183317496.14075500,444397,35217.99010000,87161543.32567800
1749211200000,2025-06-06T12:00:00Z,2476.15000000,2531.36000000,2466.45000000,2509.63000000,148482.22530000,1749225599999,2025-06-06T15:59:59.999000Z,371134622.46152900,796041,76086.37670000,190255328.25575100
1749225600000,2025-06-06T16:00:00Z,2509.62000000,2518.38000000,2483.22000000,2484.02000000,70686.24650000,1749239999999,2025-06-06T19:59:59.999000Z,176540719.64309700,552155,34232.25520000,85525183.81631800
1749240000000,2025-06-06T20:00:00Z,2484.02000000,2507.06000000,2472.71000000,2476.10000000,42793.84660000,1749254399999,2025-06-06T23:59:59.999000Z,106453725.93004000,292798,23482.85770000,58427953.81599000
1749254400000,2025-06-07T00:00:00Z,2476.10000000,2493.47000000,2457.00000000,2488.98000000,53068.25570000,1749268799999,2025-06-07T03:59:59.999000Z,131367610.22318000,363376,30712.79050000,76034575.17313300
1749268800000,2025-06-07T04:00:00Z,2488.99000000,2502.00000000,2480.00000000,2491.28000000,46296.75770000,1749283199999,2025-06-07T07:59:59.999000Z,115333949.65855700,207710,24678.83840000,61474968.01408500
1749283200000,2025-06-07T08:00:00Z,2491.27000000,2501.40000000,2482.11000000,2495.75000000,29169.00920000,1749297599999,2025-06-07T11:59:59.999000Z,72684064.07085700,182602,14746.63950000,36745912.87702200
1749297600000,2025-06-07T12:00:00Z,2495.76000000,2523.61000000,2492.81000000,2519.75000000,56362.64840000,1749311999999,2025-06-07T15:59:59.999000Z,141409090.54311000,315711,28780.00880000,72187573.50770800
1749312000000,2025-06-07T16:00:00Z,2519.75000000,2525.79000000,2506.69000000,2517.31000000,41024.53510000,1749326399999,2025-06-07T19:59:59.999000Z,103218411.90416900,270199,17483.02980000,43991292.82944700
1749326400000,2025-06-07T20:00:00Z,2517.30000000,2544.36000000,2517.30000000,2524.63000000,38866.46820000,1749340799999,2025-06-07T23:59:59.999000Z,98307675.90541100,247911,19212.03490000,48603149.57630200
1749340800000,2025-06-08T00:00:00Z,2524.64000000,2525.92000000,2508.08000000,2511.72000000,37219.90800000,1749355199999,2025-06-08T03:59:59.999000Z,93623236.57141800,203988,22203.21180000,55853183.20428300
1749355200000,2025-06-08T04:00:00Z,2511.72000000,2519.90000000,2508.32000000,2514.45000000,20757.60780000,1749369599999,2025-06-08T07:59:59.999000Z,52179940.01039600,137435,11199.32210000,28152805.63119600
1749369600000,2025-06-08T08:00:00Z,2514.45000000,2521.13000000,2490.58000000,2513.51000000,56611.47090000,1749383999999,2025-06-08T11:59:59.999000Z,141778423.53531000,255034,30643.02240000,76755309.70919900
1749384000000,2025-06-08T12:00:00Z,2513.50000000,2527.35000000,2500.21000000,2514.44000000,40763.92700000,1749398399999,2025-06-08T15:59:59.999000Z,102427793.90287600,253733,20612.13970000,51796350.19013700
1749398400000,2025-06-08T16:00:00Z,2514.44000000,2540.50000000,2512.62000000,2532.56000000,54196.22830000,1749412799999,2025-06-08T19:59:59.999000Z,137059756.98418400,242632,24693.67420000,62448595.48099600
1749412800000,2025-06-08T20:00:00Z,2532.56000000,2548.63000000,2500.00000000,2509.83000000,56925.57190000,1749427199999,2025-06-08T23:59:59.999000Z,143447598.05547100,308353,25710.41710000,64788087.83463000
1749427200000,2025-06-09T00:00:00Z,2509.84000000,2511.79000000,2482.15000000,2496.86000000,64068.88600000,1749441599999,2025-06-09T03:59:59.999000Z,159963651.47165900,346053,32280.31680000,80591873.87870100
1749441600000,2025-06-09T04:00:00Z,2496.85000000,2496.85000000,2477.73000000,2491.77000000,38565.83810000,1749455999999,2025-06-09T07:59:59.999000Z,95918190.46234300,200549,17874.06510000,44459262.39794000
1749456000000,2025-06-09T08:00:00Z,2491.77000000,2547.17000000,2484.47000000,2541.79000000,105670.65970000,1749470399999,2025-06-09T11:59:59.999000Z,266653931.28645100,480966,56694.01700000,143077952.43481400
1749470400000,2025-06-09T12:00:00Z,2541.78000000,2548.90000000,2509.94000000,2534.11000000,85277.02800000,1749484799999,2025-06-09T15:59:59.999000Z,216085927.24778100,511442,43131.38830000,109295278.26706000
1749484800000,2025-06-09T16:00:00Z,2534.11000000,2590.00000000,2534.10000000,2580.59000000,102931.88600000,1749499199999,2025-06-09T19:59:59.999000Z,264444389.05163600,534406,54633.66860000,140338362.26920100
1749499200000,2025-06-09T20:00:00Z,2580.58000000,2693.99000000,2575.72000000,2680.13000000,172212.00470000,1749513599999,2025-06-09T23:59:59.999000Z,455439664.81487000,823342,98966.54000000,261754957.30214100
1749513600000,2025-06-10T00:00:00Z,2680.13000000,2726.78000000,2675.16000000,2688.88000000,195206.62670000,1749527999999,2025-06-10T03:59:59.999000Z,526767303.50398600,793081,100152.35220000,270306029.06701200
1749528000000,2025-06-10T04:00:00Z,2688.89000000,2699.27000000,2655.61000000,2677.35000000,105454.77330000,1749542399999,2025-06-10T07:59:59.999000Z,282183009.26518000,469945,54028.52870000,144565025.72015500
1749542400000,2025-06-10T08:00:00Z,2677.36000000,2798.76000000,2670.00000000,2773.64000000,225740.69960000,1749556799999,2025-06-10T11:59:59.999000Z,617166736.44419400,864358,127877.54740000,349444179.41900600
1749556800000,2025-06-10T12:00:00Z,2773.64000000,2778.70000000,2690.00000000,2732.95000000,268487.11190000,1749571199999,2025-06-10T15:59:59.999000Z,736647820.17103600,1298789,139344.22340000,382384740.96860800
1749571200000,2025-06-10T16:00:00Z,2732.96000000,2806.00000000,2728.75000000,2773.68000000,164966.52900000,1749585599999,2025-06-10T19:59:59.999000Z,455329573.42875000,826244,93509.42290000,258245475.12255600
1749585600000,2025-06-10T20:00:00Z,2773.69000000,2827.00000000,2734.93000000,2816.40000000,178549.73700000,1749599999999,2025-06-10T23:59:59.999000Z,497560702.65892200,1025164,90436.48140000,252045525.02873200
1749600000000,2025-06-11T00:00:00Z,2816.41000000,2834.86000000,2771.80000000,2791.06000000,101757.45840000,1749614399999,2025-06-11T03:59:59.999000Z,284589690.58126800,713816,43917.18000000,122861924.98953800
1749614400000,2025-06-11T04:00:00Z,2791.07000000,2804.03000000,2780.15000000,2791.59000000,63641.11960000,1749628799999,2025-06-11T07:59:59.999000Z,177769744.87453800,420848,33839.90440000,94538549.13231400
1749628800000,2025-06-11T08:00:00Z,2791.60000000,2793.57000000,2754.00000000,2772.25000000,77665.63270000,1749643199999,2025-06-11T11:59:59.999000Z,215154434.08331300,462319,38201.61010000,105813870.77127100
1749643200000,2025-06-11T12:00:00Z,2772.26000000,2879.22000000,2764.10000000,2865.21000000,303126.47410000,1749657599999,2025-06-11T15:59:59.999000Z,854842572.71119300,1450066,157135.18300000,443320958.85191800
1749657600000,2025-06-11T16:00:00Z,2865.20000000,2875.72000000,2801.50000000,2813.35000000,187028.79910000,1749671999999,2025-06-11T19:59:59.999000Z,530228027.64310100,1137386,85361.52910000,242054492.57895700
1749672000000,2025-06-11T20:00:00Z,2813.32000000,2831.21000000,2743.75000000,2771.61000000,116991.44850000,1749686399999,2025-06-11T23:59:59.999000Z,325601735.08435300,722471,51958.53470000,144674441.09736800
1749686400000,2025-06-12T00:00:00Z,2771.60000000,2784.83000000,2746.49000000,2765.08000000,90556.98620000,1749700799999,2025-06-12T03:59:59.999000Z,250546023.36836600,607212,45506.25220000,125906443.76944500
1749700800000,2025-06-12T04:00:00Z,2765.08000000,2777.21000000,2733.68000000,2741.00000000,83213.91800000,1749715199999,2025-06-12T07:59:59.999000Z,229409404.80699300,445214,41632.56560000,114819409.85903400
1749715200000,2025-06-12T08:00:00Z,2740.99000000,2762.11000000,2720.38000000,2729.80000000,89210.60440000,1749729599999,2025-06-12T11:59:59.999000Z,244711885.27456000,534060,46064.02460000,126406552.01265900
1749729600000,2025-06-12T12:00:00Z,2729.80000000,2773.21000000,2711.94000000,2719.79000000,146462.32220000,1749743999999,2025-06-12T15:59:59.999000Z,401867014.52948800,759223,74090.81020000,203326325.24247600
1749744000000,2025-06-12T16:00:00Z,2719.79000000,2771.00000000,2690.93000000,2695.00000000,116051.00250000,1749758399999,2025-06-12T19:59:59.999000Z,317204030.32521300,757309,55301.47440000,151258129.72360800
1749758400000,2025-06-12T20:00:00Z,2695.00000000,2703.60000000,2616.24000000,2642.65000000,174098.54240000,1749772799999,2025-06-12T23:59:59.999000Z,461895202.79290800,1069979,81207.60240000,215352224.99193600
1749772800000,2025-06-13T00:00:00Z,2642.66000000,2645.45000000,2436.98000000,2514.33000000,583148.63300000,1749787199999,2025-06-13T03:59:59.999000Z,1465525148.15883100,2427549,261913.02070000,657979100.54514800
1749787200000,2025-06-13T04:00:00Z,2514.32000000,2542.26000000,2492.00000000,2526.45000000,161519.48770000,1749801599999,2025-06-13T07:59:59.999000Z,406552841.52173600,760542,82834.29410000,208554178.35587100
1749801600000,2025-06-13T08:00:00Z,2526.46000000,2545.55000000,2506.84000000,2545.40000000,115082.61870000,1749815999999,2025-06-13T11:59:59.999000Z,290703448.29106000,656943,57847.83240000,146144920.68046200
1749816000000,2025-06-13T12:00:00Z,2545.41000000,2563.24000000,2502.90000000,2551.27000000,167730.53370000,1749830399999,2025-06-13T15:59:59.999000Z,426159672.79131200,954054,82336.51130000,209196779.28372100
1749830400000,2025-06-13T16:00:00Z,2551.28000000,2585.20000000,2510.00000000,2527.72000000,118497.76560000,1749844799999,2025-06-13T19:59:59.999000Z,301154443.95585300,857382,56673.56750000,144107106.14010400
1749844800000,2025-06-13T20:00:00Z,2527.72000000,2583.24000000,2524.19000000,2579.19000000,56197.25850000,1749859199999,2025-06-13T23:59:59.999000Z,143801340.84336200,369833,28478.90940000,72883984.08399200
1749859200000,2025-06-14T00:00:00Z,2579.19000000,2579.43000000,2547.03000000,2548.76000000,64282.38010000,1749873599999,2025-06-14T03:59:59.999000Z,164645538.58686800,333129,34401.67970000,88106662.87135500
1749873600000,2025-06-14T04:00:00Z,2548.76000000,2556.62000000,2525.72000000,2537.50000000,36813.29570000,1749887999999,2025-06-14T07:59:59.999000Z,93686340.51245400,208246,15791.29700000,40197007.54503600
1749888000000,2025-06-14T08:00:00Z,2537.50000000,2539.79000000,2518.51000000,2538.52000000,40689.07780000,1749902399999,2025-06-14T11:59:59.999000Z,102959516.85970700,239237,20940.77720000,52993479.89106200
1749902400000,2025-06-14T12:00:00Z,2538.51000000,2546.19000000,2504.95000000,2519.42000000,56895.46730000,1749916799999,2025-06-14T15:59:59.999000Z,143760482.29633000,341958,25318.14500000,63980219.72512700
1749916800000,2025-06-14T16:00:00Z,2519.41000000,2526.11000000,2488.72000000,2507.50000000,88407.31020000,1749931199999,2025-06-14T19:59:59.999000Z,221542716.69063000,539431,39109.73940000,98019661.20505200
1749931200000,2025-06-14T20:00:00Z,2507.50000000,2540.19000000,2496.58000000,2530.76000000,44351.39670000,1749945599999,2025-06-14T23:59:59.999000Z,111805391.51411800,326957,19727.79890000,49736275.85729400
1749945600000,2025-06-15T00:00:00Z,2530.77000000,2540.99000000,2524.77000000,2530.10000000,26111.50100000,1749959999999,2025-06-15T03:59:59.999000Z,66148569.49618500,187360,12030.15770000,30476767.83752900
1749960000000,2025-06-15T04:00:00Z,2530.11000000,2553.08000000,2522.54000000,2528.61000000,46103.42730000,1749974399999,2025-06-15T07:59:59.999000Z,116994314.41641200,220540,23421.56280000,59455243.15887600
1749974400000,2025-06-15T08:00:00Z,2528.61000000,2529.97000000,2508.45000000,2516.10000000,40898.79410000,1749988799999,2025-06-15T11:59:59.999000Z,102958378.15168900,239246,22035.40250000,55473817.33180600
1749988800000,2025-06-15T12:00:00Z,2516.10000000,2554.96000000,2516.00000000,2541.81000000,63323.11700000,1750003199999,2025-06-15T15:59:59.999000Z,160757908.24121200,367316,34906.58110000,88634576.81058100
1750003200000,2025-06-15T16:00:00Z,2541.81000000,2559.51000000,2531.09000000,2536.79000000,44829.96930000,1750017599999,2025-06-15T19:59:59.999000Z,114113870.04844500,294991,24263.25040000,61782651.90143200
1750017600000,2025-06-15T20:00:00Z,2536.79000000,2549.96000000,2492.00000000,2547.61000000,78434.85370000,1750031999999,2025-06-15T23:59:59.999000Z,197769696.41368000,537036,36595.45280000,92267661.32349200
1750032000000,2025-06-16T00:00:00Z,2547.62000000,2579.00000000,2514.85000000,2568.25000000,87899.71860000,1750046399999,2025-06-16T03:59:59.999000Z,224507576.76960700,527739,42242.22150000,107911142.24796900
1750046400000,2025-06-16T04:00:00Z,2568.25000000,2638.50000000,2566.61000000,2628.68000000,125755.97700000,1750060799999,2025-06-16T07:59:59.999000Z,327880485.13023500,531858,69479.37350000,181142689.53038300
1750060800000,2025-06-16T08:00:00Z,2628.69000000,2633.80000000,2592.60000000,2617.01000000,85218.99760000,1750075199999,2025-06-16T11:59:59.999000Z,223153777.99618900,385940,44277.72750000,115971939.93737200
1750075200000,2025-06-16T12:00:00Z,2617.01000000,2657.90000000,2604.70000000,2632.25000000,113016.56950000,1750089599999,2025-06-16T15:59:59.999000Z,297302120.53052000,659472,59749.84810000,157178949.36230700
1750089600000,2025-06-16T16:00:00Z,2632.24000000,2670.56000000,2627.62000000,2660.53000000,79211.73350000,1750103999999,2025-06-16T19:59:59.999000Z,209713333.27741300,437250,42623.21030000,112881762.80719700
1750104000000,2025-06-16T20:00:00Z,2660.54000000,2680.34000000,2535.00000000,2544.17000000,189326.99180000,1750118399999,2025-06-16T23:59:59.999000Z,492089468.76774200,891926,90589.94920000,235598235.26225200
1750118400000,2025-06-17T00:00:00Z,2544.17000000,2618.60000000,2524.54000000,2607.40000000,134766.91660000,1750132799999,2025-06-17T03:59:59.999000Z,346964608.41512200,785773,74744.78080000,192491742.44574700
1750132800000,2025-06-17T04:00:00Z,2607.40000000,2610.49000000,2570.24000000,2582.26000000,71480.36590000,1750147199999,2025-06-17T07:59:59.999000Z,184844563.45422700,450690,34263.59940000,88613754.31711100
1750147200000,2025-06-17T08:00:00Z,2582.25000000,2585.47000000,2541.60000000,2552.19000000,94184.37880000,1750161599999,2025-06-17T11:59:59.999000Z,241136976.90497800,453213,46676.28860000,119510757.74295700
1750161600000,2025-06-17T12:00:00Z,2552.18000000,2567.97000000,2482.53000000,2499.00000000,163583.05220000,1750175999999,2025-06-17T15:59:59.999000Z,413451570.56756100,795211,76219.61550000,192761873.66086500
1750176000000,2025-06-17T16:00:00Z,2499.01000000,2543.75000000,2453.80000000,2528.36000000,178174.72940000,1750190399999,2025-06-17T19:59:59.999000Z,443497316.45138900,1050548,91265.84590000,227215706.54589400
1750190400000,2025-06-17T20:00:00Z,2528.36000000,2534.36000000,2492.07000000,2509.95000000,73740.96520000,1750204799999,2025-06-17T23:59:59.999000Z,185411951.30053900,481695,36366.08020000,91443891.95290500
1750204800000,2025-06-18T00:00:00Z,2509.95000000,2536.82000000,2504.55000000,2527.95000000,53251.45780000,1750219199999,2025-06-18T03:59:59.999000Z,134325797.73614900,374490,27505.24490000,69392463.07623300
1750219200000,2025-06-18T04:00:00Z,2527.96000000,2546.91000000,2517.82000000,2533.55000000,43397.49470000,1750233599999,2025-06-18T07:59:59.999000Z,109882214.21798600,284036,22330.85050000,56552286.63578100
1750233600000,2025-06-18T08:00:00Z,2533.54000000,2548.42000000,2488.27000000,2513.86000000,74243.88290000,1750247999999,2025-06-18T11:59:59.999000Z,186847528.61011300,437581,34875.82060000,87795661.07444600
1750248000000,2025-06-18T12:00:00Z,2513.86000000,2538.70000000,2465.78000000,2508.96000000,143304.87590000,1750262399999,2025-06-18T15:59:59.999000Z,358788507.05893000,901440,69657.06650000,174489116.31461200
1750262400000,2025-06-18T16:00:00Z,2508.96000000,2519.37000000,2467.12000000,2492.42000000,125864.40190000,1750276799999,2025-06-18T19:59:59.999000Z,313822069.03023900,862654,62007.05950000,154661970.15510800
1750276800000,2025-06-18T20:00:00Z,2492.42000000,2537.48000000,2482.70000000,2525.00000000,64470.06860000,1750291199999,2025-06-18T23:59:59.999000Z,162510897.81750900,383611,34005.75310000,85722836.85719600
1750291200000,2025-06-19T00:00:00Z,2525.00000000,2546.91000000,2506.20000000,2525.43000000,50666.96920000,1750305599999,2025-06-19T03:59:59.999000Z,127886802.22061000,318743,26712.10560000,67456301.58671100
1750305600000,2025-06-19T04:00:00Z,2525.44000000,2531.23000000,2514.44000000,2518.99000000,25325.66870000,1750319999999,2025-06-19T07:59:59.999000Z,63893382.35138000,195902,11609.22600000,29283832.78176000
1750320000000,2025-06-19T08:00:00Z,2518.99000000,2544.81000000,2518.99000000,2531.83000000,42387.30600000,1750334399999,2025-06-19T11:59:59.999000Z,107373339.33615200,239558,19933.81380000,50507542.24494700
1750334400000,2025-06-19T12:00:00Z,2531.82000000,2536.83000000,2490.00000000,2492.97000000,55400.40160000,1750348799999,2025-06-19T15:59:59.999000Z,139030380.03582700,350782,24550.51600000,61626688.34820200
1750348800000,2025-06-19T16:00:00Z,2492.97000000,2523.00000000,2485.03000000,2504.87000000,39512.24620000,1750363199999,2025-06-19T19:59:59.999000Z,98975865.87586400,305246,20098.81190000,50352514.79454200
1750363200000,2025-06-19T20:00:00Z,2504.87000000,2532.00000000,2502.99000000,2521.12000000,39353.46730000,1750377599999,2025-06-19T23:59:59.999000Z,99091463.19056000,257096,19227.33920000,48419041.72420000
1750377600000,2025-06-20T00:00:00Z,2521.13000000,2531.49000000,2512.45000000,2517.19000000,31393.70180000,1750391999999,2025-06-20T03:59:59.999000Z,79194930.86523800,178336,15921.49000000,40163915.86837700
1750392000000,2025-06-20T04:00:00Z,2517.20000000,2550.44000000,2503.64000000,2549.64000000,51587.80450000,1750406399999,2025-06-20T07:59:59.999000Z,130443686.99396600,244894,27570.39100000,69756553.59661800
1750406400000,2025-06-20T08:00:00Z,2549.64000000,2569.00000000,2541.03000000,2549.65000000,67594.75040000,1750420799999,2025-06-20T11:59:59.999000Z,172695920.05042100,350309,32486.85930000,82998424.97458000
1750420800000,2025-06-20T12:00:00Z,2549.64000000,2559.55000000,2487.56000000,2493.78000000,121310.66260000,1750435199999,2025-06-20T15:59:59.999000Z,304952874.54428900,652470,49910.53280000,125547416.83612800
1750435200000,2025-06-20T16:00:00Z,2493.78000000,2496.20000000,2367.36000000,2414.85000000,287925.99280000,1750449599999,2025-06-20T19:59:59.999000Z,698475996.98334000,1268145,126215.94790000,306046129.06447200
1750449600000,2025-06-20T20:00:00Z,2414.84000000,2437.60000000,2381.96000000,2406.49000000,72214.91140000,1750463999999,2025-06-20T23:59:59.999000Z,174073699.74545500,481448,31680.28610000,76375445.69642500
1750464000000,2025-06-21T00:00:00Z,2406.49000000,2432.11000000,2395.99000000,2425.59000000,40790.60590000,1750478399999,2025-06-21T03:59:59.999000Z,98691932.34967800,247416,20134.87530000,48727407.67014500
1750478400000,2025-06-21T04:00:00Z,2425.59000000,2428.41000000,2419.00000000,2426.85000000,20369.10820000,1750492799999,2025-06-21T07:59:59.999000Z,49366821.54104000,117449,9743.99930000,23612994.20657200
1750492800000,2025-06-21T08:00:00Z,2426.85000000,2448.80000000,2423.51000000,2442.75000000,51774.24200000,1750507199999,2025-06-21T11:59:59.999000Z,126210342.26084900,218967,21089.79340000,51423496.20337400
1750507200000,2025-06-21T12:00:00Z,2442.75000000,2445.20000000,2412.29000000,2423.59000000,49701.53800000,1750521599999,2025-06-21T15:59:59.999000Z,120574172.19679200,349232,20998.70780000,50944272.41930000
1750521600000,2025-06-21T16:00:00Z,2423.59000000,2428.23000000,2382.25000000,2384.76000000,59605.91600000,1750535999999,2025-06-21T19:59:59.999000Z,143090024.32533700,439120,30255.41300000,72614906.98127600
1750536000000,2025-06-21T20:00:00Z,2384.76000000,2409.42000000,2216.00000000,2295.73000000,274542.45390000,1750550399999,2025-06-21T23:59:59.999000Z,629731405.90494800,1453374,121313.22210000,278254723.61275500
1750550400000,2025-06-22T00:00:00Z,2295.72000000,2314.48000000,2246.25000000,2264.58000000,166578.04860000,1750564799999,2025-06-22T03:59:59.999000Z,379655105.09937600,1165065,78425.42670000,178842898.94549100
1750564800000,2025-06-22T04:00:00Z,2264.58000000,2298.22000000,2261.93000000,2270.68000000,57009.10720000,1750579199999,2025-06-22T07:59:59.999000Z,130130217.04779200,436040,30056.16120000,68605629.86084600
1750579200000,2025-06-22T08:00:00Z,2270.69000000,2280.00000000,2236.05000000,2273.00000000,72607.00000000,1750593599999,2025-06-22T11:59:59.999000Z,164071470.13364700,574252,31605.04790000,71440528.10239600
1750593600000,2025-06-22T12:00:00Z,2273.00000000,2287.00000000,2156.21000000,2174.91000000,292034.36330000,1750607999999,2025-06-22T15:59:59.999000Z,642506911.63699600,1341642,143571.54180000,315739965.31179600
1750608000000,2025-06-22T16:00:00Z,2174.90000000,2219.95000000,2170.80000000,2183.78000000,89014.74470000,1750622399999,2025-06-22T19:59:59.999000Z,194801688.37267800,704540,43882.44600000,96066829.11514500
1750622400000,2025-06-22T20:00:00Z,2183.79000000,2237.23000000,2111.89000000,2227.70000000,162912.56570000,1750636799999,2025-06-22T23:59:59.999000Z,354217048.01253900,982184,82678.83700000,180022052.38380600
1750636800000,2025-06-23T00:00:00Z,2227.70000000,2260.42000000,2222.30000000,2234.68000000,68795.35550000,1750651199999,2025-06-23T03:59:59.999000Z,154006577.77732900,435739,34194.76330000,76576284.03407000
1750651200000,2025-06-23T04:00:00Z,2234.67000000,2275.67000000,2227.89000000,2258.88000000,70994.69730000,1750665599999,2025-06-23T07:59:59.999000Z,159643605.35645400,380197,36342.94260000,81732983.16569500
1750665600000,2025-06-23T08:00:00Z,2258.87000000,2274.70000000,2238.68000000,2253.37000000,49645.36160000,1750679999999,2025-06-23T11:59:59.999000Z,111901026.84805400,331358,22354.16630000,50402951.51710300
1750680000000,2025-06-23T12:00:00Z,2253.38000000,2313.53000000,2232.45000000,2248.54000000,136331.69080000,1750694399999,2025-06-23T15:59:59.999000Z,310558088.16378900,949123,68205.55000000,155461516.95696700
1750694400000,2025-06-23T16:00:00Z,2248.53000000,2325.16000000,2188.00000000,2312.77000000,220903.29160000,1750708799999,2025-06-23T19:59:59.999000Z,500022166.73029200,1316664,106243.09460000,240501854.78159500
1750708800000,2025-06-23T20:00:00Z,2312.77000000,2438.68000000,2303.79000000,2411.66000000,197913.40350000,1750723199999,2025-06-23T23:59:59.999000Z,471408056.15119500,1064226,99783.82940000,237706656.90783600
1750723200000,2025-06-24T00:00:00Z,2411.66000000,2418.09000000,2389.31000000,2398.51000000,77312.53820000,1750737599999,2025-06-24T03:59:59.999000Z,185713390.42250300,430838,36721.68970000,88239475.03987000
1750737600000,2025-06-24T04:00:00Z,2398.51000000,2434.82000000,2391.20000000,2393.31000000,82496.90210000,1750751999999,2025-06-24T07:59:59.999000Z,199003510.68687400,478703,40040.57630000,96613308.78436800
1750752000000,2025-06-24T08:00:00Z,2393.31000000,2449.14000000,2376.11000000,2409.44000000,111376.67090000,1750766399999,2025-06-24T11:59:59.999000Z,268391334.28821200,579072,55551.20230000,133891730.21945800
1750766400000,2025-06-24T12:00:00Z,2409.44000000,2454.73000000,2402.89000000,2438.10000000,105117.67920000,1750780799999,2025-06-24T15:59:59.999000Z,255136087.43272200,734695,54645.05070000,132675757.30710900
1750780800000,2025-06-24T16:00:00Z,2438.11000000,2482.04000000,2417.22000000,2434.24000000,105632.53550000,1750795199999,2025-06-24T19:59:59.999000Z,259089653.41457200,648537,51385.51310000,126080688.77131800
1750795200000,2025-06-24T20:00:00Z,2434.23000000,2450.41000000,2430.70000000,2448.45000000,34824.33620000,1750809599999,2025-06-24T23:59:59.999000Z,84988629.84995900,261511,17158.64810000,41877044.18564400
1750809600000,2025-06-25T00:00:00Z,2448.46000000,2468.69000000,2436.62000000,2444.38000000,42639.69860000,1750823999999,2025-06-25T03:59:59.999000Z,104660201.51297800,364420,21562.74060000,52927307.95505500
1750824000000,2025-06-25T04:00:00Z,2444.38000000,2450.66000000,2424.21000000,2444.54000000,44534.87690000,1750838399999,2025-06-25T07:59:59.999000Z,108565634.43686800,267765,19889.66690000,48501815.49573700
1750838400000,2025-06-25T08:00:00Z,2444.55000000,2448.47000000,2407.63000000,2428.95000000,83084.61570000,1750852799999,2025-06-25T11:59:59.999000Z,201687242.58238100,438047,38995.54480000,94703379.14769400
1750852800000,2025-06-25T12:00:00Z,2428.96000000,2446.59000000,2389.69000000,2405.68000000,141883.70070000,1750867199999,2025-06-25T15:59:59.999000Z,343457679.50622400,872916,69720.22180000,168873186.87114000
1750867200000,2025-06-25T16:00:00Z,2405.69000000,2440.00000000,2401.37000000,2432.79000000,61107.34930000,1750881599999,2025-06-25T19:59:59.999000Z,147988400.82431000,506106,32950.13460000,79828864.31411600
1750881600000,2025-06-25T20:00:00Z,2432.79000000,2454.98000000,2408.02000000,2418.49000000,41644.49750000,1750895999999,2025-06-25T23:59:59.999000Z,101214948.84367000,327666,23399.68950000,56910455.93599700
1750896000000,2025-06-26T00:00:00Z,2418.50000000,2520.92000000,2416.99000000,2488.78000000,136035.39470000,1750910399999,2025-06-26T03:59:59.999000Z,336797262.78976600,694543,72999.66640000,181211499.88447900
1750910400000,2025-06-26T04:00:00Z,2488.79000000,2500.56000000,2467.14000000,2489.89000000,52296.58350000,1750924799999,2025-06-26T07:59:59.999000Z,129877722.19738200,362122,28326.91720000,70357422.16748400
1750924800000,2025-06-26T08:00:00Z,2489.88000000,2500.40000000,2440.00000000,2450.36000000,65119.11360000,1750939199999,2025-06-26T11:59:59.999000Z,160759557.67391900,393765,29178.86480000,72033939.23052300
1750939200000,2025-06-26T12:00:00Z,2450.35000000,2459.49000000,2409.51000000,2433.03000000,111170.27770000,1750953599999,2025-06-26T15:59:59.999000Z,270644533.28459700,697018,54103.88660000,131762175.70416600
1750953600000,2025-06-26T16:00:00Z,2433.04000000,2442.91000000,2418.20000000,2435.87000000,40389.00570000,1750967999999,2025-06-26T19:59:59.999000Z,98090325.97006800,392858,18884.25220000,45882874.32282200
1750968000000,2025-06-26T20:00:00Z,2435.86000000,2457.32000000,2394.32000000,2415.96000000,58693.65090000,1750982399999,2025-06-26T23:59:59.999000Z,142141355.66833300,438620,31430.43430000,76136383.34908400
1750982400000,2025-06-27T00:00:00Z,2415.96000000,2448.84000000,2382.53000000,2446.97000000,77786.35490000,1750996799999,2025-06-27T03:59:59.999000Z,188115961.20472400,339031,30692.54500000,74274578.42693200
1750996800000,2025-06-27T04:00:00Z,2446.98000000,2459.53000000,2434.63000000,2442.31000000,73097.81580000,1751011199999,2025-06-27T07:59:59.999000Z,178573807.13557100,273167,24420.75760000,59708385.34089400
1751011200000,2025-06-27T08:00:00Z,2442.30000000,2463.54000000,2435.25000000,2447.25000000,65938.19520000,1751025599999,2025-06-27T11:59:59.999000Z,161512671.96682300,320941,27944.47340000,68483118.31905400
1751025600000,2025-06-27T12:00:00Z,2447.25000000,2456.92000000,2414.15000000,2438.25000000,67273.58940000,1751039999999,2025-06-27T15:59:59.999000Z,163525301.11061000,464044,32712.09090000,79530157.02130300
1751040000000,2025-06-27T16:00:00Z,2438.26000000,2449.44000000,2388.29000000,2412.67000000,58701.60250000,1751054399999,2025-06-27T19:59:59.999000Z,141624228.56611700,497415,26611.17610000,64190974.50815000
1751054400000,2025-06-27T20:00:00Z,2412.67000000,2429.47000000,2411.54000000,2423.17000000,38677.20820000,1751068799999,2025-06-27T23:59:59.999000Z,93672841.56457500,217879,21285.18500000,51549854.07229400
1751068800000,2025-06-28T00:00:00Z,2423.17000000,2423.91000000,2405.81000000,2420.93000000,22573.10790000,1751083199999,2025-06-28T03:59:59.999000Z,54565146.40893100,156624,12156.64950000,29387847.35495000
1751083200000,2025-06-28T04:00:00Z,2420.93000000,2433.86000000,2417.86000000,2431.76000000,25863.01670000,1751097599999,2025-06-28T07:59:59.999000Z,62713426.59591300,107862,11539.94370000,27992937.69839800
1751097600000,2025-06-28T08:00:00Z,2431.77000000,2432.44000000,2419.65000000,2427.42000000,35720.72530000,1751111999999,2025-06-28T11:59:59.999000Z,86623040.85592600,112288,13228.91860000,32076907.00280900
1751112000000,2025-06-28T12:00:00Z,2427.42000000,2443.00000000,2420.00000000,2436.09000000,23960.84100000,1751126399999,2025-06-28T15:59:59.999000Z,58176286.12114300,130928,12907.39850000,31343823.96422000
1751126400000,2025-06-28T16:00:00Z,2436.10000000,2447.80000000,2431.64000000,2433.22000000,33334.22930000,1751140799999,2025-06-28T19:59:59.999000Z,81262560.82053700,217573,17944.39430000,43744137.42779100
1751140800000,2025-06-28T20:00:00Z,2433.21000000,2442.21000000,2427.44000000,2435.62000000,14363.06570000,1751155199999,2025-06-28T23:59:59.999000Z,34970443.14649800,130381,7332.70890000,17856232.79597400
1751155200000,2025-06-29T00:00:00Z,2435.62000000,2442.77000000,2424.65000000,2427.86000000,21222.23030000,1751169599999,2025-06-29T03:59:59.999000Z,51630396.73917600,127952,11564.68730000,28144251.27015000
1751169600000,2025-06-29T04:00:00Z,2427.87000000,2440.50000000,2426.64000000,2440.50000000,14615.48110000,1751183999999,2025-06-29T07:59:59.999000Z,35585700.60514700,96605,6916.41750000,16839713.46937100
1751184000000,2025-06-29T08:00:00Z,2440.51000000,2463.88000000,2438.33000000,2462.25000000,54997.06460000,1751198399999,2025-06-29T11:59:59.999000Z,134866121.65925300,237470,29072.32250000,71303739.41356100
1751198400000,2025-06-29T12:00:00Z,2462.24000000,2463.48000000,2432.88000000,2436.68000000,38138.63100000,1751212799999,2025-06-29T15:59:59.999000Z,93354530.24546300,199883,16294.37340000,39890286.20666900
1751212800000,2025-06-29T16:00:00Z,2436.69000000,2442.55000000,2429.58000000,2437.96000000,21035.62100000,1751227199999,2025-06-29T19:59:59.999000Z,51262971.55595300,129139,8332.66690000,20307609.05196300
1751227200000,2025-06-29T20:00:00Z,2437.97000000,2525.00000000,2412.00000000,2500.09000000,134282.77770000,1751241599999,2025-06-29T23:59:59.999000Z,333629701.17184200,579658,75094.33570000,186606390.25021900
1751241600000,2025-06-30T00:00:00Z,2500.09000000,2524.30000000,2495.17000000,2499.21000000,79654.37450000,1751255999999,2025-06-30T03:59:59.999000Z,199823421.55091400,356438,42033.89920000,105437368.07896300
1751256000000,2025-06-30T04:00:00Z,2499.20000000,2505.31000000,2456.37000000,2480.59000000,66271.42950000,1751270399999,2025-06-30T07:59:59.999000Z,164508055.34250300,312042,29956.04850000,74367092.54181900
1751270400000,2025-06-30T08:00:00Z,2480.60000000,2486.64000000,2446.68000000,2458.52000000,59663.39510000,1751284799999,2025-06-30T11:59:59.999000Z,146866196.69267400,298595,30677.35500000,75518739.41594700
1751284800000,2025-06-30T12:00:00Z,2458.51000000,2488.00000000,2431.00000000,2474.78000000,95201.23010000,1751299199999,2025-06-30T15:59:59.999000Z,234139186.00417800,561927,48624.33270000,119629811.21951500
1751299200000,2025-06-30T16:00:00Z,2474.77000000,2518.49000000,2461.88000000,2515.71000000,85849.37610000,1751313599999,2025-06-30T19:59:59.999000Z,213639296.35069700,510210,47429.47850000,118099725.89202300
1751313600000,2025-06-30T20:00:00Z,2515.71000000,2522.17000000,2482.54000000,2485.47000000,53815.90870000,1751327999999,2025-06-30T23:59:59.999000Z,134539841.98383100,294140,26135.98770000,65364883.06949600
1751328000000,2025-07-01T00:00:00Z,2485.47000000,2500.80000000,2477.44000000,2485.42000000,35064.22250000,1751342399999,2025-07-01T03:59:59.999000Z,87268734.35236500,212941,15703.91870000,39088690.17044800
1751342400000,2025-07-01T04:00:00Z,2485.43000000,2485.91000000,2445.45000000,2465.03000000,57251.45430000,1751356799999,2025-07-01T07:59:59.999000Z,140960537.60652800,273889,27650.38130000,68061770.59530100
1751356800000,2025-07-01T08:00:00Z,2465.03000000,2465.04000000,2440.00000000,2449.06000000,59693.70980000,1751371199999,2025-07-01T11:59:59.999000Z,146485382.34514300,227538,25611.77380000,62889502.75225200
1751371200000,2025-07-01T12:00:00Z,2449.05000000,2456.55000000,2406.70000000,2423.54000000,96182.02180000,1751385599999,2025-07-01T15:59:59.999000Z,233792067.19802400,593608,44222.85920000,107511482.10146100
1751385600000,2025-07-01T16:00:00Z,2423.54000000,2434.00000000,2400.00000000,2402.87000000,45021.14840000,1751399999999,2025-07-01T19:59:59.999000Z,108879555.12837300,360058,19606.19030000,47426478.45411300
1751400000000,2025-07-01T20:00:00Z,2402.87000000,2418.57000000,2386.52000000,2405.01000000,58738.53000000,1751414399999,2025-07-01T23:59:59.999000Z,141156951.70383100,310824,26096.73890000,62722068.07152500
1751414400000,2025-07-02T00:00:00Z,2405.01000000,2432.41000000,2373.00000000,2430.55000000,51415.43960000,1751428799999,2025-07-02T03:59:59.999000Z,123662546.92480700,303663,27009.10160000,65002230.54144300
1751428800000,2025-07-02T04:00:00Z,2430.55000000,2454.70000000,2425.47000000,2447.03000000,53917.34200000,1751443199999,2025-07-02T07:59:59.999000Z,131726469.11240400,236104,25529.82560000,62364065.87222700
1751443200000,2025-07-02T08:00:00Z,2447.03000000,2459.99000000,2441.70000000,2445.70000000,51333.28340000,1751457599999,2025-07-02T11:59:59.999000Z,125789646.95793600,206188,21959.36660000,53819022.39103900
1751457600000,2025-07-02T12:00:00Z,2445.69000000,2502.85000000,2431.56000000,2498.81000000,100535.97030000,1751471999999,2025-07-02T15:59:59.999000Z,248204534.60065200,519121,52025.26990000,128502108.72563400
1751472000000,2025-07-02T16:00:00Z,2498.82000000,2607.71000000,2495.03000000,2604.73000000,259492.69340000,1751486399999,2025-07-02T19:59:59.999000Z,663837592.08302000,994600,138167.48590000,353336521.56533700
1751486400000,2025-07-02T20:00:00Z,2604.73000000,2619.28000000,2569.14000000,2570.41000000,118272.30500000,1751500799999,2025-07-02T23:59:59.999000Z,306658019.57506800,457463,58506.97100000,151719137.57869700
1751500800000,2025-07-03T00:00:00Z,2570.41000000,2587.54000000,2556.12000000,2561.23000000,66739.91170000,1751515199999,2025-07-03T03:59:59.999000Z,171560710.06470400,337131,31350.11450000,80592794.41043700
1751515200000,2025-07-03T04:00:00Z,2561.22000000,2605.74000000,2559.34000000,2600.18000000,65796.65580000,1751529599999,2025-07-03T07:59:59.999000Z,170301541.29786600,309161,35144.50380000,90962379.10602500
1751529600000,2025-07-03T08:00:00Z,2600.19000000,2616.96000000,2581.58000000,2597.59000000,83170.90320000,1751543999999,2025-07-03T11:59:59.999000Z,216139350.28784000,396079,43073.48690000,111947603.83303900
1751544000000,2025-07-03T12:00:00Z,2597.58000000,2635.50000000,2565.46000000,2570.52000000,191424.43060000,1751558399999,2025-07-03T15:59:59.999000Z,497671680.55979800,953613,101914.84000000,265072511.15390900
1751558400000,2025-07-03T16:00:00Z,2570.52000000,2592.43000000,2565.31000000,2586.02000000,62365.86840000,1751572799999,2025-07-03T19:59:59.999000Z,160786658.35785100,319656,31730.18490000,81809959.06735300
1751572800000,2025-07-03T20:00:00Z,2586.02000000,2603.60000000,2585.69000000,2591.25000000,35445.88950000,1751587199999,2025-07-03T23:59:59.999000Z,91969432.40472600,190587,17804.27590000,46206765.68895300
1751587200000,2025-07-04T00:00:00Z,2591.26000000,2603.17000000,2571.56000000,2577.93000000,39051.48380000,1751601599999,2025-07-04T03:59:59.999000Z,100995642.19551700,216772,18413.84850000,47627851.50686100
1751601600000,2025-07-04T04:00:00Z,2577.93000000,2584.64000000,2530.30000000,2534.90000000,78695.43570000,1751615999999,2025-07-04T07:59:59.999000Z,201218338.56326400,314387,32382.66280000,82812398.16566200
1751616000000,2025-07-04T08:00:00Z,2534.90000000,2558.66000000,2527.37000000,2549.21000000,48106.86390000,1751630399999,2025-07-04T11:59:59.999000Z,122520057.55965100,237665,24188.08070000,61605163.95577500
1751630400000,2025-07-04T12:00:00Z,2549.20000000,2555.96000000,2498.36000000,2500.52000000,116758.49690000,1751644799999,2025-07-04T15:59:59.999000Z,294184196.87921800,544145,55203.62280000,139190801.33254700
1751644800000,2025-07-04T16:00:00Z,2500.52000000,2503.50000000,2474.24000000,2482.58000000,130796.52180000,1751659199999,2025-07-04T19:59:59.999000Z,325254225.70666200,458313,47528.54040000,118211714.82791700
1751659200000,2025-07-04T20:00:00Z,2482.57000000,2520.85000000,2481.21000000,2508.04000000,39184.21790000,1751673599999,2025-07-04T23:59:59.999000Z,98103477.06389000,209309,20441.79990000,51180831.94056500
1751673600000,2025-07-05T00:00:00Z,2508.04000000,2524.92000000,2498.63000000,2518.24000000,25534.42430000,1751687999999,2025-07-05T03:59:59.999000Z,64204880.31837900,166395,13651.06010000,34334575.33958500
1751688000000,2025-07-05T04:00:00Z,2518.24000000,2529.81000000,2512.63000000,2521.31000000,18659.47640000,1751702399999,2025-07-05T07:59:59.999000Z,47046053.26115900,124895,8623.84020000,21746949.86806000
1751702400000,2025-07-05T08:00:00Z,2521.32000000,2526.45000000,2508.83000000,2518.11000000,22957.67300000,1751716799999,2025-07-05T11:59:59.999000Z,57828810.24737200,129644,9068.82190000,22843881.33810900
1751716800000,2025-07-05T12:00:00Z,2518.11000000,2521.98000000,2505.35000000,2507.67000000,30633.26600000,1751731199999,2025-07-05T15:59:59.999000Z,77048262.71141600,140554,16159.79090000,40647733.84148000
1751731200000,2025-07-05T16:00:00Z,2507.67000000,2512.95000000,2487.95000000,2505.74000000,41908.63210000,1751745599999,2025-07-05T19:59:59.999000Z,104774675.65780300,223319,21956.90640000,54902269.98098800
1751745600000,2025-07-05T20:00:00Z,2505.73000000,2522.52000000,2498.28000000,2516.41000000,17504.62400000,1751759999999,2025-07-05T23:59:59.999000Z,44003692.82163700,127143,10114.88070000,25426916.75770700
1751760000000,2025-07-06T00:00:00Z,2516.42000000,2520.84000000,2509.47000000,2514.77000000,16689.36170000,1751774399999,2025-07-06T03:59:59.999000Z,41976453.10298100,95480,6139.53930000,15443594.70640800
1751774400000,2025-07-06T04:00:00Z,2514.78000000,2526.66000000,2508.66000000,2517.85000000,22907.89420000,1751788799999,2025-07-06T07:59:59.999000Z,57690472.77240200,103812,10271.45560000,25870177.05302600
1751788800000,2025-07-06T08:00:00Z,2517.85000000,2518.44000000,2503.50000000,2516.14000000,24935.42660000,1751803199999,2025-07-06T11:59:59.999000Z,62625398.77592000,116212,11433.06180000,28716364.24706900
1751803200000,2025-07-06T12:00:00Z,2516.14000000,2570.00000000,2511.94000000,2558.72000000,80738.41770000,1751817599999,2025-07-06T15:59:59.999000Z,205803474.38830100,376579,41465.51270000,105685259.49592900
1751817600000,2025-07-06T16:00:00Z,2558.71000000,2560.81000000,2523.33000000,2541.06000000,46446.23390000,1751831999999,2025-07-06T19:59:59.999000Z,118075926.27119700,233055,23990.43220000,60987297.87460000
1751832000000,2025-07-06T20:00:00Z,2541.05000000,2605.00000000,2540.06000000,2570.35000000,85876.29780000,1751846399999,2025-07-06T23:59:59.999000Z,221799899.76000100,450857,45216.85060000,116721234.92186200
1751846400000,2025-07-07T00:00:00Z,2570.35000000,2590.57000000,2550.46000000,2577.42000000,43450.68010000,1751860799999,2025-07-07T03:59:59.999000Z,111699810.80533500,291437,21935.29670000,56399812.70935000
1751860800000,2025-07-07T04:00:00Z,2577.41000000,2580.64000000,2560.00000000,2578.34000000,31939.73740000,1751875199999,2025-07-07T07:59:59.999000Z,82156430.03126600,179601,16441.20310000,42297244.61525100
1751875200000,2025-07-07T08:00:00Z,2578.33000000,2588.42000000,2552.57000000,2562.99000000,42870.56310000,1751889599999,2025-07-07T11:59:59.999000Z,110186165.66666000,220924,20306.49790000,52184851.57958600
1751889600000,2025-07-07T12:00:00Z,2562.99000000,2569.12000000,2527.50000000,2533.81000000,87925.52730000,1751903999999,2025-07-07T15:59:59.999000Z,223845508.68813000,573698,39467.64580000,100486159.85881700
1751904000000,2025-07-07T16:00:00Z,2533.81000000,2557.49000000,2512.00000000,2543.97000000,82559.97200000,1751918399999,2025-07-07T19:59:59.999000Z,209106270.05835400,514047,44267.04750000,112153312.98567100
1751918400000,2025-07-07T20:00:00Z,2543.97000000,2545.45000000,2523.33000000,2542.29000000,26961.04730000,1751932799999,2025-07-07T23:59:59.999000Z,68375959.22374000,205336,13133.87680000,33307547.71147000
1751932800000,2025-07-08T00:00:00Z,2542.30000000,2554.56000000,2523.59000000,2538.34000000,45379.92570000,1751947199999,2025-07-08T03:59:59.999000Z,115097274.37908000,289124,23885.92840000,60578626.04497300
1751947200000,2025-07-08T04:00:00Z,2538.33000000,2563.80000000,2532.00000000,2553.42000000,41418.57150000,1751961599999,2025-07-08T07:59:59.999000Z,105599551.77100800,191773,19606.28230000,49997509.24196200
1751961600000,2025-07-08T08:00:00Z,2553.42000000,2585.38000000,2543.33000000,2575.15000000,47897.37180000,1751975999999,2025-07-08T11:59:59.999000Z,122797602.41142700,228985,26007.22300000,66690493.29255300
1751976000000,2025-07-08T12:00:00Z,2575.16000000,2600.62000000,2557.86000000,2564.68000000,77029.40180000,1751990399999,2025-07-08T15:59:59.999000Z,198534053.87727200,447526,36832.35880000,94966898.05581000
1751990400000,2025-07-08T16:00:00Z,2564.68000000,2628.21000000,2559.68000000,2610.61000000,124670.17330000,1752004799999,2025-07-08T19:59:59.999000Z,325111339.33774600,563107,67972.79080000,177230067.59332900
1752004800000,2025-07-08T20:00:00Z,2610.61000000,2617.70000000,2596.85000000,2615.25000000,34520.28800000,1752019199999,2025-07-08T23:59:59.999000Z,90040275.00719400,179282,19180.15880000,50031850.70152200
1752019200000,2025-07-09T00:00:00Z,2615.25000000,2626.72000000,2589.78000000,2591.75000000,36059.89450000,1752033599999,2025-07-09T03:59:59.999000Z,93950859.37624700,236745,17415.15530000,45383415.35512400
1752033600000,2025-07-09T04:00:00Z,2591.74000000,2647.00000000,2590.98000000,2624.86000000,65726.35410000,1752047999999,2025-07-09T07:59:59.999000Z,172449432.05695200,282538,35332.91850000,92682556.56156800
1752048000000,2025-07-09T08:00:00Z,2624.86000000,2630.31000000,2604.37000000,2626.43000000,48393.05110000,1752062399999,2025-07-09T11:59:59.999000Z,126675561.73345300,237336,23815.73440000,62341620.39453700
1752062400000,2025-07-09T12:00:00Z,2626.43000000,2674.81000000,2623.95000000,2656.83000000,174568.86130000,1752076799999,2025-07-09T15:59:59.999000Z,463472406.76532700,708388,86016.97990000,228325287.84224100
1752076800000,2025-07-09T16:00:00Z,2656.84000000,2795.74000000,2652.41000000,2765.01000000,218869.85320000,1752091199999,2025-07-09T19:59:59.999000Z,595339410.43571000,906600,123855.57130000,337081636.35981900
1752091200000,2025-07-09T20:00:00Z,2765.01000000,2783.16000000,2731.72000000,2768.74000000,142501.36300000,1752105599999,2025-07-09T23:59:59.999000Z,392673902.53891000,625939,70919.63780000,195449141.02454500
1752105600000,2025-07-10T00:00:00Z,2768.74000000,2798.00000000,2755.50000000,2776.13000000,83700.99310000,1752119999999,2025-07-10T03:59:59.999000Z,232318160.38730000,356342,38643.74600000,107282977.15679100
1752120000000,2025-07-10T04:00:00Z,2776.13000000,2823.18000000,2765.53000000,2791.09000000,153381.50990000,1752134399999,2025-07-10T07:59:59.999000Z,428706119.39401600,472974,83519.45760000,233660975.86494500
1752134400000,2025-07-10T08:00:00Z,2791.08000000,2797.00000000,2772.00000000,2778.69000000,80534.41730000,1752148799999,2025-07-10T11:59:59.999000Z,224218923.14183900,301851,44529.63820000,124002654.86081500
1752148800000,2025-07-10T12:00:00Z,2778.69000000,2795.00000000,2758.78000000,2769.32000000,104583.56930000,1752163199999,2025-07-10T15:59:59.999000Z,290267204.82747300,584476,55363.40690000,153689797.50142700
1752163200000,2025-07-10T16:00:00Z,2769.32000000,2840.69000000,2769.03000000,2816.21000000,174872.02700000,1752177599999,2025-07-10T19:59:59.999000Z,491509046.68078800,987102,89495.54230000,251542919.27566300
1752177600000,2025-07-10T20:00:00Z,2816.21000000,3000.00000000,2813.13000000,2951.29000000,354823.55340000,1752191999999,2025-07-10T23:59:59.999000Z,1040978467.83422200,1532297,177937.80330000,521363947.73494700
1752192000000,2025-07-11T00:00:00Z,2951.29000000,2975.00000000,2913.75000000,2969.74000000,129986.26320000,1752206399999,2025-07-11T03:59:59.999000Z,383341721.01007000,700043,65150.67470000,192194255.09030300
1752206400000,2025-07-11T04:00:00Z,2969.75000000,3029.55000000,2946.02000000,2968.49000000,205429.01530000,1752220799999,2025-07-11T07:59:59.999000Z,615581195.76495700,977937,107137.76110000,321072487.95813000
1752220800000,2025-07-11T08:00:00Z,2968.81000000,3040.15000000,2963.51000000,2984.00000000,176478.93360000,1752235199999,2025-07-11T11:59:59.999000Z,529804489.18577500,792422,84669.23300000,254156102.77811900
1752235200000,2025-07-11T12:00:00Z,2984.01000000,3009.64000000,2939.36000000,2951.09000000,183069.29940000,1752249599999,2025-07-11T15:59:59.999000Z,546019163.41112000,907316,83532.79250000,249192653.10366500
1752249600000,2025-07-11T16:00:00Z,2951.09000000,3010.39000000,2936.46000000,3007.60000000,121178.05760000,1752263999999,2025-07-11T19:59:59.999000Z,360760158.91590100,647411,62569.92710000,186280593.80798200
1752264000000,2025-07-11T20:00:00Z,3007.60000000,3010.00000000,2923.32000000,2958.22000000,90697.59980000,1752278399999,2025-07-11T23:59:59.999000Z,268978169.18390000,409805,43582.45880000,129258714.57665600
1752278400000,2025-07-12T00:00:00Z,2958.21000000,2970.85000000,2932.00000000,2966.09000000,47769.60890000,1752292799999,2025-07-12T03:59:59.999000Z,141224740.03242400,262431,25062.96430000,74104673.15498900
1752292800000,2025-07-12T04:00:00Z,2966.10000000,2977.94000000,2937.70000000,2962.85000000,54739.04060000,1752307199999,2025-07-12T07:59:59.999000Z,161914912.49654000,259625,24619.56850000,72848727.44927600
1752307200000,2025-07-12T08:00:00Z,2962.84000000,2979.78000000,2957.51000000,2963.39000000,48317.17940000,1752321599999,2025-07-12T11:59:59.999000Z,143481928.02004700,200552,23903.95940000,70993465.80274400
1752321600000,2025-07-12T12:00:00Z,2963.39000000,2967.59000000,2903.85000000,2916.05000000,113763.83720000,1752335999999,2025-07-12T15:59:59.999000Z,333391515.99566000,567159,51449.93950000,150776228.61256400
1752336000000,2025-07-12T16:00:00Z,2916.05000000,2945.83000000,2910.49000000,2941.18000000,42874.71130000,1752350399999,2025-07-12T19:59:59.999000Z,125805346.52888700,216660,21346.44230000,62637821.82328300
1752350400000,2025-07-12T20:00:00Z,2941.18000000,2948.00000000,2915.00000000,2943.28000000,41420.51030000,1752364799999,2025-07-12T23:59:59.999000Z,121505726.75792400,184273,22907.43230000,67199585.34842800
1752364800000,2025-07-13T00:00:00Z,2943.29000000,2960.70000000,2936.49000000,2955.10000000,32411.58860000,1752379199999,2025-07-13T03:59:59.999000Z,95555295.17704500,194019,17988.59570000,53041898.94872800
1752379200000,2025-07-13T04:00:00Z,2955.11000000,2967.97000000,2949.64000000,2962.94000000,29321.38170000,1752393599999,2025-07-13T07:59:59.999000Z,86752100.93948000,136977,15417.41040000,45618161.59383600
1752393600000,2025-07-13T08:00:00Z,2962.95000000,2965.66000000,2944.49000000,2964.58000000,33777.46900000,1752407999999,2025-07-13T11:59:59.999000Z,99845660.68320400,131422,16732.35910000,49462087.14590700
1752408000000,2025-07-13T12:00:00Z,2964.57000000,3020.31000000,2958.92000000,2992.43000000,129614.68830000,1752422399999,2025-07-13T15:59:59.999000Z,387723785.12961000,542912,68253.34290000,204159556.25860900
1752422400000,2025-07-13T16:00:00Z,2992.43000000,3010.65000000,2962.65000000,2989.45000000,59449.35960000,1752436799999,2025-07-13T19:59:59.999000Z,177771745.93743600,346114,27635.92840000,82643966.09415000
1752436800000,2025-07-13T20:00:00Z,2989.46000000,2998.92000000,2940.24000000,2972.03000000,72759.01440000,1752451199999,2025-07-13T23:59:59.999000Z,215859402.11063000,426756,35332.15700000,104811705.08089000
1752451200000,2025-07-14T00:00:00Z,2972.03000000,3051.26000000,2962.81000000,3037.36000000,125331.23480000,1752465599999,2025-07-14T03:59:59.999000Z,377118802.41204500,620065,66838.80800000,201258583.74476800
1752465600000,2025-07-14T04:00:00Z,3037.35000000,3065.57000000,3016.91000000,3045.02000000,176067.35270000,1752479999999,2025-07-14T07:59:59.999000Z,535270398.45292800,736362,85401.11970000,259605416.18478500
1752480000000,2025-07-14T08:00:00Z,3045.02000000,3083.00000000,3023.08000000,3051.72000000,153682.68780000,1752494399999,2025-07-14T11:59:59.999000Z,469314049.52580800,647377,74195.17450000,226649122.80923400
1752494400000,2025-07-14T12:00:00Z,3051.71000000,3068.33000000,2993.20000000,3012.49000000,173256.29100000,1752508799999,2025-07-14T15:59:59.999000Z,525656326.24940300,820505,78054.82310000,236847014.70361000
1752508800000,2025-07-14T16:00:00Z,3012.48000000,3029.96000000,2983.00000000,3000.33000000,121773.23710000,1752523199999,2025-07-14T19:59:59.999000Z,366075900.56844300,574552,51929.74050000,156119261.25364700
1752523200000,2025-07-14T20:00:00Z,3000.35000000,3018.88000000,2980.97000000,3013.62000000,65441.84620000,1752537599999,2025-07-14T23:59:59.999000Z,196701600.80935900,307300,30466.55940000,91588156.45445900
1752537600000,2025-07-15T00:00:00Z,3013.61000000,3023.20000000,2932.46000000,2951.80000000,137032.58470000,1752551999999,2025-07-15T03:59:59.999000Z,406924692.97061900,736728,63498.62210000,188607942.15602800
1752552000000,2025-07-15T04:00:00Z,2951.79000000,2995.89000000,2934.83000000,2977.49000000,98226.70010000,1752566399999,2025-07-15T07:59:59.999000Z,292060327.08933400,452514,56597.24310000,168323691.00535300
1752566400000,2025-07-15T08:00:00Z,2977.50000000,2989.25000000,2958.84000000,2981.11000000,60092.55120000,1752580799999,2025-07-15T11:59:59.999000Z,178719403.96664300,372930,30073.05110000,89458134.56192300
1752580800000,2025-07-15T12:00:00Z,2981.12000000,3067.43000000,2967.00000000,3039.93000000,244113.44540000,1752595199999,2025-07-15T15:59:59.999000Z,736470369.17975000,1289839,122329.58790000,369145942.13101200
1752595200000,2025-07-15T16:00:00Z,3039.94000000,3097.32000000,3032.35000000,3040.88000000,223763.21070000,1752609599999,2025-07-15T19:59:59.999000Z,685702051.92818900,968810,127283.74060000,390103324.70465800
1752609600000,2025-07-15T20:00:00Z,3040.87000000,3144.14000000,3029.63000000,3137.89000000,100355.24560000,1752623999999,2025-07-15T23:59:59.999000Z,310475270.81861400,496601,53044.15630000,164155544.10275900
1752624000000,2025-07-16T00:00:00Z,3137.90000000,3152.53000000,3103.17000000,3115.99000000,107060.78690000,1752638399999,2025-07-16T03:59:59.999000Z,335058995.30663500,504347,56679.13090000,177450300.14364500
1752638400000,2025-07-16T04:00:00Z,3116.00000000,3175.00000000,3101.00000000,3162.45000000,110053.92630000,1752652799999,2025-07-16T07:59:59.999000Z,346370085.94013700,438345,62297.78470000,196046583.63263100
1752652800000,2025-07-16T08:00:00Z,3162.44000000,3173.47000000,3143.81000000,3150.50000000,97381.31740000,1752667199999,2025-07-16T11:59:59.999000Z,307461549.34633400,369465,49112.58500000,155068837.88146200
1752667200000,2025-07-16T12:00:00Z,3150.49000000,3265.44000000,3147.46000000,3244.49000000,278582.42460000,1752681599999,2025-07-16T15:59:59.999000Z,894912018.72863800,1130585,143338.74480000,460283699.43903100
1752681600000,2025-07-16T16:00:00Z,3244.48000000,3384.23000000,3235.00000000,3384.23000000,329179.68760000,1752695999999,2025-07-16T19:59:59.999000Z,1091586115.03409100,1116402,177604.97360000,589003631.99553500
1752696000000,2025-07-16T20:00:00Z,3384.22000000,3425.00000000,3344.00000000,3371.35000000,213692.44030000,1752710399999,2025-07-16T23:59:59.999000Z,723766302.91243200,822418,97465.42390000,330032246.22087000
1752710400000,2025-07-17T00:00:00Z,3371.35000000,3398.18000000,3310.77000000,3330.14000000,136566.25650000,1752724799999,2025-07-17T03:59:59.999000Z,457725516.54291100,792800,66666.77060000,223494128.33277600
1752724800000,2025-07-17T04:00:00Z,3330.13000000,3468.00000000,3320.00000000,3447.90000000,159797.00200000,1752739199999,2025-07-17T07:59:59.999000Z,544564219.99758200,768602,86090.66160000,293558956.34974000
1752739200000,2025-07-17T08:00:00Z,3447.90000000,3480.19000000,3425.49000000,3433.29000000,156281.76760000,1752753599999,2025-07-17T11:59:59.999000Z,539915523.84811200,626214,70088.04540000,242182715.46923700
1752753600000,2025-07-17T12:00:00Z,3433.30000000,3439.64000000,3361.20000000,3420.49000000,187960.28410000,1752767999999,2025-07-17T15:59:59.999000Z,641507304.85002600,885186,86193.95640000,294282428.67245300
1752768000000,2025-07-17T16:00:00Z,3420.49000000,3455.54000000,3364.43000000,3412.33000000,143203.48180000,1752782399999,2025-07-17T19:59:59.999000Z,488671439.24438200,823725,74888.01010000,255661539.30936400
1752782400000,2025-07-17T20:00:00Z,3412.32000000,3523.44000000,3372.51000000,3476.87000000,190257.03440000,1752796799999,2025-07-17T23:59:59.999000Z,659395728.77199100,1129054,100061.12510000,346942891.16931300
1752796800000,2025-07-18T00:00:00Z,3476.88000000,3626.57000000,3458.68000000,3596.40000000,250277.73880000,1752811199999,2025-07-18T03:59:59.999000Z,894754546.07374000,1190439,136874.41100000,489175763.97162600
1752811200000,2025-07-18T04:00:00Z,3596.40000000,3673.84000000,3576.00000000,3604.10000000,239600.36760000,1752825599999,2025-07-18T07:59:59.999000Z,870688563.97962500,961950,117990.11990000,428730827.03498600
1752825600000,2025-07-18T08:00:00Z,3604.10000000,3628.12000000,3582.41000000,3610.24000000,150319.79320000,1752839999999,2025-07-18T11:59:59.999000Z,542426442.72997000,715746,65222.44510000,235412325.85170100
1752840000000,2025-07-18T12:00:00Z,3610.23000000,3671.50000000,3530.00000000,3563.68000000,278381.88670000,1752854399999,2025-07-18T15:59:59.999000Z,1001443349.25186700,1247443,129510.73400000,466194063.25888800
1752854400000,2025-07-18T16:00:00Z,3563.68000000,3624.80000000,3538.00000000,3551.59000000,121323.41520000,1752868799999,2025-07-18T19:59:59.999000Z,434059558.87316200,783804,62097.57080000,222240032.15938700
1752868800000,2025-07-18T20:00:00Z,3551.59000000,3576.76000000,3477.58000000,3546.92000000,123920.19620000,1752883199999,2025-07-18T23:59:59.999000Z,437315667.31346000,666646,57154.19470000,201719774.75817800
1752883200000,2025-07-19T00:00:00Z,3546.92000000,3599.00000000,3506.79000000,3592.98000000,79193.03490000,1752897599999,2025-07-19T03:59:59.999000Z,281738293.26821000,497261,38844.14760000,138231019.12161200
1752897600000,2025-07-19T04:00:00Z,3592.97000000,3608.30000000,3567.05000000,3571.47000000,53185.97920000,1752911999999,2025-07-19T07:59:59.999000Z,190643507.34534400,271281,24406.89950000,87509873.18159200
1752912000000,2025-07-19T08:00:00Z,3571.46000000,3578.38000000,3538.07000000,3552.75000000,63369.99110000,1752926399999,2025-07-19T11:59:59.999000Z,225503696.46979800,361340,27350.10790000,97345560.70346800
1752926400000,2025-07-19T12:00:00Z,3552.75000000,3572.31000000,3526.44000000,3552.00000000,70947.41140000,1752940799999,2025-07-19T15:59:59.999000Z,251915371.35382900,411201,30637.81350000,108787529.20285900
1752940800000,2025-07-19T16:00:00Z,3552.00000000,3581.92000000,3532.78000000,3577.61000000,63243.42610000,1752955199999,2025-07-19T19:59:59.999000Z,224918523.07868500,345959,29846.36970000,106168981.22444000
1752955200000,2025-07-19T20:00:00Z,3577.61000000,3598.31000000,3539.00000000,3592.01000000,51852.07860000,1752969599999,2025-07-19T23:59:59.999000Z,185312559.82121000,330286,27258.66940000,97427895.24567500
1752969600000,2025-07-20T00:00:00Z,3592.00000000,3694.99000000,3579.13000000,3658.01000000,120180.49350000,1752983999999,2025-07-20T03:59:59.999000Z,436896815.31092900,553798,70752.18830000,257252940.76767200
1752984000000,2025-07-20T04:00:00Z,3658.01000000,3689.97000000,3633.18000000,3668.49000000,83643.00080000,1752998399999,2025-07-20T07:59:59.999000Z,305865148.75158700,364493,42212.45640000,154330234.19264600
1752998400000,2025-07-20T08:00:00Z,3668.50000000,3766.45000000,3668.50000000,3756.71000000,196973.34890000,1753012799999,2025-07-20T11:59:59.999000Z,731697687.64538400,679891,107935.73630000,401091438.70441300
1753012800000,2025-07-20T12:00:00Z,3756.70000000,3790.00000000,3724.94000000,3786.05000000,132622.01810000,1753027199999,2025-07-20T15:59:59.999000Z,497673785.96909100,647763,68260.26930000,256137050.92434700
1753027200000,2025-07-20T16:00:00Z,3786.06000000,3824.56000000,3730.72000000,3749.93000000,184914.78260000,1753041599999,2025-07-20T19:59:59.999000Z,697664452.54633800,807989,93216.36500000,351814100.71424900
1753041600000,2025-07-20T20:00:00Z,3749.93000000,3772.97000000,3681.60000000,3756.69000000,134022.90940000,1753055999999,2025-07-20T23:59:59.999000Z,500707448.17676600,740693,61167.91600000,228579748.07301500
1753056000000,2025-07-21T00:00:00Z,3756.69000000,3766.28000000,3701.01000000,3757.37000000,101795.19780000,1753070399999,2025-07-21T03:59:59.999000Z,380443009.17469100,629797,46253.07500000,172858758.98159800
1753070400000,2025-07-21T04:00:00Z,3757.38000000,3812.49000000,3747.38000000,3787.69000000,112872.73270000,1753084799999,2025-07-21T07:59:59.999000Z,426855338.62443000,501041,57996.98080000,219385302.42101100
1753084800000,2025-07-21T08:00:00Z,3787.70000000,3837.00000000,3755.32000000,3808.69000000,138350.40100000,1753099199999,2025-07-21T11:59:59.999000Z,525232998.66244000,660681,70474.23600000,267617900.50545900
1753099200000,2025-07-21T12:00:00Z,3808.69000000,3860.00000000,3775.39000000,3810.37000000,179461.84760000,1753113599999,2025-07-21T15:59:59.999000Z,685603886.66661800,956817,82402.40230000,314952923.56946200
1753113600000,2025-07-21T16:00:00Z,3810.37000000,3817.28000000,3719.00000000,3736.46000000,214277.15120000,1753127999999,2025-07-21T19:59:59.999000Z,806846243.32478300,1028386,97868.77490000,368568661.37379300
1753128000000,2025-07-21T20:00:00Z,3736.47000000,3779.48000000,3719.70000000,3762.33000000,65316.72310000,1753142399999,2025-07-21T23:59:59.999000Z,245274932.46675400,379628,30716.02960000,115383274.04413100
1753142400000,2025-07-22T00:00:00Z,3762.32000000,3798.65000000,3696.18000000,3731.14000000,142115.40270000,1753156799999,2025-07-22T03:59:59.999000Z,532320884.76159700,834196,62698.09500000,235041835.52110300
1753156800000,2025-07-22T04:00:00Z,3731.13000000,3734.01000000,3646.00000000,3676.91000000,170003.37830000,1753171199999,2025-07-22T07:59:59.999000Z,627246283.14243000,802977,82471.12540000,304278413.74157900
1753171200000,2025-07-22T08:00:00Z,3676.91000000,3719.99000000,3616.54000000,3705.30000000,161764.78150000,1753185599999,2025-07-22T11:59:59.999000Z,592067060.93232500,768145,82062.74810000,300448073.91230700
1753185600000,2025-07-22T12:00:00Z,3705.30000000,3728.53000000,3625.42000000,3718.11000000,204142.87320000,1753199999999,2025-07-22T15:59:59.999000Z,751985419.80850900,945279,94300.27480000,347461029.11830200
1753200000000,2025-07-22T16:00:00Z,3718.11000000,3748.90000000,3655.19000000,3670.14000000,122042.40430000,1753214399999,2025-07-22T19:59:59.999000Z,452191721.77359400,753681,60626.93110000,224662902.41503700
1753214400000,2025-07-22T20:00:00Z,3670.13000000,3751.00000000,3662.14000000,3746.21000000,70058.54640000,1753228799999,2025-07-22T23:59:59.999000Z,260211241.30172400,351248,36770.30640000,136588031.00567900
1753228800000,2025-07-23T00:00:00Z,3746.21000000,3764.20000000,3712.45000000,3728.63000000,94168.63400000,1753243199999,2025-07-23T03:59:59.999000Z,352169502.98157600,510239,45925.18030000,171763933.27938500
1753243200000,2025-07-23T04:00:00Z,3728.63000000,3737.60000000,3663.91000000,3673.33000000,75662.43040000,1753257599999,2025-07-23T07:59:59.999000Z,280079718.50813200,436011,32148.56810000,119062718.16399700
1753257600000,2025-07-23T08:00:00Z,3673.33000000,3698.00000000,3639.96000000,3671.99000000,85820.92000000,1753271999999,2025-07-23T11:59:59.999000Z,314672285.01422900,439656,41540.13630000,152370274.63301000
1753272000000,2025-07-23T12:00:00Z,3671.99000000,3680.68000000,3573.47000000,3644.22000000,267456.60770000,1753286399999,2025-07-23T15:59:59.999000Z,967561556.12648600,983943,122020.14140000,441680132.17998300
1753286400000,2025-07-23T16:00:00Z,3644.21000000,3644.21000000,3552.00000000,3587.75000000,162389.04030000,1753300799999,2025-07-23T19:59:59.999000Z,582866279.36230900,802462,70653.42680000,253549683.93312300
1753300800000,2025-07-23T20:00:00Z,3587.74000000,3634.93000000,3527.00000000,3628.29000000,114761.77010000,1753315199999,2025-07-23T23:59:59.999000Z,410551302.92756300,589583,56795.90080000,203273810.22693000
1753315200000,2025-07-24T00:00:00Z,3628.29000000,3665.31000000,3612.57000000,3641.19000000,55247.22890000,1753329599999,2025-07-24T03:59:59.999000Z,201206751.83887200,359257,29116.30080000,106078541.90013200
1753329600000,2025-07-24T04:00:00Z,3641.19000000,3657.57000000,3502.85000000,3591.90000000,160457.15390000,1753343999999,2025-07-24T07:59:59.999000Z,572993443.78333600,833704,76198.46350000,272147386.54253000
1753344000000,2025-07-24T08:00:00Z,3591.90000000,3660.36000000,3580.79000000,3655.12000000,120812.11820000,1753358399999,2025-07-24T11:59:59.999000Z,438373040.70546400,629169,63978.68970000,232245596.97080500
1753358400000,2025-07-24T12:00:00Z,3655.12000000,3771.00000000,3612.96000000,3730.76000000,206707.65660000,1753372799999,2025-07-24T15:59:59.999000Z,763785961.67466500,959658,105384.28370000,389338002.32254500
1753372800000,2025-07-24T16:00:00Z,3730.77000000,3754.17000000,3666.74000000,3732.79000000,135066.65640000,1753387199999,2025-07-24T19:59:59.999000Z,502215246.18592500,614026,63360.66990000,235637752.71377100
1753387200000,2025-07-24T20:00:00Z,3732.77000000,3743.44000000,3695.32000000,3706.94000000,71168.68100000,1753401599999,2025-07-24T23:59:59.999000Z,264752307.79890700,356799,34686.91010000,129039864.39549600
1753401600000,2025-07-25T00:00:00Z,3706.95000000,3708.21000000,3573.76000000,3596.00000000,174613.32790000,1753415999999,2025-07-25T03:59:59.999000Z,636168568.40054200,925568,77583.24470000,282781831.48991500
1753416000000,2025-07-25T04:00:00Z,3596.01000000,3667.59000000,3580.00000000,3631.67000000,138812.63140000,1753430399999,2025-07-25T07:59:59.999000Z,502880059.70394600,802973,70614.95950000,255884609.90067900
1753430400000,2025-07-25T08:00:00Z,3631.67000000,3747.00000000,3629.10000000,3721.37000000,150331.26390000,1753444799999,2025-07-25T11:59:59.999000Z,556121867.34835100,809256,75297.53750000,278384238.83719100
1753444800000,2025-07-25T12:00:00Z,3721.37000000,3735.00000000,3601.56000000,3634.20000000,155344.49490000,1753459199999,2025-07-25T15:59:59.999000Z,570241209.86614600,836332,75522.45040000,277167296.37069700
1753459200000,2025-07-25T16:00:00Z,3634.21000000,3659.75000000,3615.00000000,3641.14000000,78268.93650000,1753473599999,2025-07-25T19:59:59.999000Z,284902565.77736400,407896,35908.98570000,130748655.75184000
1753473600000,2025-07-25T20:00:00Z,3641.15000000,3730.00000000,3639.50000000,3724.96000000,67236.07150000,1753487999999,2025-07-25T23:59:59.999000Z,249349411.63555700,301094,35370.82920000,131115730.04604600
1753488000000,2025-07-26T00:00:00Z,3724.97000000,3767.13000000,3697.66000000,3739.51000000,73919.61270000,1753502399999,2025-07-26T03:59:59.999000Z,275967121.54645500,329681,38061.33530000,142136601.65094000
1753502400000,2025-07-26T04:00:00Z,3739.50000000,3756.62000000,3731.53000000,3742.21000000,44556.87730000,1753516799999,2025-07-26T07:59:59.999000Z,166863766.21494800,190589,19580.79500000,73340836.72603500
1753516800000,2025-07-26T08:00:00Z,3742.20000000,3782.83000000,3730.25000000,3739.36000000,110694.44580000,1753531199999,2025-07-26T11:59:59.999000Z,415862116.36349200,360976,62653.96720000,235386131.18223500
1753531200000,2025-07-26T12:00:00Z,3739.37000000,3754.20000000,3715.58000000,3735.72000000,64440.81090000,1753545599999,2025-07-26T15:59:59.999000Z,240903213.97620300,299069,27560.04530000,103032001.90928600
1753545600000,2025-07-26T16:00:00Z,3735.72000000,3756.06000000,3709.39000000,3750.50000000,53501.83390000,1753559999999,2025-07-26T19:59:59.999000Z,199821542.43750300,248051,24494.13690000,91485843.08706000
1753560000000,2025-07-26T20:00:00Z,3750.50000000,3793.00000000,3733.49000000,3741.10000000,60146.12180000,1753574399999,2025-07-26T23:59:59.999000Z,226004324.52754400,292129,32475.90200000,122083299.07783600
1753574400000,2025-07-27T00:00:00Z,3741.11000000,3787.80000000,3731.00000000,3774.03000000,41045.23460000,1753588799999,2025-07-27T03:59:59.999000Z,154529424.94849600,266863,21253.75450000,80042942.96196600
1753588800000,2025-07-27T04:00:00Z,3774.03000000,3811.00000000,3763.00000000,3768.01000000,60429.02860000,1753603199999,2025-07-27T07:59:59.999000Z,228838665.91188200,279923,31954.68210000,121056511.60363600
1753603200000,2025-07-27T08:00:00Z,3768.00000000,3842.95000000,3751.00000000,3815.26000000,90831.05420000,1753617599999,2025-07-27T11:59:59.999000Z,345497065.16892500,396735,47045.67620000,178957397.57189000
1753617600000,2025-07-27T12:00:00Z,3815.26000000,3836.54000000,3791.48000000,3818.53000000,90376.24820000,1753631999999,2025-07-27T15:59:59.999000Z,344777288.39357900,404608,40048.55950000,152811898.23118000
1753632000000,2025-07-27T16:00:00Z,3818.53000000,3868.08000000,3809.01000000,3828.32000000,109495.58360000,1753646399999,2025-07-27T19:59:59.999000Z,420479958.22689700,521273,55703.54000000,213935279.56223400
1753646400000,2025-07-27T20:00:00Z,3828.33000000,3879.82000000,3816.01000000,3872.10000000,65175.31130000,1753660799999,2025-07-27T23:59:59.999000Z,250870037.93574900,429982,34303.10940000,132076670.44792000
1753660800000,2025-07-28T00:00:00Z,3872.11000000,3907.40000000,3843.00000000,3879.81000000,101123.91940000,1753675199999,2025-07-28T03:59:59.999000Z,392120843.18607200,539497,55523.71650000,215333434.17865700
1753675200000,2025-07-28T04:00:00Z,3879.81000000,3941.00000000,3868.34000000,3893.00000000,116692.63490000,1753689599999,2025-07-28T07:59:59.999000Z,456460681.99258200,496320,60978.46070000,238617116.19520300
1753689600000,2025-07-28T08:00:00Z,3893.01000000,3901.94000000,3860.01000000,3879.79000000,61307.74240000,1753703999999,2025-07-28T11:59:59.999000Z,238115337.60709100,339471,29807.54950000,115799715.84610000
1753704000000,2025-07-28T12:00:00Z,3879.80000000,3889.99000000,3773.33000000,3808.11000000,175985.12580000,1753718399999,2025-07-28T15:59:59.999000Z,672381548.18559000,818986,80634.77710000,308072993.88619800
1753718400000,2025-07-28T16:00:00Z,3808.11000000,3822.80000000,3754.00000000,3797.36000000,100389.13240000,1753732799999,2025-07-28T19:59:59.999000Z,380269003.66075100,575697,44779.27150000,169608068.51061800
1753732800000,2025-07-28T20:00:00Z,3797.37000000,3803.98000000,3765.88000000,3799.00000000,65496.19140000,1753747199999,2025-07-28T23:59:59.999000Z,248016123.50382700,391799,32313.83210000,122365463.50020500
1753747200000,2025-07-29T00:00:00Z,3799.00000000,3821.48000000,3731.21000000,3791.90000000,98310.44440000,1753761599999,2025-07-29T03:59:59.999000Z,371039062.63571500,600175,45509.82780000,171858874.70360500
1753761600000,2025-07-29T04:00:00Z,3791.91000000,3880.00000000,3775.77000000,3877.36000000,85485.22620000,1753775999999,2025-07-29T07:59:59.999000Z,327426823.89800900,403237,46146.47760000,176810464.32917300
1753776000000,2025-07-29T08:00:00Z,3877.36000000,3886.44000000,3811.78000000,3825.90000000,82993.76150000,1753790399999,2025-07-29T11:59:59.999000Z,319731711.96667900,447422,40877.33910000,157524671.26343900
1753790400000,2025-07-29T12:00:00Z,3825.89000000,3874.54000000,3747.00000000,3761.57000000,140877.52910000,1753804799999,2025-07-29T15:59:59.999000Z,536392394.22755400,766821,67829.52890000,258482588.45596400
1753804800000,2025-07-29T16:00:00Z,3761.56000000,3797.00000000,3716.04000000,3765.89000000,117271.51260000,1753819199999,2025-07-29T19:59:59.999000Z,440715890.50105600,585923,55600.28320000,209046419.23523600
1753819200000,2025-07-29T20:00:00Z,3765.89000000,3801.77000000,3739.14000000,3793.79000000,59271.96550000,1753833599999,2025-07-29T23:59:59.999000Z,223388202.53878900,317911,30329.00060000,114363257.21454400
1753833600000,2025-07-30T00:00:00Z,3793.79000000,3828.71000000,3756.00000000,3817.47000000,65329.13800000,1753847999999,2025-07-30T03:59:59.999000Z,248204636.14969400,368304,35150.47320000,133611724.21520100
1753848000000,2025-07-30T04:00:00Z,3817.46000000,3834.03000000,3786.87000000,3811.44000000,52195.72360000,1753862399999,2025-07-30T07:59:59.999000Z,199102058.26947700,302848,22966.67490000,87615850.93046400
1753862400000,2025-07-30T08:00:00Z,3811.44000000,3825.73000000,3744.16000000,3758.18000000,74284.47960000,1753876799999,2025-07-30T11:59:59.999000Z,281181074.28076700,460161,30781.10320000,116544621.20591300
1753876800000,2025-07-30T12:00:00Z,3758.18000000,3832.00000000,3749.74000000,3797.25000000,90460.84370000,1753891199999,2025-07-30T15:59:59.999000Z,342287285.05509200,711025,43385.43940000,164200037.04718400
1753891200000,2025-07-30T16:00:00Z,3797.25000000,3822.00000000,3677.65000000,3760.68000000,175379.97490000,1753905599999,2025-07-30T19:59:59.999000Z,657976353.37642300,937136,79626.45260000,298997067.20395300
1753905600000,2025-07-30T20:00:00Z,3760.67000000,3811.93000000,3742.79000000,3810.00000000,67774.74050000,1753919999999,2025-07-30T23:59:59.999000Z,255992594.35695600,348925,37089.30490000,140095051.09314000
1753920000000,2025-07-31T00:00:00Z,3810.00000000,3868.00000000,3801.53000000,3863.31000000,100247.87350000,1753934399999,2025-07-31T03:59:59.999000Z,385171812.77621400,416326,52087.36700000,200177218.78032700
1753934400000,2025-07-31T04:00:00Z,3863.31000000,3878.67000000,3854.77000000,3863.81000000,57223.35680000,1753948799999,2025-07-31T07:59:59.999000Z,221141888.18255300,222624,29053.77460000,112283854.49430500
1753948800000,2025-07-31T08:00:00Z,3863.81000000,3873.28000000,3826.30000000,3838.46000000,55333.29240000,1753963199999,2025-07-31T11:59:59.999000Z,213193004.08228100,225347,25260.49040000,97348054.32883800
1753963200000,2025-07-31T12:00:00Z,3838.45000000,3845.09000000,3762.27000000,3788.38000000,109596.78470000,1753977599999,2025-07-31T15:59:59.999000Z,416368113.20467300,645241,51006.64520000,193802408.61805800
1753977600000,2025-07-31T16:00:00Z,3788.39000000,3819.00000000,3735.00000000,3737.72000000,99597.76020000,1753991999999,2025-07-31T19:59:59.999000Z,375955707.54197500,678127,46992.51250000,177470559.22537000
1753992000000,2025-07-31T20:00:00Z,3737.71000000,3758.56000000,3684.33000000,3698.39000000,94089.38270000,1754006399999,2025-07-31T23:59:59.999000Z,350049749.61485100,566815,41154.43960000,153215151.33108900
1754006400000,2025-08-01T00:00:00Z,3698.39000000,3724.02000000,3616.66000000,3704.98000000,149144.96010000,1754020799999,2025-08-01T03:59:59.999000Z,549142916.73447600,911094,65940.07070000,242907603.96843300
1754020800000,2025-08-01T04:00:00Z,3704.98000000,3704.98000000,3624.11000000,3650.74000000,100331.00960000,1754035199999,2025-08-01T07:59:59.999000Z,367345704.96543200,621101,45948.62550000,168205329.30786200
1754035200000,2025-08-01T08:00:00Z,3650.73000000,3650.73000000,3585.69000000,3642.72000000,106483.84330000,1754049599999,2025-08-01T11:59:59.999000Z,385320608.12477800,679268,51286.52930000,185639346.16895000
1754049600000,2025-08-01T12:00:00Z,3642.72000000,3675.85000000,3565.00000000,3616.10000000,152982.10010000,1754063999999,2025-08-01T15:59:59.999000Z,554527651.35484500,1207181,72312.82190000,262319355.98257700
1754064000000,2025-08-01T16:00:00Z,3616.10000000,3634.00000000,3515.13000000,3518.40000000,133452.71200000,1754078399999,2025-08-01T19:59:59.999000Z,475760933.10516600,997952,62086.59380000,221448026.88700300
1754078400000,2025-08-01T20:00:00Z,3518.42000000,3553.21000000,3431.75000000,3488.20000000,141474.52660000,1754092799999,2025-08-01T23:59:59.999000Z,494325899.95312500,872082,64163.36410000,224265998.28623700
1754092800000,2025-08-02T00:00:00Z,3488.21000000,3532.30000000,3478.42000000,3528.79000000,76611.63590000,1754107199999,2025-08-02T03:59:59.999000Z,268619245.06011600,479658,39619.96450000,138919542.23779300
1754107200000,2025-08-02T04:00:00Z,3528.79000000,3537.69000000,3455.00000000,3519.16000000,78666.82070000,1754121599999,2025-08-02T07:59:59.999000Z,275156099.06045500,531028,34848.77320000,121918610.89244900
1754121600000,2025-08-02T08:00:00Z,3519.17000000,3524.25000000,3474.23000000,3508.67000000,52942.94710000,1754135999999,2025-08-02T11:59:59.999000Z,185214608.06041200,509930,24396.98840000,85358506.04109600
1754136000000,2025-08-02T12:00:00Z,3508.67000000,3517.56000000,3451.43000000,3459.33000000,61057.55450000,1754150399999,2025-08-02T15:59:59.999000Z,212893835.49913800,610064,28831.16570000,100532700.29326500
1754150400000,2025-08-02T16:00:00Z,3459.33000000,3481.64000000,3372.47000000,3383.20000000,155907.99650000,1754164799999,2025-08-02T19:59:59.999000Z,532780867.10641300,996320,69050.12440000,236005264.94456400
1754164800000,2025-08-02T20:00:00Z,3383.20000000,3441.69000000,3368.29000000,3393.94000000,69008.75470000,1754179199999,2025-08-02T23:59:59.999000Z,235040993.37639700,576627,35029.93520000,119335126.92423100
1754179200000,2025-08-03T00:00:00Z,3393.94000000,3452.29000000,3354.28000000,3444.12000000,70214.79520000,1754193599999,2025-08-03T03:59:59.999000Z,239442289.97900700,565032,38274.45420000,130572947.48231300
1754193600000,2025-08-03T04:00:00Z,3444.13000000,3459.62000000,3433.98000000,3456.25000000,33125.77360000,1754207999999,2025-08-03T07:59:59.999000Z,114160149.90717200,280893,16245.15970000,55987584.37281200
1754208000000,2025-08-03T08:00:00Z,3456.24000000,3516.31000000,3454.11000000,3485.46000000,58025.37620000,1754222399999,2025-08-03T11:59:59.999000Z,202004518.24314700,367622,31270.40360000,108849750.77798200
1754222400000,2025-08-03T12:00:00Z,3485.45000000,3504.27000000,3454.34000000,3476.49000000,51259.79920000,1754236799999,2025-08-03T15:59:59.999000Z,178322977.58067500,489030,22546.49460000,78452442.94373300
1754236800000,2025-08-03T16:00:00Z,3476.49000000,3515.00000000,3467.85000000,3496.74000000,46815.28550000,1754251199999,2025-08-03T19:59:59.999000Z,163538456.48719600,364181,28570.09050000,99830306.51293200
1754251200000,2025-08-03T20:00:00Z,3496.75000000,3521.79000000,3483.50000000,3496.74000000,36906.64610000,1754265599999,2025-08-03T23:59:59.999000Z,129168540.13641300,361721,19900.62740000,69665785.85734100
1754265600000,2025-08-04T00:00:00Z,3496.75000000,3576.07000000,3490.73000000,3556.80000000,75541.32780000,1754279999999,2025-08-04T03:59:59.999000Z,267684273.32597200,529562,45453.30400000,161107865.39730000
1754280000000,2025-08-04T04:00:00Z,3556.79000000,3565.67000000,3520.69000000,3551.99000000,47698.20790000,1754294399999,2025-08-04T07:59:59.999000Z,168868920.84972800,344475,23308.54290000,82533034.53896600
1754294400000,2025-08-04T08:00:00Z,3552.00000000,3574.47000000,3542.25000000,3555.70000000,45699.27550000,1754308799999,2025-08-04T11:59:59.999000Z,162527482.49269800,410383,23313.33070000,82924663.16753800
1754308800000,2025-08-04T12:00:00Z,3555.71000000,3665.60000000,3551.10000000,3648.89000000,135330.58010000,1754323199999,2025-08-04T15:59:59.999000Z,490425704.30218400,810096,69912.43450000,253314006.01969200
1754323200000,2025-08-04T16:00:00Z,3648.89000000,3718.54000000,3648.85000000,3669.73000000,85223.49940000,1754337599999,2025-08-04T19:59:59.999000Z,314004657.68883700,684251,42395.64530000,156195115.25145800
1754337600000,2025-08-04T20:00:00Z,3669.73000000,3736.73000000,3661.21000000,3720.99000000,73857.09540000,1754351999999,2025-08-04T23:59:59.999000Z,274308274.67357900,538103,36935.44900000,137183837.93632200
1754352000000,2025-08-05T00:00:00Z,3720.99000000,3722.24000000,3648.24000000,3651.94000000,75119.41990000,1754366399999,2025-08-05T03:59:59.999000Z,276554960.02726400,451054,29530.48410000,108792783.59769400
1754366400000,2025-08-05T04:00:00Z,3651.94000000,3679.69000000,3601.53000000,3613.49000000,70853.75860000,1754380799999,2025-08-05T07:59:59.999000Z,258237568.58811100,522670,33411.40540000,121870009.02249100
1754380800000,2025-08-05T08:00:00Z,3613.49000000,3694.06000000,3608.10000000,3673.79000000,67427.90270000,1754395199999,2025-08-05T11:59:59.999000Z,246512790.17446200,486935,37713.92900000,137875067.01321400
1754395200000,2025-08-05T12:00:00Z,3673.80000000,3680.58000000,3555.00000000,3570.43000000,165645.95350000,1754409599999,2025-08-05T15:59:59.999000Z,596554570.80996900,1199077,76525.73910000,275682270.87709700
1754409600000,2025-08-05T16:00:00Z,3570.43000000,3612.26000000,3559.71000000,3571.66000000,64656.72100000,1754423999999,2025-08-05T19:59:59.999000Z,231771705.35112400,666560,30849.15830000,110592740.48015600
1754424000000,2025-08-05T20:00:00Z,3571.65000000,3624.56000000,3546.00000000,3612.00000000,45367.20320000,1754438399999,2025-08-05T23:59:59.999000Z,162678132.68951400,394710,22182.56730000,79578799.48373500
1754438400000,2025-08-06T00:00:00Z,3612.01000000,3614.00000000,3564.19000000,3583.66000000,41403.61190000,1754452799999,2025-08-06T03:59:59.999000Z,148463616.70109300,459325,19047.60920000,68289418.14012900
1754452800000,2025-08-06T04:00:00Z,3583.67000000,3662.00000000,3569.28000000,3639.82000000,70989.27240000,1754467199999,2025-08-06T07:59:59.999000Z,257550214.17021800,536526,38751.08030000,140599998.38256100
1754467200000,2025-08-06T08:00:00Z,3639.81000000,3644.60000000,3607.54000000,3619.64000000,48235.91330000,1754481599999,2025-08-06T11:59:59.999000Z,174777808.39977400,360588,24487.20350000,88733698.49354900
1754481600000,2025-08-06T12:00:00Z,3619.63000000,3669.38000000,3574.05000000,3664.69000000,102539.58700000,1754495999999,2025-08-06T15:59:59.999000Z,370423056.25050000,818560,52134.73750000,188405396.49844200
1754496000000,2025-08-06T16:00:00Z,3664.70000000,3698.60000000,3638.56000000,3683.65000000,63895.58770000,1754510399999,2025-08-06T19:59:59.999000Z,234469946.27122700,489959,32688.89470000,119959407.56705600
1754510400000,2025-08-06T20:00:00Z,3683.66000000,3686.17000000,3652.38000000,3683.31000000,38245.94820000,1754524799999,2025-08-06T23:59:59.999000Z,140518854.50932800,247398,19349.75250000,71103193.51437200
1754524800000,2025-08-07T00:00:00Z,3683.31000000,3716.61000000,3647.63000000,3656.78000000,56122.72460000,1754539199999,2025-08-07T03:59:59.999000Z,206533185.48331200,367749,29184.22770000,107461474.77990100
1754539200000,2025-08-07T04:00:00Z,3656.78000000,3711.00000000,3655.09000000,3702.40000000,46356.28700000,1754553599999,2025-08-07T07:59:59.999000Z,171004931.19402000,305321,24778.69850000,91386243.17893500
1754553600000,2025-08-07T08:00:00Z,3702.41000000,3843.66000000,3702.41000000,3827.00000000,183717.29690000,1754567999999,2025-08-07T11:59:59.999000Z,695025955.18259100,720559,102735.40910000,388390681.29956200
1754568000000,2025-08-07T12:00:00Z,3827.01000000,3865.64000000,3804.27000000,3837.01000000,151206.00770000,1754582399999,2025-08-07T15:59:59.999000Z,579885021.45595600,783608,79808.81310000,306101324.98802600
1754582400000,2025-08-07T16:00:00Z,3837.01000000,3876.44000000,3780.54000000,3867.60000000,93776.67860000,1754596799999,2025-08-07T19:59:59.999000Z,359059170.49559800,677666,52219.71250000,200025494.88066800
1754596800000,2025-08-07T20:00:00Z,3867.60000000,3927.77000000,3851.22000000,3910.31000000,100499.99240000,1754611199999,2025-08-07T23:59:59.999000Z,390744707.62026400,640548,55876.08810000,217316861.32704800
1754611200000,2025-08-08T00:00:00Z,3910.30000000,3969.06000000,3880.00000000,3939.18000000,130547.20770000,1754625599999,2025-08-08T03:59:59.999000Z,511540464.89499600,889921,73549.51660000,288415227.68541600
1754625600000,2025-08-08T04:00:00Z,3939.19000000,3939.34000000,3892.47000000,3915.97000000,66893.21030000,1754639999999,2025-08-08T07:59:59.999000Z,261816239.03673800,410295,31402.31040000,122922666.73404000
1754640000000,2025-08-08T08:00:00Z,3915.98000000,3927.54000000,3884.44000000,3917.97000000,56015.14380000,1754654399999,2025-08-08T11:59:59.999000Z,218568010.48532200,466808,30152.66190000,117698799.61050000
1754654400000,2025-08-08T12:00:00Z,3917.97000000,4012.00000000,3891.52000000,3954.56000000,249634.10800000,1754668799999,2025-08-08T15:59:59.999000Z,990058665.25278600,1177068,140935.99690000,559130479.45910900
1754668800000,2025-08-08T16:00:00Z,3954.56000000,4065.86000000,3950.00000000,4060.99000000,161157.17350000,1754683199999,2025-08-08T19:59:59.999000Z,648187873.47319400,904146,86747.74170000,348919763.79005800
1754683200000,2025-08-08T20:00:00Z,4060.98000000,4071.00000000,4006.90000000,4009.50000000,59053.16760000,1754697599999,2025-08-08T23:59:59.999000Z,238544110.74633300,326877,26848.78910000,108517172.03438500
1754697600000,2025-08-09T00:00:00Z,4009.51000000,4053.01000000,4006.63000000,4051.01000000,54922.10130000,1754711999999,2025-08-09T03:59:59.999000Z,221419395.30273500,291729,30425.09290000,122681571.65664400
1754712000000,2025-08-09T04:00:00Z,4051.02000000,4200.00000000,4045.00000000,4170.64000000,209400.97580000,1754726399999,2025-08-09T07:59:59.999000Z,868195725.65998500,944686,110197.57400000,456491358.23348100
1754726400000,2025-08-09T08:00:00Z,4170.64000000,4246.65000000,4166.22000000,4190.00000000,132401.55160000,1754740799999,2025-08-09T11:59:59.999000Z,556787774.19851800,697343,66254.54470000,278645398.36287500
1754740800000,2025-08-09T12:00:00Z,4190.00000000,4226.23000000,4153.17000000,4209.57000000,99517.93660000,1754755199999,2025-08-09T15:59:59.999000Z,417161324.70375100,667873,49097.58330000,205825185.87078000
1754755200000,2025-08-09T16:00:00Z,4209.57000000,4271.45000000,4192.80000000,4258.57000000,81130.88340000,1754769599999,2025-08-09T19:59:59.999000Z,343361406.60260600,561752,42598.04640000,180363765.15124200
1754769600000,2025-08-09T20:00:00Z,4258.57000000,4326.20000000,4242.87000000,4260.62000000,114558.65610000,1754783999999,2025-08-09T23:59:59.999000Z,490149148.67256400,769614,55823.96790000,238939055.89783600
1754784000000,2025-08-10T00:00:00Z,4260.63000000,4332.60000000,4206.55000000,4242.74000000,133032.10750000,1754798399999,2025-08-10T03:59:59.999000Z,567547729.30585000,845818,64586.29690000,275688688.38688900
1754798400000,2025-08-10T04:00:00Z,4242.73000000,4264.98000000,4176.00000000,4185.12000000,93255.55600000,1754812799999,2025-08-10T07:59:59.999000Z,393387580.10914000,587014,42377.11900000,178881390.41416400
1754812800000,2025-08-10T08:00:00Z,4185.12000000,4232.73000000,4160.00000000,4180.57000000,87280.44200000,1754827199999,2025-08-10T11:59:59.999000Z,366795726.84623000,550030,37804.78660000,158929086.77977200
1754827200000,2025-08-10T12:00:00Z,4180.58000000,4237.43000000,4153.07000000,4217.94000000,77277.58300000,1754841599999,2025-08-10T15:59:59.999000Z,324507312.18467200,615888,40779.81680000,171360623.78345900
1754841600000,2025-08-10T16:00:00Z,4217.94000000,4259.36000000,4214.45000000,4248.83000000,40487.62520000,1754855999999,2025-08-10T19:59:59.999000Z,171507920.04978200,320881,22036.06270000,93366217.29960000
1754856000000,2025-08-10T20:00:00Z,4248.80000000,4254.54000000,4186.16000000,4250.57000000,63510.49680000,1754870399999,2025-08-10T23:59:59.999000Z,268202064.09344000,399471,28257.21430000,119363718.02277100
1754870400000,2025-08-11T00:00:00Z,4250.58000000,4343.00000000,4238.52000000,4309.64000000,135191.56210000,1754884799999,2025-08-11T03:59:59.999000Z,581191993.62034700,928183,69359.32550000,298146378.86368500
1754884800000,2025-08-11T04:00:00Z,4309.65000000,4349.81000000,4266.66000000,4273.69000000,91929.69290000,1754899199999,2025-08-11T07:59:59.999000Z,395999987.54044300,634529,44392.80040000,191348042.30617900
1754899200000,2025-08-11T08:00:00Z,4273.69000000,4287.17000000,4170.02000000,4185.10000000,109276.43120000,1754913599999,2025-08-11T11:59:59.999000Z,462934161.54657700,750205,50295.40630000,213018825.64666000
1754913600000,2025-08-11T12:00:00Z,4185.10000000,4332.17000000,4166.77000000,4329.74000000,176788.26900000,1754927999999,2025-08-11T15:59:59.999000Z,752738492.21745900,1256901,94703.89600000,403498403.56459600
1754928000000,2025-08-11T16:00:00Z,4329.74000000,4366.46000000,4233.99000000,4259.39000000,127454.62710000,1754942399999,2025-08-11T19:59:59.999000Z,549804537.93515500,979029,62328.74910000,269035997.52395900
1754942400000,2025-08-11T20:00:00Z,4259.38000000,4259.38000000,4190.00000000,4223.22000000,82023.45770000,1754956799999,2025-08-11T23:59:59.999000Z,346411939.69489300,613701,39138.11810000,165302596.51553300
1754956800000,2025-08-12T00:00:00Z,4223.22000000,4311.12000000,4219.04000000,4286.09000000,69103.57260000,1754971199999,2025-08-12T03:59:59.999000Z,295391070.55141200,515155,36224.01190000,154808997.34764900
1754971200000,2025-08-12T04:00:00Z,4286.09000000,4321.67000000,4267.41000000,4315.57000000,80593.49390000,1754985599999,2025-08-12T07:59:59.999000Z,346584151.81325900,464243,41722.84820000,179509772.98041900
1754985600000,2025-08-12T08:00:00Z,4315.57000000,4332.32000000,4256.92000000,4290.94000000,74576.08820000,1754999999999,2025-08-12T11:59:59.999000Z,320245832.89485200,524768,39239.75610000,168534190.94789400
1755000000000,2025-08-12T12:00:00Z,4290.94000000,4480.66000000,4278.01000000,4472.62000000,319555.84590000,1755014399999,2025-08-12T15:59:59.999000Z,1404916115.76396600,1638182,167622.49970000,736847536.76698700
1755014400000,2025-08-12T16:00:00Z,4472.62000000,4518.89000000,4440.38000000,4516.97000000,155770.59310000,1755028799999,2025-08-12T19:59:59.999000Z,698868940.75445900,944098,81263.84510000,364702305.40958500
1755028800000,2025-08-12T20:00:00Z,4516.97000000,4639.70000000,4504.54000000,4590.52000000,185688.47150000,1755043199999,2025-08-12T23:59:59.999000Z,852273098.27598100,1018422,94648.29710000,434300809.32598500
1755043200000,2025-08-13T00:00:00Z,4590.52000000,4656.24000000,4564.33000000,4647.00000000,118706.85080000,1755057599999,2025-08-13T03:59:59.999000Z,547258517.59072500,872481,62368.75980000,287656725.75687800
1755057600000,2025-08-13T04:00:00Z,4646.99000000,4683.00000000,4608.21000000,4625.59000000,121530.18240000,1755071999999,2025-08-13T07:59:59.999000Z,564619600.40351300,763231,57118.34200000,265403040.20246800
1755072000000,2025-08-13T08:00:00Z,4625.60000000,4715.75000000,4609.04000000,4690.33000000,143405.64890000,1755086399999,2025-08-13T11:59:59.999000Z,670153910.35410000,718774,77458.18120000,362042041.68798800
1755086400000,2025-08-13T12:00:00Z,4690.28000000,4736.82000000,4616.00000000,4664.38000000,223447.51730000,1755100799999,2025-08-13T15:59:59.999000Z,1045428699.65981700,1264217,112676.53350000,527294092.75929800
1755100800000,2025-08-13T16:00:00Z,4664.38000000,4750.00000000,4661.09000000,4738.99000000,178188.50480000,1755115199999,2025-08-13T19:59:59.999000Z,840470373.94264600,887823,98521.45870000,464788984.10267200
1755115200000,2025-08-13T20:00:00Z,4738.98000000,4783.85000000,4697.34000000,4749.30000000,140652.79460000,1755129599999,2025-08-13T23:59:59.999000Z,667013334.95983400,786508,68495.91940000,324988849.38843000
1755129600000,2025-08-14T00:00:00Z,4749.31000000,4779.00000000,4708.35000000,4774.08000000,110355.49780000,1755143999999,2025-08-14T03:59:59.999000Z,523246196.18765900,837147,54700.02910000,259491835.72445700
1755144000000,2025-08-14T04:00:00Z,4774.09000000,4788.00000000,4716.00000000,4748.37000000,126732.07930000,1755158399999,2025-08-14T07:59:59.999000Z,601887033.46988700,679630,55455.47720000,263472035.14526500
1755158400000,2025-08-14T08:00:00Z,4748.37000000,4766.66000000,4675.81000000,4718.17000000,152329.87920000,1755172799999,2025-08-14T11:59:59.999000Z,719864377.28996400,632766,63284.05890000,299042376.09233500
1755172800000,2025-08-14T12:00:00Z,4718.18000000,4736.00000000,4451.33000000,4618.87000000,554409.15660000,1755187199999,2025-08-14T15:59:59.999000Z,2550829940.17497700,2505954,285483.62850000,1313459818.44512500
1755187200000,2025-08-14T16:00:00Z,4618.87000000,4623.62000000,4480.63000000,4537.63000000,205989.89340000,1755201599999,2025-08-14T19:59:59.999000Z,935648292.69057700,1084529,98548.38070000,447733353.03141200
1755201600000,2025-08-14T20:00:00Z,4537.64000000,4572.00000000,4453.13000000,4546.84000000,115632.53900000,1755215999999,2025-08-14T23:59:59.999000Z,522193909.35274400,748238,53321.57490000,240945822.45220200
1755216000000,2025-08-15T00:00:00Z,4546.84000000,4650.00000000,4537.32000000,4634.46000000,107623.88430000,1755230399999,2025-08-15T03:59:59.999000Z,495386314.34605100,757267,54730.05860000,251917740.83839000
1755230400000,2025-08-15T04:00:00Z,4634.47000000,4662.60000000,4599.01000000,4640.16000000,91121.57340000,1755244799999,2025-08-15T07:59:59.999000Z,422154377.82967900,559763,44894.38150000,208008971.54891300
1755244800000,2025-08-15T08:00:00Z,4640.15000000,4666.66000000,4612.31000000,4634.16000000,69832.27490000,1755259199999,2025-08-15T11:59:59.999000Z,323948943.31678900,451041,37215.21170000,172640140.50179000
1755259200000,2025-08-15T12:00:00Z,4634.17000000,4672.67000000,4395.47000000,4430.86000000,301257.04930000,1755273599999,2025-08-15T15:59:59.999000Z,1365774133.19169100,1637151,145131.28910000,658291343.02252800
1755273600000,2025-08-15T16:00:00Z,4430.87000000,4462.26000000,4369.46000000,4383.45000000,168479.39260000,1755287999999,2025-08-15T19:59:59.999000Z,742678829.75056100,1006943,84050.85310000,370640435.27568900
1755288000000,2025-08-15T20:00:00Z,4383.45000000,4490.73000000,4368.00000000,4439.47000000,142095.08460000,1755302399999,2025-08-15T23:59:59.999000Z,628960019.62400800,679220,65945.74380000,291998915.68472900
1755302400000,2025-08-16T00:00:00Z,4439.47000000,4490.42000000,4423.53000000,4432.24000000,88860.86150000,1755316799999,2025-08-16T03:59:59.999000Z,396249970.33042100,548654,44196.62850000,197095757.84153200
1755316800000,2025-08-16T04:00:00Z,4432.25000000,4465.22000000,4407.69000000,4451.83000000,49806.40970000,1755331199999,2025-08-16T07:59:59.999000Z,221018612.48879200,364974,22989.08950000,102043217.91923800
1755331200000,2025-08-16T08:00:00Z,4451.84000000,4459.12000000,4372.54000000,4387.87000000,81613.29860000,1755345599999,2025-08-16T11:59:59.999000Z,360092078.75191900,475745,32964.84320000,145543717.69942600
1755345600000,2025-08-16T12:00:00Z,4387.88000000,4427.92000000,4375.63000000,4400.42000000,70316.27870000,1755359999999,2025-08-16T15:59:59.999000Z,309498046.67415300,501236,34193.89670000,150528889.35006400
1755360000000,2025-08-16T16:00:00Z,4400.41000000,4440.51000000,4390.58000000,4418.53000000,38344.52320000,1755374399999,2025-08-16T19:59:59.999000Z,169177389.19528500,315645,22425.41170000,98971841.60713700
1755374400000,2025-08-16T20:00:00Z,4418.53000000,4437.88000000,4402.82000000,4421.99000000,29735.21670000,1755388799999,2025-08-16T23:59:59.999000Z,131509455.20431400,240319,15412.61180000,68162109.38911700
1755388800000,2025-08-17T00:00:00Z,4422.00000000,4459.30000000,4393.98000000,4452.77000000,48880.89730000,1755403199999,2025-08-17T03:59:59.999000Z,216270763.53317800,354187,23360.37860000,103410351.35501200
1755403200000,2025-08-17T04:00:00Z,4452.78000000,4491.00000000,4444.44000000,4467.12000000,79637.80470000,1755417599999,2025-08-17T07:59:59.999000Z,356397902.51135600,403106,37262.42420000,166731951.71360300
1755417600000,2025-08-17T08:00:00Z,4467.12000000,4576.00000000,4458.64000000,4551.68000000,102669.32540000,1755431999999,2025-08-17T11:59:59.999000Z,465505523.83955400,576238,55004.48820000,249347401.60880400
1755432000000,2025-08-17T12:00:00Z,4551.69000000,4565.49000000,4519.13000000,4561.99000000,52232.25050000,1755446399999,2025-08-17T15:59:59.999000Z,237314645.59858100,373437,26193.15230000,119011286.28641500
1755446400000,2025-08-17T16:00:00Z,4561.99000000,4566.17000000,4427.44000000,4459.56000000,92723.52580000,1755460799999,2025-08-17T19:59:59.999000Z,416479797.06769200,660673,40434.60090000,181578564.39539500
1755460800000,2025-08-17T20:00:00Z,4459.55000000,4533.95000000,4457.02000000,4472.33000000,66317.57920000,1755475199999,2025-08-17T23:59:59.999000Z,298068960.96330900,477188,34536.64040000,155321862.27422500
1755475200000,2025-08-18T00:00:00Z,4472.34000000,4481.88000000,4278.13000000,4320.22000000,241372.53280000,1755489599999,2025-08-18T03:59:59.999000Z,1055199997.51470800,1352838,105370.86920000,460635335.89442600
1755489600000,2025-08-18T04:00:00Z,4320.22000000,4348.44000000,4230.74000000,4257.47000000,139718.94580000,1755503999999,2025-08-18T07:59:59.999000Z,598213176.14533600,798482,71551.70200000,306436978.30171500
1755504000000,2025-08-18T08:00:00Z,4257.47000000,4319.77000000,4225.86000000,4274.37000000,122837.60620000,1755518399999,2025-08-18T11:59:59.999000Z,525040974.27204600,701126,62494.53340000,267222930.37765600
1755518400000,2025-08-18T12:00:00Z,4274.36000000,4370.26000000,4270.77000000,4345.52000000,155521.86820000,1755532799999,2025-08-18T15:59:59.999000Z,672124491.03952300,970196,86256.43660000,372887469.47661900
1755532800000,2025-08-18T16:00:00Z,4345.52000000,4384.53000000,4299.44000000,4355.09000000,92501.23380000,1755547199999,2025-08-18T19:59:59.999000Z,401978419.64625300,651463,48478.76390000,210668695.75333400
1755547200000,2025-08-18T20:00:00Z,4355.08000000,4388.65000000,4303.67000000,4312.99000000,71235.94010000,1755561599999,2025-08-18T23:59:59.999000Z,309431580.44701400,464324,32610.24300000,141814366.85682900
1755561600000,2025-08-19T00:00:00Z,4312.99000000,4355.00000000,4213.21000000,4218.66000000,118747.77500000,1755575999999,2025-08-19T03:59:59.999000Z,508401894.45157800,801664,56949.89980000,244068466.45269900
1755576000000,2025-08-19T04:00:00Z,4218.65000000,4250.41000000,4193.77000000,4234.36000000,103979.94280000,1755590399999,2025-08-19T07:59:59.999000Z,439220808.52072300,628315,55798.40750000,235745517.57138100
1755590400000,2025-08-19T08:00:00Z,4234.35000000,4317.41000000,4218.46000000,4308.93000000,72742.71520000,1755604799999,2025-08-19T11:59:59.999000Z,311078248.76812200,514494,44858.61810000,191796035.75571900
1755604800000,2025-08-19T12:00:00Z,4308.94000000,4340.15000000,4169.42000000,4192.14000000,237188.02180000,1755619199999,2025-08-19T15:59:59.999000Z,1003915617.16766700,1229154,119479.22270000,505734833.45265800
1755619200000,2025-08-19T16:00:00Z,4192.14000000,4206.33000000,4113.63000000,4142.00000000,191723.25180000,1755633599999,2025-08-19T19:59:59.999000Z,797009602.19385500,1061094,80043.85190000,332900980.98964300
1755633600000,2025-08-19T20:00:00Z,4142.00000000,4164.97000000,4067.34000000,4075.59000000,106841.08850000,1755647999999,2025-08-19T23:59:59.999000Z,440227503.53575000,593329,41107.73890000,169481974.20630300
1755648000000,2025-08-20T00:00:00Z,4075.58000000,4158.32000000,4060.00000000,4140.92000000,114356.88900000,1755662399999,2025-08-20T03:59:59.999000Z,470246994.06468400,744628,59749.65290000,245811662.10454400
1755662400000,2025-08-20T04:00:00Z,4140.92000000,4211.74000000,4139.51000000,4185.22000000,75847.71100000,1755676799999,2025-08-20T07:59:59.999000Z,316903334.23245400,472749,38483.99160000,160797288.09234100
1755676800000,2025-08-20T08:00:00Z,4185.22000000,4242.00000000,4150.26000000,4195.30000000,95308.36740000,1755691199999,2025-08-20T11:59:59.999000Z,400960085.25215900,550612,47136.34490000,198312925.01289800
1755691200000,2025-08-20T12:00:00Z,4195.29000000,4308.49000000,4106.37000000,4255.90000000,215624.98060000,1755705599999,2025-08-20T15:59:59.999000Z,907722646.40140800,1494575,112803.21080000,475141159.46975400
1755705600000,2025-08-20T16:00:00Z,4255.68000000,4364.77000000,4254.72000000,4346.65000000,159841.42220000,1755719999999,2025-08-20T19:59:59.999000Z,688921091.13779100,988196,87084.95950000,375434019.18439100
1755720000000,2025-08-20T20:00:00Z,4346.64000000,4378.00000000,4320.53000000,4336.16000000,67345.52310000,1755734399999,2025-08-20T23:59:59.999000Z,292799767.09384400,517436,32341.27390000,140647814.81309400
1755734400000,2025-08-21T00:00:00Z,4336.16000000,4340.26000000,4278.03000000,4295.23000000,84502.79840000,1755748799999,2025-08-21T03:59:59.999000Z,364227756.93336800,644181,42846.61840000,184704297.55742100
1755748800000,2025-08-21T04:00:00Z,4295.24000000,4321.36000000,4270.89000000,4310.76000000,44223.15560000,1755763199999,2025-08-21T07:59:59.999000Z,190060196.68067800,414911,23472.90210000,100883791.91097200
1755763200000,2025-08-21T08:00:00Z,4310.79000000,4315.01000000,4256.34000000,4278.52000000,66951.72580000,1755777599999,2025-08-21T11:59:59.999000Z,286940730.37919600,793338,35280.10110000,151271336.56991500
1755777600000,2025-08-21T12:00:00Z,4278.53000000,4328.37000000,4226.98000000,4242.66000000,123952.43120000,1755791999999,2025-08-21T15:59:59.999000Z,529386442.42057400,1068719,58724.85920000,250914209.19961400
1755792000000,2025-08-21T16:00:00Z,4242.66000000,4274.38000000,4208.00000000,4224.10000000,66342.35960000,1755806399999,2025-08-21T19:59:59.999000Z,281152956.31685000,779527,30145.95640000,127790154.18992000
1755806400000,2025-08-21T20:00:00Z,4224.10000000,4260.86000000,4204.20000000,4225.30000000,47863.92860000,1755820799999,2025-08-21T23:59:59.999000Z,202646093.79878100,501681,25166.89800000,106545881.49849400
1755820800000,2025-08-22T00:00:00Z,4225.30000000,4314.89000000,4222.25000000,4278.93000000,77390.85140000,1755835199999,2025-08-22T03:59:59.999000Z,330626065.20746600,591793,45338.03480000,193735994.54569800
1755835200000,2025-08-22T04:00:00Z,4278.93000000,4345.38000000,4272.55000000,4328.14000000,84613.35900000,1755849599999,2025-08-22T07:59:59.999000Z,364558423.17136400,556485,49336.05600000,212597272.33489300
1755849600000,2025-08-22T08:00:00Z,4328.13000000,4354.19000000,4273.75000000,4274.56000000,96665.09380000,1755863999999,2025-08-22T11:59:59.999000Z,416840883.81041100,581803,45173.17760000,195005846.78688800
1755864000000,2025-08-22T12:00:00Z,4274.57000000,4668.18000000,4207.39000000,4616.08000000,510799.58050000,1755878399999,2025-08-22T15:59:59.999000Z,2297983872.08500000,2354820,268387.04750000,1205558540.40095600
1755878400000,2025-08-22T16:00:00Z,4616.09000000,4859.10000000,4616.09000000,4833.00000000,347174.18230000,1755892799999,2025-08-22T19:59:59.999000Z,1659566153.35782900,1540291,192456.98670000,919723649.95190800
1755892800000,2025-08-22T20:00:00Z,4833.00000000,4887.59000000,4796.48000000,4832.07000000,161333.56826000,1755907199999,2025-08-22T23:59:59.999000Z,780938871.66447200,815159,85298.08716000,412878485.39432600
1755907200000,2025-08-23T00:00:00Z,4832.07000000,4832.07000000,4659.70000000,4694.64000000,183495.76120000,1755921599999,2025-08-23T03:59:59.999000Z,870383406.07324800,950162,79486.45600000,377037641.70004500
1755921600000,2025-08-23T04:00:00Z,4694.63000000,4765.54000000,4694.33000000,4713.88000000,102546.78530000,1755935999999,2025-08-23T07:59:59.999000Z,485644500.79813600,588556,46758.94920000,221459883.79117100
1755936000000,2025-08-23T08:00:00Z,4713.89000000,4746.09000000,4690.72000000,4704.93000000,55489.62450000,1755950399999,2025-08-23T11:59:59.999000Z,261884035.61669300,485523,29616.74330000,139800033.20909600
1755950400000,2025-08-23T12:00:00Z,4704.95000000,4768.90000000,4692.81000000,4751.00000000,93641.47140000,1755964799999,2025-08-23T15:59:59.999000Z,442994827.03621700,540721,52665.56800000,249173786.86170800
1755964800000,2025-08-23T16:00:00Z,4750.99000000,4761.97000000,4727.80000000,4758.66000000,37902.42660000,1755979199999,2025-08-23T19:59:59.999000Z,180044082.22424800,234966,18472.39180000,87758816.43624600
1755979200000,2025-08-23T20:00:00Z,4758.66000000,4797.34000000,4738.00000000,4778.40000000,39366.01980000,1755993599999,2025-08-23T23:59:59.999000Z,187611071.66929500,211682,20002.26370000,95420029.94073300
1755993600000,2025-08-24T00:00:00Z,4778.40000000,4817.40000000,4753.42000000,4788.59000000,73990.71080000,1756007999999,2025-08-24T03:59:59.999000Z,353937653.19738500,534588,38927.01360000,186288037.26831700
1756008000000,2025-08-24T04:00:00Z,4788.59000000,4800.01000000,4757.30000000,4758.70000000,44970.77740000,1756022399999,2025-08-24T07:59:59.999000Z,214969778.33453900,352528,22725.30450000,108651182.31598900
1756022400000,2025-08-24T08:00:00Z,4758.70000000,4786.50000000,4720.00000000,4747.73000000,59259.89440000,1756036799999,2025-08-24T11:59:59.999000Z,281654962.10758000,456985,27213.70660000,129415355.39206200
1756036800000,2025-08-24T12:00:00Z,4747.73000000,4829.74000000,4738.67000000,4798.32000000,122996.97990000,1756051199999,2025-08-24T15:59:59.999000Z,588363462.29356200,602994,66566.84870000,318448922.46359600
1756051200000,2025-08-24T16:00:00Z,4798.31000000,4956.78000000,4744.20000000,4813.04000000,305250.74042000,1756065599999,2025-08-24T19:59:59.999000Z,1484527550.82618720,1332182,156272.02502000,760295050.36136020
1756065600000,2025-08-24T20:00:00Z,4813.01000000,4824.31000000,4711.00000000,4780.15000000,174199.67550000,1756079999999,2025-08-24T23:59:59.999000Z,831561591.68744900,1037534,81949.91260000,391337569.46946400
1756080000000,2025-08-25T00:00:00Z,4780.15000000,4797.97000000,4670.00000000,4727.41000000,111875.81300000,1756094399999,2025-08-25T03:59:59.999000Z,529704741.31262500,881480,49563.83810000,234832904.88852800
1756094400000,2025-08-25T04:00:00Z,4727.41000000,4740.01000000,4581.55000000,4591.36000000,161725.11760000,1756108799999,2025-08-25T07:59:59.999000Z,754387542.06679600,1082608,69167.37040000,322818315.73371600
1756108800000,2025-08-25T08:00:00Z,4591.37000000,4615.05000000,4519.96000000,4600.08000000,168097.68860000,1756123199999,2025-08-25T11:59:59.999000Z,769251986.65966300,976233,79242.86230000,362671446.98337300
1756123200000,2025-08-25T12:00:00Z,4600.08000000,4690.02000000,4585.56000000,4612.57000000,205755.39750000,1756137599999,2025-08-25T15:59:59.999000Z,954251411.93485800,1118233,93028.15110000,431560940.87206200
1756137600000,2025-08-25T16:00:00Z,4612.58000000,4645.54000000,4416.00000000,4420.34000000,146228.72210000,1756151999999,2025-08-25T19:59:59.999000Z,665569867.45150200,935613,65653.95550000,298914488.16215800
1756152000000,2025-08-25T20:00:00Z,4420.34000000,4446.19000000,4334.13000000,4376.18000000,250234.42710000,1756166399999,2025-08-25T23:59:59.999000Z,1095867693.30260000,1302629,109378.63850000,479133128.89095000
1756166400000,2025-08-26T00:00:00Z,4376.17000000,4451.72000000,4311.04000000,4402.58000000,172417.38670000,1756180799999,2025-08-26T03:59:59.999000Z,755871408.76402200,1244315,81131.61940000,355849423.35242200
1756180800000,2025-08-26T04:00:00Z,4402.58000000,4454.00000000,4393.86000000,4429.70000000,93610.11470000,1756195199999,2025-08-26T07:59:59.999000Z,414464754.66251200,998785,46941.79440000,207858583.77930600
1756195200000,2025-08-26T08:00:00Z,4429.70000000,4465.86000000,4405.09000000,4427.24000000,81044.39950000,1756209599999,2025-08-26T11:59:59.999000Z,358931334.37728000,546747,36632.64140000,162216424.24991900
1756209600000,2025-08-26T12:00:00Z,4427.24000000,4579.00000000,4405.84000000,4519.02000000,227815.43180000,1756223999999,2025-08-26T15:59:59.999000Z,1025513882.25709500,1415383,114175.83090000,513872565.92721400
1756224000000,2025-08-26T16:00:00Z,4519.03000000,4598.28000000,4498.58000000,4596.70000000,170031.45370000,1756238399999,2025-08-26T19:59:59.999000Z,772213483.17257500,880844,78260.87410000,355423413.90544800
1756238400000,2025-08-26T20:00:00Z,4596.69000000,4633.46000000,4563.21000000,4600.63000000,89831.49030000,1756252799999,2025-08-26T23:59:59.999000Z,412778610.78802200,554428,44233.54850000,203265631.33933700
1756252800000,2025-08-27T00:00:00Z,4600.63000000,4626.82000000,4538.69000000,4603.55000000,103641.69750000,1756267199999,2025-08-27T03:59:59.999000Z,474389001.96529600,627984,52625.65810000,240853579.90311200
1756267200000,2025-08-27T04:00:00Z,4603.56000000,4645.93000000,4560.22000000,4580.45000000,100967.80200000,1756281599999,2025-08-27T07:59:59.999000Z,465408107.40598200,559169,60191.03710000,277570366.66326900
1756281600000,2025-08-27T08:00:00Z,4580.46000000,4619.68000000,4550.01000000,4608.87000000,72044.21220000,1756295999999,2025-08-27T11:59:59.999000Z,330569122.90063000,410131,37619.02620000,172642513.65719800
1756296000000,2025-08-27T12:00:00Z,4608.87000000,4663.93000000,4575.17000000,4657.57000000,132483.35130000,1756310399999,2025-08-27T15:59:59.999000Z,612063464.70009900,898991,64508.25040000,298101601.21924300
1756310400000,2025-08-27T16:00:00Z,4657.58000000,4658.00000000,4535.01000000,4565.70000000,80996.88730000,1756324799999,2025-08-27T19:59:59.999000Z,372901924.81603300,650431,36856.75460000,169730312.59450800
1756324800000,2025-08-27T20:00:00Z,4565.70000000,4614.00000000,4481.53000000,4506.71000000,116535.41080000,1756339199999,2025-08-27T23:59:59.999000Z,529327616.51366100,773698,55936.18340000,254085112.92876100
1756339200000,2025-08-28T00:00:00Z,4506.71000000,4549.00000000,4467.63000000,4541.63000000,69573.99210000,1756353599999,2025-08-28T03:59:59.999000Z,313867651.01820800,585240,38528.16180000,173837619.88640200
1756353600000,2025-08-28T04:00:00Z,4541.62000000,4600.85000000,4534.99000000,4596.82000000,57664.75040000,1756367999999,2025-08-28T07:59:59.999000Z,263563644.82791800,464733,30479.73380000,139330278.91971300
1756368000000,2025-08-28T08:00:00Z,4596.82000000,4633.97000000,4581.28000000,4594.80000000,71841.82080000,1756382399999,2025-08-28T11:59:59.999000Z,330612748.18755700,366350,37054.86970000,170549330.21541800
1756382400000,2025-08-28T12:00:00Z,4594.79000000,4616.02000000,4485.00000000,4504.01000000,141018.17460000,1756396799999,2025-08-28T15:59:59.999000Z,643980268.79617500,858873,59856.67870000,273490616.75801900
1756396800000,2025-08-28T16:00:00Z,4504.01000000,4530.50000000,4436.34000000,4438.46000000,92574.33770000,1756411199999,2025-08-28T19:59:59.999000Z,415012393.50523100,604521,38265.37860000,171590370.72695900
1756411200000,2025-08-28T20:00:00Z,4438.49000000,4515.78000000,4430.00000000,4511.21000000,52570.32710000,1756425599999,2025-08-28T23:59:59.999000Z,235435570.31467100,356439,26324.27010000,117984706.85097500
1756425600000,2025-08-29T00:00:00Z,4511.20000000,4516.75000000,4434.79000000,4489.75000000,69637.50810000,1756439999999,2025-08-29T03:59:59.999000Z,311739757.41877200,535964,35421.08330000,158581709.14550500
1756440000000,2025-08-29T04:00:00Z,4489.75000000,4497.00000000,4367.50000000,4381.03000000,118788.53060000,1756454399999,2025-08-29T07:59:59.999000Z,526385864.53251900,620092,50919.30410000,225646225.36407400
1756454400000,2025-08-29T08:00:00Z,4381.03000000,4398.43000000,4318.57000000,4346.48000000,135466.21440000,1756468799999,2025-08-29T11:59:59.999000Z,589335142.14995300,628407,59291.38010000,257944157.21219400
1756468800000,2025-08-29T12:00:00Z,4346.48000000,4454.40000000,4265.00000000,4316.09000000,215781.37520000,1756483199999,2025-08-29T15:59:59.999000Z,937239524.65457700,1464921,108750.44470000,472476496.95508900
1756483200000,2025-08-29T16:00:00Z,4316.10000000,4366.66000000,4296.13000000,4340.78000000,88846.07820000,1756497599999,2025-08-29T19:59:59.999000Z,384841508.84593500,712201,47119.56120000,204110718.06093400
1756497600000,2025-08-29T20:00:00Z,4340.79000000,4379.55000000,4305.57000000,4360.18000000,50544.17120000,1756511999999,2025-08-29T23:59:59.999000Z,219578732.67262100,444843,22721.58950000,98743757.46784400
1756512000000,2025-08-30T00:00:00Z,4360.18000000,4381.61000000,4257.20000000,4352.45000000,102136.55210000,1756526399999,2025-08-30T03:59:59.999000Z,441198937.57211400,538445,50987.38990000,220368808.22674800
1756526400000,2025-08-30T04:00:00Z,4352.46000000,4415.61000000,4347.58000000,4402.39000000,97596.30120000,1756540799999,2025-08-30T07:59:59.999000Z,428202431.96938000,412427,62062.29470000,272346337.93810700
1756540800000,2025-08-30T08:00:00Z,4402.39000000,4408.07000000,4378.41000000,4392.08000000,41144.32650000,1756555199999,2025-08-30T11:59:59.999000Z,180745371.50100700,270436,20115.65340000,88377214.79009800
1756555200000,2025-08-30T12:00:00Z,4392.07000000,4393.48000000,4332.15000000,4376.35000000,53086.31160000,1756569599999,2025-08-30T15:59:59.999000Z,231466411.64166900,444912,24581.37100000,107203524.47933300
1756569600000,2025-08-30T16:00:00Z,4376.24000000,4376.24000000,4335.82000000,4354.63000000,21764.97660000,1756583999999,2025-08-30T19:59:59.999000Z,94881949.05011000,217473,11130.09270000,48527750.10799900
1756584000000,2025-08-30T20:00:00Z,4354.63000000,4378.66000000,4334.40000000,4373.70000000,24590.71460000,1756598399999,2025-08-30T23:59:59.999000Z,107118808.01508700,202447,11913.18630000,51896695.44178900
1756598400000,2025-08-31T00:00:00Z,4373.70000000,4488.58000000,4372.63000000,4488.12000000,86870.55880000,1756612799999,2025-08-31T03:59:59.999000Z,385916189.87142300,499801,47416.83590000,210646988.34703100
1756612800000,2025-08-31T04:00:00Z,4488.12000000,4491.46000000,4433.04000000,4450.84000000,46105.63650000,1756627199999,2025-08-31T07:59:59.999000Z,205570773.75190000,261795,23253.81040000,103721536.29495400
1756627200000,2025-08-31T08:00:00Z,4450.84000000,4483.80000000,4440.47000000,4476.98000000,64280.16860000,1756641599999,2025-08-31T11:59:59.999000Z,286912083.14615900,341708,34390.07560000,153512341.17560300
1756641600000,2025-08-31T12:00:00Z,4476.98000000,4498.47000000,4451.03000000,4485.27000000,74632.13580000,1756655999999,2025-08-31T15:59:59.999000Z,333923586.50876100,405970,41412.99630000,185294092.84166400
1756656000000,2025-08-31T16:00:00Z,4485.28000000,4490.87000000,4454.89000000,4456.01000000,33871.48720000,1756670399999,2025-08-31T19:59:59.999000Z,151647315.58310800,301571,15596.41400000,69835056.55452100
1756670400000,2025-08-31T20:00:00Z,4456.00000000,4477.10000000,4378.43000000,4391.83000000,50826.19920000,1756684799999,2025-08-31T23:59:59.999000Z,224982888.57091000,411142,21705.18420000,96117228.36843700
1756684800000,2025-09-01T00:00:00Z,4391.83000000,4432.25000000,4360.00000000,4404.16000000,97484.51960000,1756699199999,2025-09-01T03:59:59.999000Z,428114868.13615100,866634,47592.63180000,209043312.75107600
1756699200000,2025-09-01T04:00:00Z,4404.15000000,4464.00000000,4358.67000000,4463.29000000,82667.98790000,1756713599999,2025-09-01T07:59:59.999000Z,364427944.33290700,586947,40088.76120000,176786844.19207600
1756713600000,2025-09-01T08:00:00Z,4463.29000000,4491.84000000,4381.99000000,4392.83000000,81553.92940000,1756727999999,2025-09-01T11:59:59.999000Z,362285856.48365200,645658,41628.68210000,184915225.77708900
1756728000000,2025-09-01T12:00:00Z,4392.83000000,4423.78000000,4346.19000000,4362.01000000,65084.46470000,1756742399999,2025-09-01T15:59:59.999000Z,285690171.93942100,581156,29251.63760000,128457547.10841000
1756742400000,2025-09-01T16:00:00Z,4362.01000000,4371.54000000,4309.69000000,4368.06000000,58822.66220000,1756756799999,2025-09-01T19:59:59.999000Z,255507505.00144800,523443,25918.89350000,112604769.48321100
1756756800000,2025-09-01T20:00:00Z,4368.05000000,4368.15000000,4210.61000000,4314.50000000,128216.47570000,1756771199999,2025-09-01T23:59:59.999000Z,548584640.97259100,807938,61666.65920000,263784800.22294600
1756771200000,2025-09-02T00:00:00Z,4314.50000000,4394.97000000,4290.98000000,4367.11000000,80296.08770000,1756785599999,2025-09-02T03:59:59.999000Z,348405903.65295000,594446,42812.62170000,185865366.71955000
1756785600000,2025-09-02T04:00:00Z,4367.11000000,4416.78000000,4360.84000000,4377.53000000,63965.58780000,1756799999999,2025-09-02T07:59:59.999000Z,280731908.21254200,535540,32209.76010000,141363283.24889600
1756800000000,2025-09-02T08:00:00Z,4377.53000000,4408.00000000,4340.98000000,4347.98000000,62250.68090000,1756814399999,2025-09-02T11:59:59.999000Z,272915027.02811800,489093,29073.84230000,127461310.49412500
1756814400000,2025-09-02T12:00:00Z,4347.98000000,4397.44000000,4271.31000000,4295.66000000,179101.12440000,1756828799999,2025-09-02T15:59:59.999000Z,775743490.82537600,1334854,86685.87750000,375562745.29694700
1756828800000,2025-09-02T16:00:00Z,4295.65000000,4331.57000000,4257.85000000,4274.41000000,83144.93750000,1756843199999,2025-09-02T19:59:59.999000Z,356928207.64380500,797361,40368.70780000,173342863.40652500
1756843200000,2025-09-02T20:00:00Z,4274.41000000,4337.40000000,4266.31000000,4326.50000000,55846.63290000,1756857599999,2025-09-02T23:59:59.999000Z,241028012.34174000,409712,31164.32040000,134497480.34450200
1756857600000,2025-09-03T00:00:00Z,4326.49000000,4355.37000000,4283.23000000,4335.02000000,59970.96990000,1756871999999,2025-09-03T03:59:59.999000Z,259246725.32119900,598897,31286.16000000,135283999.38037100
1756872000000,2025-09-03T04:00:00Z,4335.02000000,4342.59000000,4285.71000000,4310.21000000,45196.69970000,1756886399999,2025-09-03T07:59:59.999000Z,195015151.77029500,420413,19917.44680000,85955901.11183300
1756886400000,2025-09-03T08:00:00Z,4310.20000000,4385.88000000,4300.01000000,4371.51000000,70248.19120000,1756900799999,2025-09-03T11:59:59.999000Z,305927342.52130500,534064,32662.75230000,142300039.32387100
1756900800000,2025-09-03T12:00:00Z,4371.51000000,4486.98000000,4339.99000000,4480.03000000,163360.92290000,1756915199999,2025-09-03T15:59:59.999000Z,723462559.07266200,1180648,85019.82930000,376729632.39440300
1756915200000,2025-09-03T16:00:00Z,4480.02000000,4490.64000000,4455.42000000,4475.32000000,112106.49000000,1756929599999,2025-09-03T19:59:59.999000Z,500991052.74452800,475756,75829.53260000,338858735.87093300
1756929600000,2025-09-03T20:00:00Z,4475.32000000,4480.79000000,4436.60000000,4450.46000000,36208.41240000,1756943999999,2025-09-03T23:59:59.999000Z,161589485.11619300,281563,16089.41080000,71823750.85000900
1756944000000,2025-09-04T00:00:00Z,4450.46000000,4482.05000000,4388.90000000,4398.03000000,101700.46040000,1756958399999,2025-09-04T03:59:59.999000Z,450827658.06862600,658981,44443.43900000,197332912.06628900
1756958400000,2025-09-04T04:00:00Z,4398.03000000,4414.90000000,4355.29000000,4371.04000000,68607.19670000,1756972799999,2025-09-04T07:59:59.999000Z,300326368.82069400,541244,36519.07050000,159847481.14974700
1756972800000,2025-09-04T08:00:00Z,4371.05000000,4433.85000000,4365.40000000,4407.03000000,66351.38370000,1756987199999,2025-09-04T11:59:59.999000Z,292010630.71377700,476750,31019.35450000,136511893.50180600
1756987200000,2025-09-04T12:00:00Z,4407.04000000,4428.39000000,4293.06000000,4305.33000000,129618.46370000,1757001599999,2025-09-04T15:59:59.999000Z,564734318.42396000,1180259,57668.04790000,251369667.64047700
1757001600000,2025-09-04T16:00:00Z,4305.32000000,4323.79000000,4265.33000000,4275.92000000,63186.73860000,1757015999999,2025-09-04T19:59:59.999000Z,271340405.50169100,762317,31057.26890000,133380649.61254000
1757016000000,2025-09-04T20:00:00Z,4275.92000000,4353.33000000,4272.30000000,4297.55000000,42331.46650000,1757030399999,2025-09-04T23:59:59.999000Z,182680983.77804400,468086,22471.66710000,96948635.98463500
1757030400000,2025-09-05T00:00:00Z,4297.56000000,4335.69000000,4291.02000000,4328.88000000,45816.72210000,1757044799999,2025-09-05T03:59:59.999000Z,197573696.79204500,546587,23239.76290000,100233621.50132300
1757044800000,2025-09-05T04:00:00Z,4328.89000000,4428.67000000,4316.57000000,4417.29000000,72860.78880000,1757059199999,2025-09-05T07:59:59.999000Z,318432243.29911200,478655,38847.79720000,169781926.31111000
1757059200000,2025-09-05T08:00:00Z,4417.29000000,4426.31000000,4373.20000000,4417.39000000,81554.00640000,1757073599999,2025-09-05T11:59:59.999000Z,359156274.29572900,549326,41373.19490000,182255436.47142700
1757073600000,2025-09-05T12:00:00Z,4417.38000000,4490.00000000,4256.03000000,4283.39000000,318985.24600000,1757087999999,2025-09-05T15:59:59.999000Z,1395825662.42056700,2111453,154702.33320000,678041903.34677200
1757088000000,2025-09-05T16:00:00Z,4283.40000000,4331.90000000,4272.35000000,4331.54000000,59666.92030000,1757102399999,2025-09-05T19:59:59.999000Z,256543342.33768900,602991,31321.25180000,134693636.91535000
1757102400000,2025-09-05T20:00:00Z,4331.54000000,4343.03000000,4286.71000000,4307.45000000,45286.19180000,1757116799999,2025-09-05T23:59:59.999000Z,195399484.80481600,462506,22943.89520000,99007343.57427400
1757116800000,2025-09-06T00:00:00Z,4307.46000000,4329.30000000,4302.77000000,4320.42000000,20383.26090000,1757131199999,2025-09-06T03:59:59.999000Z,88006435.93592500,258097,10287.16510000,44416025.61123300
1757131200000,2025-09-06T04:00:00Z,4320.43000000,4320.43000000,4290.71000000,4312.26000000,18863.66310000,1757145599999,2025-09-06T07:59:59.999000Z,81182794.00936700,192878,8338.20970000,35882935.85891600
1757145600000,2025-09-06T08:00:00Z,4312.27000000,4315.05000000,4286.08000000,4299.99000000,17622.54790000,1757159999999,2025-09-06T11:59:59.999000Z,75771203.81841100,212038,7164.69410000,30809872.34151300
1757160000000,2025-09-06T12:00:00Z,4300.00000000,4308.39000000,4263.19000000,4270.24000000,44936.60690000,1757174399999,2025-09-06T15:59:59.999000Z,192692338.10131100,319261,20485.22660000,87856391.44300400
1757174400000,2025-09-06T16:00:00Z,4270.23000000,4304.25000000,4236.00000000,4255.48000000,59382.79990000,1757188799999,2025-09-06T19:59:59.999000Z,253435587.87579700,507913,27952.69380000,119339844.38391700
1757188800000,2025-09-06T20:00:00Z,4255.48000000,4288.00000000,4253.35000000,4273.14000000,29977.18990000,1757203199999,2025-09-06T23:59:59.999000Z,128155365.47148900,221750,16090.69400000,68791132.59696500
1757203200000,2025-09-07T00:00:00Z,4273.15000000,4304.08000000,4270.81000000,4296.90000000,21924.99240000,1757217599999,2025-09-07T03:59:59.999000Z,94082135.70084300,224334,11865.17610000,50913073.45083100
1757217600000,2025-09-07T04:00:00Z,4296.90000000,4307.20000000,4276.76000000,4294.56000000,20002.13440000,1757231999999,2025-09-07T07:59:59.999000Z,85879515.82087600,170721,9739.26560000,41827442.72379600
1757232000000,2025-09-07T08:00:00Z,4294.57000000,4315.35000000,4291.65000000,4310.87000000,41022.61910000,1757246399999,2025-09-07T11:59:59.999000Z,176627260.57967200,264930,25161.16870000,108342458.34158300
1757246400000,2025-09-07T12:00:00Z,4310.88000000,4311.23000000,4288.95000000,4299.38000000,27581.90450000,1757260799999,2025-09-07T15:59:59.999000Z,118642396.67431000,238425,12494.26250000,53742544.70595500
1757260800000,2025-09-07T16:00:00Z,4299.39000000,4301.62000000,4270.81000000,4293.48000000,26890.30390000,1757275199999,2025-09-07T19:59:59.999000Z,115195530.82296500,256843,13233.84640000,56684840.20007900
1757275200000,2025-09-07T20:00:00Z,4293.47000000,4336.02000000,4281.34000000,4306.19000000,32198.88290000,1757289599999,2025-09-07T23:59:59.999000Z,138722839.16187600,294862,15896.19110000,68484106.72488000
1757289600000,2025-09-08T00:00:00Z,4306.19000000,4330.97000000,4279.00000000,4311.87000000,51316.81700000,1757303999999,2025-09-08T03:59:59.999000Z,220788951.73438100,499244,24944.74580000,107341188.44992100
1757304000000,2025-09-08T04:00:00Z,4311.87000000,4313.59000000,4287.68000000,4291.78000000,32212.31040000,1757318399999,2025-09-08T07:59:59.999000Z,138457920.89636300,279834,15405.24280000,66207214.33894100
1757318400000,2025-09-08T08:00:00Z,4291.78000000,4337.77000000,4288.30000000,4312.41000000,81225.53670000,1757332799999,2025-09-08T11:59:59.999000Z,350612829.88993800,495348,40498.30310000,174878351.17569100
1757332800000,2025-09-08T12:00:00Z,4312.42000000,4384.06000000,4306.19000000,4371.64000000,105874.04590000,1757347199999,2025-09-08T15:59:59.999000Z,460194698.72898400,753598,54495.57960000,236832204.38910100
1757347200000,2025-09-08T16:00:00Z,4371.64000000,4373.43000000,4284.44000000,4293.00000000,59748.48880000,1757361599999,2025-09-08T19:59:59.999000Z,258296682.69943500,556698,26181.64460000,113141308.21293800
1757361600000,2025-09-08T20:00:00Z,4293.00000000,4332.50000000,4281.80000000,4306.37000000,42505.23670000,1757375999999,2025-09-08T23:59:59.999000Z,183051590.97575800,304676,24051.99190000,103572894.36919800
1757376000000,2025-09-09T00:00:00Z,4306.36000000,4316.03000000,4276.76000000,4306.63000000,48368.78090000,1757390399999,2025-09-09T03:59:59.999000Z,207676661.09643500,378788,23730.57700000,101904365.79537600
1757390400000,2025-09-09T04:00:00Z,4306.62000000,4381.87000000,4302.50000000,4361.53000000,87658.45460000,1757404799999,2025-09-09T07:59:59.999000Z,381218517.40603300,432351,44958.52360000,195497303.60646400
1757404800000,2025-09-09T08:00:00Z,4361.53000000,4366.77000000,4342.16000000,4347.34000000,47693.01970000,1757419199999,2025-09-09T11:59:59.999000Z,207717067.33668100,346422,24363.75430000,106111793.32567200
1757419200000,2025-09-09T12:00:00Z,4347.33000000,4367.44000000,4277.06000000,4284.94000000,150845.40710000,1757433599999,2025-09-09T15:59:59.999000Z,650758697.61855900,1183477,68634.96890000,296130715.32654300
1757433600000,2025-09-09T16:00:00Z,4284.94000000,4299.99000000,4278.13000000,4295.00000000,41784.06760000,1757447999999,2025-09-09T19:59:59.999000Z,179154053.86607500,388338,19715.37460000,84549614.99982900
1757448000000,2025-09-09T20:00:00Z,4295.00000000,4319.67000000,4281.00000000,4310.09000000,29136.05220000,1757462399999,2025-09-09T23:59:59.999000Z,125378236.13155100,339021,15926.04160000,68516881.53735700
1757462400000,2025-09-10T00:00:00Z,4310.08000000,4326.09000000,4285.10000000,4320.44000000,43917.56300000,1757476799999,2025-09-10T03:59:59.999000Z,189121516.88917700,443672,24426.15130000,105166592.45333800
1757476800000,2025-09-10T04:00:00Z,4320.45000000,4333.28000000,4294.92000000,4329.82000000,50979.88100000,1757491199999,2025-09-10T07:59:59.999000Z,219945467.44314700,367781,26901.86350000,116057283.92946600
1757491200000,2025-09-10T08:00:00Z,4329.83000000,4335.02000000,4309.50000000,4331.31000000,60442.22990000,1757505599999,2025-09-10T11:59:59.999000Z,261551385.52959100,326151,37675.47510000,163029109.22241100
1757505600000,2025-09-10T12:00:00Z,4331.30000000,4453.57000000,4330.00000000,4404.90000000,204214.23720000,1757519999999,2025-09-10T15:59:59.999000Z,897638483.57170000,1111143,108663.08490000,477572431.60726200
1757520000000,2025-09-10T16:00:00Z,4404.90000000,4409.31000000,4300.59000000,4322.72000000,108167.46430000,1757534399999,2025-09-10T19:59:59.999000Z,470775629.04963700,679172,57968.67450000,252197988.02561600
1757534400000,2025-09-10T20:00:00Z,4322.71000000,4355.70000000,4320.75000000,4349.32000000,38912.53440000,1757548799999,2025-09-10T23:59:59.999000Z,168879609.20225600,293273,20058.44140000,87044137.33901500
1757548800000,2025-09-11T00:00:00Z,4349.33000000,4408.00000000,4338.82000000,4404.10000000,49171.41060000,1757563199999,2025-09-11T03:59:59.999000Z,215197821.98472900,351985,27857.97780000,121924990.57416500
1757563200000,2025-09-11T04:00:00Z,4404.11000000,4450.00000000,4395.05000000,4440.41000000,80121.80450000,1757577599999,2025-09-11T07:59:59.999000Z,354417768.45827700,482995,45128.11300000,199617889.74831500
1757577600000,2025-09-11T08:00:00Z,4440.40000000,4442.47000000,4406.30000000,4429.80000000,51898.37320000,1757591999999,2025-09-11T11:59:59.999000Z,229681950.86527900,392139,26488.11600000,117221778.65629400
1757592000000,2025-09-11T12:00:00Z,4429.81000000,4481.09000000,4350.01000000,4412.52000000,178527.79810000,1757606399999,2025-09-11T15:59:59.999000Z,789040134.10800900,1404762,88058.71030000,389454734.22141100
1757606400000,2025-09-11T16:00:00Z,4412.52000000,4441.50000000,4407.40000000,4423.73000000,35769.39490000,1757620799999,2025-09-11T19:59:59.999000Z,158245139.66074000,485442,18973.90830000,83944571.51477900
1757620800000,2025-09-11T20:00:00Z,4423.73000000,4469.00000000,4415.40000000,4458.82000000,45770.88360000,1757635199999,2025-09-11T23:59:59.999000Z,203310441.25809400,329017,27017.56280000,119998757.95913800
1757635200000,2025-09-12T00:00:00Z,4458.83000000,4539.00000000,4450.71000000,4505.55000000,102293.70780000,1757649599999,2025-09-12T03:59:59.999000Z,460864592.41260600,744832,53805.37100000,242301757.01689500
1757649600000,2025-09-12T04:00:00Z,4505.55000000,4563.00000000,4500.01000000,4525.81000000,72173.83390000,1757663999999,2025-09-12T07:59:59.999000Z,327325180.22992400,453876,32402.49130000,146904874.19569800
1757664000000,2025-09-12T08:00:00Z,4525.81000000,4536.53000000,4504.50000000,4520.76000000,39122.72040000,1757678399999,2025-09-12T11:59:59.999000Z,176816307.84826200,347480,18889.72920000,85387913.45920300
1757678400000,2025-09-12T12:00:00Z,4520.76000000,4571.24000000,4504.11000000,4541.98000000,80075.79280000,1757692799999,2025-09-12T15:59:59.999000Z,363324371.36407400,788019,40046.28320000,181695767.21907600
1757692800000,2025-09-12T16:00:00Z,4541.99000000,4660.00000000,4533.69000000,4657.18000000,102055.19110000,1757707199999,2025-09-12T19:59:59.999000Z,470116345.98203600,778821,55582.60830000,256065912.72057900
1757707200000,2025-09-12T20:00:00Z,4657.19000000,4748.40000000,4630.24000000,4712.16000000,115056.29420000,1757721599999,2025-09-12T23:59:59.999000Z,538852252.26178900,746663,59400.96340000,278267095.50855200
1757721600000,2025-09-13T00:00:00Z,4712.16000000,4769.36000000,4691.85000000,4756.81000000,99948.87950000,1757735999999,2025-09-13T03:59:59.999000Z,472077920.58443100,638431,59850.29000000,282740887.97281500
1757736000000,2025-09-13T04:00:00Z,4756.80000000,4756.91000000,4702.33000000,4711.70000000,53829.58040000,1757750399999,2025-09-13T07:59:59.999000Z,254483545.41340300,379579,23736.15190000,112239615.81005800
1757750400000,2025-09-13T08:00:00Z,4711.70000000,4738.58000000,4709.01000000,4719.53000000,42906.51370000,1757764799999,2025-09-13T11:59:59.999000Z,202624579.30609800,268321,21598.60010000,102025801.64039000
1757764800000,2025-09-13T12:00:00Z,4719.53000000,4730.18000000,4645.00000000,4653.92000000,92866.38130000,1757779199999,2025-09-13T15:59:59.999000Z,435005887.67031200,562901,40418.92120000,189378296.59405300
1757779200000,2025-09-13T16:00:00Z,4653.92000000,4667.92000000,4605.00000000,4638.21000000,72101.49360000,1757793599999,2025-09-13T19:59:59.999000Z,334091767.58586300,591976,32188.42900000,149177163.22807000
1757793600000,2025-09-13T20:00:00Z,4638.21000000,4672.94000000,4637.35000000,4666.53000000,32740.83840000,1757807999999,2025-09-13T23:59:59.999000Z,152552479.42337600,269929,16556.44660000,77136475.25095000
1757808000000,2025-09-14T00:00:00Z,4666.54000000,4692.36000000,4650.44000000,4663.22000000,35235.76630000,1757822399999,2025-09-14T03:59:59.999000Z,164648626.19579500,423614,16540.89350000,77303506.66482200
1757822400000,2025-09-14T04:00:00Z,4663.22000000,4681.47000000,4634.00000000,4650.58000000,28423.35550000,1757836799999,2025-09-14T07:59:59.999000Z,132494417.11978800,318110,11710.86790000,54598688.85273000
1757836800000,2025-09-14T08:00:00Z,4650.58000000,4674.38000000,4626.68000000,4635.00000000,26149.13000000,1757851199999,2025-09-14T11:59:59.999000Z,121644629.54078000,292697,12023.80440000,55953645.10449800
1757851200000,2025-09-14T12:00:00Z,4634.99000000,4644.74000000,4576.89000000,4582.22000000,126074.09880000,1757865599999,2025-09-14T15:59:59.999000Z,581122417.89436600,813151,46919.47500000,216185894.73790600
1757865600000,2025-09-14T16:00:00Z,4582.23000000,4629.27000000,4579.36000000,4615.47000000,36584.12140000,1757879999999,2025-09-14T19:59:59.999000Z,168557315.33860800,364790,20115.86800000,92683424.28200100
1757880000000,2025-09-14T20:00:00Z,4615.46000000,4636.51000000,4598.46000000,4604.49000000,25777.84850000,1757894399999,2025-09-14T23:59:59.999000Z,119060286.85707600,349303,12514.89900000,57813001.42747500
1757894400000,2025-09-15T00:00:00Z,4604.48000000,4643.57000000,4580.10000000,4636.20000000,40470.40380000,1757908799999,2025-09-15T03:59:59.999000Z,186742631.14305700,533217,21110.06590000,97423401.89157200
1757908800000,2025-09-15T04:00:00Z,4636.20000000,4670.28000000,4587.90000000,4597.37000000,73965.86320000,1757923199999,2025-09-15T07:59:59.999000Z,342573255.64316000,599436,35040.86040000,162441676.76141400
1757923200000,2025-09-15T08:00:00Z,4597.37000000,4597.37000000,4498.22000000,4530.65000000,130686.38610000,1757937599999,2025-09-15T11:59:59.999000Z,592399734.29827600,878918,63842.12870000,289399027.70323400
1757937600000,2025-09-15T12:00:00Z,4530.66000000,4541.92000000,4466.00000000,4500.01000000,94350.66050000,1757951999999,2025-09-15T15:59:59.999000Z,425258011.00269700,1016377,45899.65140000,206884252.77165500
1757952000000,2025-09-15T16:00:00Z,4500.01000000,4514.28000000,4474.04000000,4493.41000000,48005.18890000,1757966399999,2025-09-15T19:59:59.999000Z,215785036.33175500,591207,24355.25440000,109497468.40193200
1757966400000,2025-09-15T20:00:00Z,4493.41000000,4529.99000000,4488.49000000,4523.74000000,24813.46620000,1757980799999,2025-09-15T23:59:59.999000Z,112023277.59615400,270750,13344.80560000,60248032.56562300
1757980800000,2025-09-16T00:00:00Z,4523.74000000,4538.25000000,4503.00000000,4520.78000000,23762.66180000,1757995199999,2025-09-16T03:59:59.999000Z,107454219.89942200,316540,11890.92970000,53784786.18009000
1757995200000,2025-09-16T04:00:00Z,4520.77000000,4536.21000000,4487.53000000,4512.86000000,36219.65410000,1758009599999,2025-09-16T07:59:59.999000Z,163464814.59231800,388290,18754.31050000,84640289.60811600
1758009600000,2025-09-16T08:00:00Z,4512.87000000,4531.35000000,4493.31000000,4501.26000000,29726.78170000,1758023999999,2025-09-16T11:59:59.999000Z,134012181.92436900,388363,12959.41190000,58421682.44997900
1758024000000,2025-09-16T12:00:00Z,4501.26000000,4512.49000000,4424.00000000,4468.20000000,109689.57110000,1758038399999,2025-09-16T15:59:59.999000Z,489266010.99660600,930260,54750.95870000,244153221.96258900
1758038400000,2025-09-16T16:00:00Z,4468.19000000,4510.51000000,4447.03000000,4491.21000000,64203.97930000,1758052799999,2025-09-16T19:59:59.999000Z,287450696.20095800,650096,36603.89140000,163880418.53643500
1758052800000,2025-09-16T20:00:00Z,4491.22000000,4525.40000000,4483.61000000,4501.29000000,29704.46190000,1758067199999,2025-09-16T23:59:59.999000Z,133850808.03633100,293905,14884.02330000,67063325.85982700
1758067200000,2025-09-17T00:00:00Z,4501.30000000,4553.02000000,4492.99000000,4497.79000000,44974.63620000,1758081599999,2025-09-17T03:59:59.999000Z,203244594.33843700,423554,23461.00160000,106001794.50985200
1758081600000,2025-09-17T04:00:00Z,4497.79000000,4557.67000000,4464.00000000,4544.07000000,68978.63270000,1758095999999,2025-09-17T07:59:59.999000Z,311671625.17575500,467300,37685.87210000,170431100.75657800
1758096000000,2025-09-17T08:00:00Z,4544.07000000,4545.81000000,4479.00000000,4491.64000000,35585.12470000,1758110399999,2025-09-17T11:59:59.999000Z,160228591.19289600,372931,15193.31870000,68412560.51627100
1758110400000,2025-09-17T12:00:00Z,4491.64000000,4513.46000000,4467.36000000,4489.54000000,43543.38450000,1758124799999,2025-09-17T15:59:59.999000Z,195663009.66114100,617736,21471.51200000,96479601.39593500
1758124800000,2025-09-17T16:00:00Z,4489.53000000,4533.31000000,4412.00000000,4517.62000000,201430.15830000,1758139199999,2025-09-17T19:59:59.999000Z,902464720.18786500,1392464,98843.97550000,442909076.71659400
1758139200000,2025-09-17T20:00:00Z,4517.62000000,4616.77000000,4486.74000000,4590.53000000,82469.51970000,1758153599999,2025-09-17T23:59:59.999000Z,376185222.35772200,585389,43331.14680000,197720283.49550700
1758153600000,2025-09-18T00:00:00Z,4590.54000000,4644.47000000,4580.27000000,4614.42000000,64147.72250000,1758167999999,2025-09-18T03:59:59.999000Z,295946857.15370300,532274,35596.43280000,164237971.89294400
1758168000000,2025-09-18T04:00:00Z,4614.42000000,4619.99000000,4553.70000000,4574.75000000,48241.47810000,1758182399999,2025-09-18T07:59:59.999000Z,221220356.67131400,364453,20537.45250000,94201063.31248100
1758182400000,2025-09-18T08:00:00Z,4574.75000000,4607.76000000,4568.59000000,4576.12000000,36532.74060000,1758196799999,2025-09-18T11:59:59.999000Z,167613257.83434500,383242,17779.78270000,81586086.84084600
1758196800000,2025-09-18T12:00:00Z,4576.12000000,4625.00000000,4558.15000000,4599.34000000,62066.70910000,1758211199999,2025-09-18T15:59:59.999000Z,285108453.00876600,796597,31106.32640000,142919078.39761000
1758211200000,2025-09-18T16:00:00Z,4599.35000000,4636.22000000,4581.03000000,4588.23000000,54659.64960000,1758225599999,2025-09-18T19:59:59.999000Z,252018470.79941900,582379,29301.08950000,135116062.60625900
1758225600000,2025-09-18T20:00:00Z,4588.24000000,4605.65000000,4570.61000000,4587.66000000,25012.07710000,1758239999999,2025-09-18T23:59:59.999000Z,114854168.23744900,263134,12004.09500000,55127916.94679500
1758240000000,2025-09-19T00:00:00Z,4587.66000000,4620.72000000,4542.27000000,4549.98000000,46833.97890000,1758254399999,2025-09-19T03:59:59.999000Z,214722832.50059400,367651,22714.40630000,104174683.69173100
1758254400000,2025-09-19T04:00:00Z,4549.98000000,4559.15000000,4518.33000000,4539.06000000,48598.37110000,1758268799999,2025-09-19T07:59:59.999000Z,220561230.79221300,364413,22770.19880000,103347450.75932600
1758268800000,2025-09-19T08:00:00Z,4539.06000000,4549.00000000,4507.93000000,4513.80000000,35221.83940000,1758283199999,2025-09-19T11:59:59.999000Z,159501207.16739400,274296,15374.44220000,69633335.42861400
1758283200000,2025-09-19T12:00:00Z,4513.79000000,4544.44000000,4445.64000000,4474.93000000,121002.24860000,1758297599999,2025-09-19T15:59:59.999000Z,544553619.57753700,650923,43761.15850000,196784509.92814000
1758297600000,2025-09-19T16:00:00Z,4474.93000000,4489.21000000,4435.70000000,4440.68000000,52976.95310000,1758311999999,2025-09-19T19:59:59.999000Z,236289004.81490700,402048,26159.54010000,116687528.25624800
1758312000000,2025-09-19T20:00:00Z,4440.68000000,4478.21000000,4438.40000000,4468.59000000,26977.75710000,1758326399999,2025-09-19T23:59:59.999000Z,120325237.24712800,242896,13093.32360000,58397320.83083400
1758326400000,2025-09-20T00:00:00Z,4468.59000000,4475.91000000,4454.45000000,4465.52000000,17981.82160000,1758340799999,2025-09-20T03:59:59.999000Z,80313500.36588600,236746,8692.03510000,38823086.47803700
1758340800000,2025-09-20T04:00:00Z,4465.52000000,4484.81000000,4462.82000000,4483.22000000,16057.37680000,1758355199999,2025-09-20T07:59:59.999000Z,71842217.17232300,143217,8627.96500000,38605028.32073400
1758355200000,2025-09-20T08:00:00Z,4483.21000000,4483.21000000,4456.43000000,4469.96000000,16915.93730000,1758369599999,2025-09-20T11:59:59.999000Z,75594615.62456200,169182,7319.24230000,32711103.35217100
1758369600000,2025-09-20T12:00:00Z,4469.96000000,4507.19000000,4463.41000000,4498.20000000,29833.45770000,1758383999999,2025-09-20T15:59:59.999000Z,133804651.69150100,221694,15877.93690000,71219294.81782000
1758384000000,2025-09-20T16:00:00Z,4498.21000000,4508.71000000,4470.00000000,4480.18000000,34323.19090000,1758398399999,2025-09-20T19:59:59.999000Z,153922560.60259000,198067,17791.15170000,79787922.57047900
1758398400000,2025-09-20T20:00:00Z,4480.18000000,4501.39000000,4478.23000000,4480.42000000,15670.12870000,1758412799999,2025-09-20T23:59:59.999000Z,70335803.31806200,125177,7070.70870000,31742535.06170200
1758412800000,2025-09-21T00:00:00Z,4480.41000000,4490.00000000,4458.00000000,4478.26000000,23270.30850000,1758427199999,2025-09-21T03:59:59.999000Z,104201896.75542200,144130,10122.72520000,45319808.57373800
1758427200000,2025-09-21T04:00:00Z,4478.26000000,4492.24000000,4466.90000000,4477.78000000,17415.03800000,1758441599999,2025-09-21T07:59:59.999000Z,77993053.47946000,125083,8470.43290000,37931532.46527000
1758441600000,2025-09-21T08:00:00Z,4477.78000000,4479.57000000,4444.34000000,4460.57000000,22522.28550000,1758455999999,2025-09-21T11:59:59.999000Z,100492516.04474300,202648,10934.55480000,48797052.93111400
1758456000000,2025-09-21T12:00:00Z,4460.58000000,4486.40000000,4460.32000000,4482.80000000,23238.03890000,1758470399999,2025-09-21T15:59:59.999000Z,103994406.55559700,181285,11566.15430000,51764383.23622700
1758470400000,2025-09-21T16:00:00Z,4482.80000000,4498.16000000,4464.59000000,4494.40000000,34203.46930000,1758484799999,2025-09-21T19:59:59.999000Z,153302844.65840500,222181,18063.36470000,80954555.87966800
1758484800000,2025-09-21T20:00:00Z,4494.40000000,4494.41000000,4443.00000000,4444.97000000,28700.68600000,1758499199999,2025-09-21T23:59:59.999000Z,128092855.61935900,223486,15401.57220000,68757190.69802900
1758499200000,2025-09-22T00:00:00Z,4444.98000000,4455.76000000,4261.60000000,4305.87000000,197204.86520000,1758513599999,2025-09-22T03:59:59.999000Z,854629549.11316900,1113965,92716.24320000,401436155.79645700
1758513600000,2025-09-22T04:00:00Z,4305.87000000,4310.49000000,4077.00000000,4193.38000000,216713.49960000,1758527999999,2025-09-22T07:59:59.999000Z,907618047.77799300,942235,105186.39750000,440585947.86215900
1758528000000,2025-09-22T08:00:00Z,4193.38000000,4207.35000000,4136.47000000,4181.62000000,106293.20830000,1758542399999,2025-09-22T11:59:59.999000Z,443613571.70730000,555676,51541.72610000,215120723.46846300
1758542400000,2025-09-22T12:00:00Z,4181.63000000,4219.34000000,4159.16000000,4167.88000000,87845.15420000,1758556799999,2025-09-22T15:59:59.999000Z,368093256.16828300,724174,42103.09960000,176391146.29389000
1758556800000,2025-09-22T16:00:00Z,4167.88000000,4183.28000000,4122.00000000,4134.98000000,66207.12060000,1758571199999,2025-09-22T19:59:59.999000Z,275330640.26752800,517833,32699.31550000,136010507.49782600
1758571200000,2025-09-22T20:00:00Z,4134.99000000,4207.91000000,4134.34000000,4199.08000000,33979.38690000,1758585599999,2025-09-22T23:59:59.999000Z,142107381.09648300,290083,19332.23570000,80860043.31556000
1758585600000,2025-09-23T00:00:00Z,4199.09000000,4211.56000000,4114.39000000,4188.01000000,62240.68680000,1758599999999,2025-09-23T03:59:59.999000Z,259569297.70444600,613153,30003.70670000,125170981.36200700
1758600000000,2025-09-23T04:00:00Z,4188.02000000,4215.78000000,4154.44000000,4205.24000000,50387.07350000,1758614399999,2025-09-23T07:59:59.999000Z,211308442.46237700,490721,26644.39860000,111743664.21072600
1758614400000,2025-09-23T08:00:00Z,4205.23000000,4229.03000000,4178.27000000,4192.08000000,49069.29950000,1758628799999,2025-09-23T11:59:59.999000Z,206186698.09826200,376622,23833.57510000,100166916.89016400
1758628800000,2025-09-23T12:00:00Z,4192.09000000,4211.50000000,4161.87000000,4181.01000000,67923.32580000,1758643199999,2025-09-23T15:59:59.999000Z,284460975.29851100,765815,33662.88600000,141043271.73411000
1758643200000,2025-09-23T16:00:00Z,4181.01000000,4207.00000000,4137.70000000,4153.43000000,56635.58870000,1758657599999,2025-09-23T19:59:59.999000Z,236008160.68452100,807527,28370.82950000,118227492.76055100
1758657600000,2025-09-23T20:00:00Z,4153.43000000,4190.86000000,4139.53000000,4164.26000000,28971.93140000,1758671999999,2025-09-23T23:59:59.999000Z,120848954.87979500,395437,14508.93800000,60506513.09439900
1758672000000,2025-09-24T00:00:00Z,4164.25000000,4194.37000000,4129.24000000,4147.51000000,60731.13730000,1758686399999,2025-09-24T03:59:59.999000Z,252924574.38692500,630844,30671.20870000,127747735.45070300
1758686400000,2025-09-24T04:00:00Z,4147.51000000,4184.22000000,4073.74000000,4175.08000000,91708.36750000,1758700799999,2025-09-24T07:59:59.999000Z,379490744.83537400,661015,47400.37580000,196242771.19012000
1758700800000,2025-09-24T08:00:00Z,4175.08000000,4198.34000000,4164.66000000,4182.08000000,41367.38250000,1758715199999,2025-09-24T11:59:59.999000Z,172907866.66415900,372354,20511.39140000,85737207.50398200
1758715200000,2025-09-24T12:00:00Z,4182.08000000,4206.90000000,4145.96000000,4166.18000000,75410.26010000,1758729599999,2025-09-24T15:59:59.999000Z,315105600.11856900,660233,29688.91300000,124066662.33995600
1758729600000,2025-09-24T16:00:00Z,4166.17000000,4194.42000000,4155.00000000,4161.50000000,46228.02650000,1758743999999,2025-09-24T19:59:59.999000Z,192919158.23520500,430228,22615.29540000,94385339.13850300
1758744000000,2025-09-24T20:00:00Z,4161.50000000,4172.23000000,4131.20000000,4152.81000000,38220.39320000,1758758399999,2025-09-24T23:59:59.999000Z,158928153.42768900,364984,15840.15240000,65861368.78248100
1758758400000,2025-09-25T00:00:00Z,4152.81000000,4161.04000000,4022.00000000,4062.78000000,146839.10130000,1758772799999,2025-09-25T03:59:59.999000Z,600475366.12444400,1170563,65010.12640000,265762687.33951600
1758772800000,2025-09-25T04:00:00Z,4062.77000000,4071.08000000,3966.00000000,4009.18000000,161897.29180000,1758787199999,2025-09-25T07:59:59.999000Z,649673810.97357300,1320563,73977.11940000,296866110.96959700
1758787200000,2025-09-25T08:00:00Z,4009.17000000,4052.81000000,3991.39000000,4002.51000000,95222.31120000,1758801599999,2025-09-25T11:59:59.999000Z,383029531.79175500,733052,42756.04230000,171994777.18880600
1758801600000,2025-09-25T12:00:00Z,4002.51000000,4022.87000000,3924.12000000,4003.26000000,211278.37850000,1758815999999,2025-09-25T15:59:59.999000Z,842112976.65970300,1746866,107147.09070000,427094781.48589500
1758816000000,2025-09-25T16:00:00Z,4003.27000000,4006.77000000,3815.00000000,3911.59000000,229844.57480000,1758830399999,2025-09-25T19:59:59.999000Z,895998987.58881900,1742838,108994.45940000,425004639.82362800
1758830400000,2025-09-25T20:00:00Z,3911.59000000,3937.20000000,3850.00000000,3874.36000000,85246.03750000,1758844799999,2025-09-25T23:59:59.999000Z,331671739.77882000,897463,43508.71610000,169325965.98783300
1758844800000,2025-09-26T00:00:00Z,3874.35000000,3971.09000000,3867.65000000,3965.32000000,100004.62520000,1758859199999,2025-09-26T03:59:59.999000Z,392713300.49224300,1057643,59466.24960000,233306148.27521800
1758859200000,2025-09-26T04:00:00Z,3965.33000000,3976.98000000,3906.09000000,3938.11000000,113344.88420000,1758873599999,2025-09-26T07:59:59.999000Z,445100806.23117800,725251,56412.35300000,221481095.15195500
1758873600000,2025-09-26T08:00:00Z,3938.11000000,3944.58000000,3873.00000000,3906.00000000,64785.92490000,1758887999999,2025-09-26T11:59:59.999000Z,253159030.84437900,869917,30544.91460000,119351450.06556200
1758888000000,2025-09-26T12:00:00Z,3906.00000000,3985.41000000,3875.71000000,3946.00000000,139542.13740000,1758902399999,2025-09-26T15:59:59.999000Z,549580051.12965800,1439173,75738.52610000,298314020.03103300
1758902400000,2025-09-26T16:00:00Z,3945.98000000,4068.30000000,3942.94000000,4024.07000000,120662.65940000,1758916799999,2025-09-26T19:59:59.999000Z,485008152.99152300,1022826,64828.82970000,260486263.89464100
1758916800000,2025-09-26T20:00:00Z,4024.08000000,4039.56000000,4005.00000000,4032.24000000,37370.85480000,1758931199999,2025-09-26T23:59:59.999000Z,150305672.35785500,351826,20759.47270000,83503966.64406100
1758931200000,2025-09-27T00:00:00Z,4032.24000000,4032.44000000,4005.74000000,4019.41000000,28037.32090000,1758945599999,2025-09-27T03:59:59.999000Z,112705331.23922400,354970,11411.16470000,45867566.16835400
1758945600000,2025-09-27T04:00:00Z,4019.40000000,4027.85000000,4006.38000000,4007.93000000,16424.51130000,1758959999999,2025-09-27T07:59:59.999000Z,65979295.44577200,190090,7926.86560000,31844684.28485700
1758960000000,2025-09-27T08:00:00Z,4007.92000000,4017.90000000,3972.98000000,4002.16000000,39530.13310000,1758974399999,2025-09-27T11:59:59.999000Z,157971586.78773500,412120,18665.38600000,74593320.64580400
1758974400000,2025-09-27T12:00:00Z,4002.15000000,4039.01000000,3994.77000000,4018.92000000,34659.97930000,1758988799999,2025-09-27T15:59:59.999000Z,139261785.30340800,402645,18418.78470000,74012472.46028500
1758988800000,2025-09-27T16:00:00Z,4018.92000000,4019.88000000,3980.98000000,4002.45000000,37164.25450000,1759003199999,2025-09-27T19:59:59.999000Z,148542649.39344000,322106,14401.87360000,57563921.65269200
1759003200000,2025-09-27T20:00:00Z,4002.45000000,4033.23000000,4000.90000000,4018.38000000,16877.06470000,1759017599999,2025-09-27T23:59:59.999000Z,67821209.03800300,258182,8993.32890000,36143657.30155500
1759017600000,2025-09-28T00:00:00Z,4018.39000000,4031.75000000,3994.27000000,4002.74000000,22549.98230000,1759031999999,2025-09-28T03:59:59.999000Z,90402965.72179900,376652,10624.30020000,42607294.68132500
1759032000000,2025-09-28T04:00:00Z,4002.73000000,4019.87000000,3996.24000000,4014.32000000,15964.02270000,1759046399999,2025-09-28T07:59:59.999000Z,63972430.15216800,215667,7510.77420000,30099725.36532100
1759046400000,2025-09-28T08:00:00Z,4014.32000000,4016.00000000,3984.45000000,3992.39000000,24299.90910000,1759060799999,2025-09-28T11:59:59.999000Z,97092605.88603300,327926,13550.04770000,54139909.07017100
1759060800000,2025-09-28T12:00:00Z,3992.39000000,4029.48000000,3966.00000000,4021.69000000,47406.31290000,1759075199999,2025-09-28T15:59:59.999000Z,189936081.91200900,474141,27032.45080000,108355191.22327400
1759075200000,2025-09-28T16:00:00Z,4021.68000000,4055.12000000,4021.68000000,4039.45000000,49060.98710000,1759089599999,2025-09-28T19:59:59.999000Z,198106149.34967500,429321,30953.79750000,124983394.61814300
1759089600000,2025-09-28T20:00:00Z,4039.46000000,4144.88000000,4035.58000000,4142.16000000,81050.64480000,1759103999999,2025-09-28T23:59:59.999000Z,332728918.60589500,676902,50339.36190000,206695037.54084100
1759104000000,2025-09-29T00:00:00Z,4142.16000000,4146.38000000,4103.81000000,4121.80000000,41433.19350000,1759118399999,2025-09-29T03:59:59.999000Z,170833481.14049400,553213,20518.89940000,84610642.99814900
1759118400000,2025-09-29T04:00:00Z,4121.80000000,4123.99000000,4088.15000000,4108.25000000,37102.31360000,1759132799999,2025-09-29T07:59:59.999000Z,152361282.59872800,437718,17446.36790000,71652900.91827700
1759132800000,2025-09-29T08:00:00Z,4108.26000000,4141.00000000,4095.00000000,4103.21000000,58678.31250000,1759147199999,2025-09-29T11:59:59.999000Z,241981058.88281300,532039,35767.27720000,147562526.35097100
1759147200000,2025-09-29T12:00:00Z,4103.21000000,4205.59000000,4082.25000000,4164.80000000,124528.75180000,1759161599999,2025-09-29T15:59:59.999000Z,518016128.44541600,1038280,64280.70260000,267464515.74141900
1759161600000,2025-09-29T16:00:00Z,4164.81000000,4193.44000000,4128.53000000,4188.32000000,69503.21070000,1759175999999,2025-09-29T19:59:59.999000Z,288854407.85303200,557446,38537.90290000,160142623.39239400
1759176000000,2025-09-29T20:00:00Z,4188.32000000,4235.86000000,4182.07000000,4215.07000000,49482.89630000,1759190399999,2025-09-29T23:59:59.999000Z,208685897.88070400,493550,22510.56470000,94932026.44163700
1759190400000,2025-09-30T00:00:00Z,4215.07000000,4245.00000000,4188.03000000,4198.68000000,53170.26600000,1759204799999,2025-09-30T03:59:59.999000Z,223808224.27921400,572920,24994.96590000,105213911.83936500
1759204800000,2025-09-30T04:00:00Z,4198.69000000,4206.85000000,4169.38000000,4182.13000000,57421.80890000,1759219199999,2025-09-30T07:59:59.999000Z,240475464.02983800,412649,25870.11740000,108353267.54354500
1759219200000,2025-09-30T08:00:00Z,4182.12000000,4183.21000000,4134.00000000,4165.39000000,56698.73140000,1759233599999,2025-09-30T11:59:59.999000Z,235884778.43314100,590321,29675.70670000,123471393.74523000
1759233600000,2025-09-30T12:00:00Z,4165.38000000,4175.95000000,4094.59000000,4119.87000000,73946.45310000,1759247999999,2025-09-30T15:59:59.999000Z,305781577.12997900,1107284,34022.38780000,140719929.73033400
1759248000000,2025-09-30T16:00:00Z,4119.88000000,4170.43000000,4092.10000000,4160.10000000,85179.58400000,1759262399999,2025-09-30T19:59:59.999000Z,350572897.03266300,863207,35936.53810000,148037469.39132900
1759262400000,2025-09-30T20:00:00Z,4160.11000000,4201.52000000,4116.64000000,4145.15000000,64709.77380000,1759276799999,2025-09-30T23:59:59.999000Z,269285183.73862700,572403,30959.27990000,128870945.47777100
1759276800000,2025-10-01T00:00:00Z,4145.15000000,4174.63000000,4124.12000000,4128.66000000,48730.69700000,1759291199999,2025-10-01T03:59:59.999000Z,202177744.99594500,547726,20979.70050000,87047710.59297800
1759291200000,2025-10-01T04:00:00Z,4128.65000000,4156.79000000,4123.08000000,4145.80000000,40423.03460000,1759305599999,2025-10-01T07:59:59.999000Z,167389594.18249800,485605,15780.67330000,65361124.40632000
1759305600000,2025-10-01T08:00:00Z,4145.80000000,4329.00000000,4142.92000000,4298.20000000,174933.89300000,1759319999999,2025-10-01T11:59:59.999000Z,746936414.22780500,1019823,84269.89580000,359729307.62004100
1759320000000,2025-10-01T12:00:00Z,4298.21000000,4344.00000000,4280.00000000,4327.23000000,97899.32150000,1759334399999,2025-10-01T15:59:59.999000Z,422189092.31016200,970337,46082.41110000,198772622.53714600
1759334400000,2025-10-01T16:00:00Z,4327.24000000,4340.00000000,4288.64000000,4334.53000000,79548.39800000,1759348799999,2025-10-01T19:59:59.999000Z,343972517.22726300,615838,47862.13090000,206985504.33079600
1759348800000,2025-10-01T20:00:00Z,4334.52000000,4355.46000000,4287.50000000,4348.03000000,65491.03810000,1759363199999,2025-10-01T23:59:59.999000Z,283074609.42737200,499152,32699.17750000,141358559.63972700
1759363200000,2025-10-02T00:00:00Z,4348.03000000,4399.11000000,4332.73000000,4376.30000000,100457.80460000,1759377599999,2025-10-02T03:59:59.999000Z,439366855.06322600,957337,50186.12530000,219532061.39169000
1759377600000,2025-10-02T04:00:00Z,4376.30000000,4423.35000000,4358.26000000,4375.78000000,100115.31050000,1759391999999,2025-10-02T07:59:59.999000Z,439258003.82130800,524166,52554.16290000,230503607.96165000
1759392000000,2025-10-02T08:00:00Z,4375.77000000,4395.98000000,4369.32000000,4378.93000000,35078.55500000,1759406399999,2025-10-02T11:59:59.999000Z,153736878.87902500,345627,14159.43000000,62071032.83035600
1759406400000,2025-10-02T12:00:00Z,4378.92000000,4443.00000000,4335.74000000,4437.09000000,132455.04830000,1759420799999,2025-10-02T15:59:59.999000Z,582506638.24464100,1211585,66452.40110000,292380655.01827500
1759420800000,2025-10-02T16:00:00Z,4437.10000000,4516.74000000,4426.12000000,4495.61000000,116624.19450000,1759435199999,2025-10-02T19:59:59.999000Z,521434465.83191500,936136,67678.42500000,302616617.55480500
1759435200000,2025-10-02T20:00:00Z,4495.62000000,4497.87000000,4457.27000000,4484.35000000,41680.24420000,1759449599999,2025-10-02T23:59:59.999000Z,186608279.45353100,466332,19083.45270000,85458144.89264500
1759449600000,2025-10-03T00:00:00Z,4484.35000000,4560.00000000,4461.01000000,4500.59000000,75124.27420000,1759463999999,2025-10-03T03:59:59.999000Z,338518861.45232700,665619,36762.76090000,165755621.15934600
1759464000000,2025-10-03T04:00:00Z,4500.59000000,4510.79000000,4454.00000000,4462.33000000,56599.20940000,1759478399999,2025-10-03T07:59:59.999000Z,253321096.95881100,511668,23911.06640000,107033220.69452200
1759478400000,2025-10-03T08:00:00Z,4462.32000000,4495.00000000,4428.00000000,4478.45000000,56813.72370000,1759492799999,2025-10-03T11:59:59.999000Z,253594323.47589200,530460,28477.54040000,127130280.08889100
1759492800000,2025-10-03T12:00:00Z,4478.46000000,4541.66000000,4436.26000000,4534.75000000,97652.29570000,1759507199999,2025-10-03T15:59:59.999000Z,437817325.07501600,1298681,50735.33720000,227542795.08156700
1759507200000,2025-10-03T16:00:00Z,4534.75000000,4591.59000000,4450.62000000,4519.48000000,163628.11930000,1759521599999,2025-10-03T19:59:59.999000Z,738992184.92049900,1732550,77731.72590000,351232539.71291700
1759521600000,2025-10-03T20:00:00Z,4519.49000000,4542.97000000,4493.72000000,4512.87000000,35866.40440000,1759535999999,2025-10-03T23:59:59.999000Z,162179232.70000000,410670,17011.71910000,76950187.65709200
1759536000000,2025-10-04T00:00:00Z,4512.88000000,4516.91000000,4463.17000000,4487.06000000,42001.23320000,1759550399999,2025-10-04T03:59:59.999000Z,188505380.15006500,483665,18318.82140000,82186445.43931900
1759550400000,2025-10-04T04:00:00Z,4487.07000000,4517.93000000,4479.66000000,4498.29000000,29248.02010000,1759564799999,2025-10-04T07:59:59.999000Z,131644128.04178700,349896,15153.69960000,68207811.38383600
1759564800000,2025-10-04T08:00:00Z,4498.28000000,4503.90000000,4479.93000000,4483.83000000,26306.83090000,1759579199999,2025-10-04T11:59:59.999000Z,118138612.69973200,320534,11343.97680000,50956888.11724600
1759579200000,2025-10-04T12:00:00Z,4483.84000000,4511.71000000,4441.34000000,4455.05000000,49716.96100000,1759593599999,2025-10-04T15:59:59.999000Z,222562976.39860300,575451,22455.27730000,100582835.18748800
1759593600000,2025-10-04T16:00:00Z,4455.08000000,4476.46000000,4440.00000000,4467.12000000,33938.11250000,1759607999999,2025-10-04T19:59:59.999000Z,151292156.26748000,339252,14014.17640000,62483513.71358400
1759608000000,2025-10-04T20:00:00Z,4467.13000000,4494.50000000,4467.13000000,4487.15000000,18521.55110000,1759622399999,2025-10-04T23:59:59.999000Z,83052458.32341200,183463,8875.86640000,39800271.35516000
1759622400000,2025-10-05T00:00:00Z,4487.16000000,4575.00000000,4467.05000000,4531.54000000,109994.62390000,1759636799999,2025-10-05T03:59:59.999000Z,498762776.67768800,710371,62713.07510000,284326107.03482200
1759636800000,2025-10-05T04:00:00Z,4531.55000000,4615.00000000,4529.00000000,4605.97000000,122504.77340000,1759651199999,2025-10-05T07:59:59.999000Z,560066566.45521900,846754,69554.69330000,318000832.27429100
1759651200000,2025-10-05T08:00:00Z,4605.98000000,4618.17000000,4523.45000000,4551.06000000,147092.09500000,1759665599999,2025-10-05T11:59:59.999000Z,672059164.09686900,808872,68495.00280000,312950085.72174700
1759665600000,2025-10-05T12:00:00Z,4551.07000000,4551.07000000,4526.74000000,4532.00000000,44543.82380000,1759679999999,2025-10-05T15:59:59.999000Z,202180247.87005600,444018,23421.02420000,106313521.39066400
1759680000000,2025-10-05T16:00:00Z,4532.00000000,4540.71000000,4482.06000000,4487.26000000,56477.45010000,1759694399999,2025-10-05T19:59:59.999000Z,254973191.00725700,610684,26394.00040000,119194377.40619000
1759694400000,2025-10-05T20:00:00Z,4487.26000000,4523.48000000,4474.00000000,4514.32000000,25975.19520000,1759708799999,2025-10-05T23:59:59.999000Z,117020906.08446000,370396,14669.11030000,66092249.25334100
1759708800000,2025-10-06T00:00:00Z,4514.32000000,4552.44000000,4488.25000000,4537.08000000,65211.58510000,1759723199999,2025-10-06T03:59:59.999000Z,295068706.53874500,766023,34898.72850000,157958682.17043900
1759723200000,2025-10-06T04:00:00Z,4537.09000000,4577.80000000,4509.00000000,4533.19000000,54394.59220000,1759737599999,2025-10-06T07:59:59.999000Z,247256176.44543300,557372,23312.34270000,105955443.77707000
1759737600000,2025-10-06T08:00:00Z,4533.20000000,4593.65000000,4533.20000000,4571.71000000,55734.39920000,1759751999999,2025-10-06T11:59:59.999000Z,254620026.90902800,586990,32637.55050000,149122076.00897900
1759752000000,2025-10-06T12:00:00Z,4571.71000000,4693.80000000,4570.25000000,4673.39000000,142820.94720000,1759766399999,2025-10-06T15:59:59.999000Z,662427980.85477600,1372185,77890.68960000,361144900.91219600
1759766400000,2025-10-06T16:00:00Z,4673.39000000,4733.18000000,4659.99000000,4722.62000000,82331.19000000,1759780799999,2025-10-06T19:59:59.999000Z,386841464.74878200,837023,42193.84290000,198294471.14302700
1759780800000,2025-10-06T20:00:00Z,4722.61000000,4735.93000000,4672.56000000,4684.01000000,55707.93910000,1759795199999,2025-10-06T23:59:59.999000Z,261668398.11796500,558062,24529.79460000,115225131.06337500
1759795200000,2025-10-07T00:00:00Z,4684.02000000,4698.99000000,4663.71000000,4690.59000000,42932.29330000,1759809599999,2025-10-07T03:59:59.999000Z,201023506.69494800,489787,20551.50510000,96224442.12359500
1759809600000,2025-10-07T04:00:00Z,4690.59000000,4730.94000000,4665.03000000,4678.19000000,70809.17240000,1759823999999,2025-10-07T07:59:59.999000Z,332445126.93316200,622001,35013.61540000,164438121.12110300
1759824000000,2025-10-07T08:00:00Z,4678.20000000,4713.17000000,4638.92000000,4708.81000000,69221.71020000,1759838399999,2025-10-07T11:59:59.999000Z,323666135.94963400,694116,36447.68600000,170487954.98727000
1759838400000,2025-10-07T12:00:00Z,4708.82000000,4755.00000000,4477.43000000,4511.99000000,272531.47800000,1759852799999,2025-10-07T15:59:59.999000Z,1258683589.99153400,2240004,130692.17370000,603934035.19260500
1759852800000,2025-10-07T16:00:00Z,4511.99000000,4524.00000000,4446.13000000,4479.44000000,129849.57410000,1759867199999,2025-10-07T19:59:59.999000Z,582336180.96559700,1295224,60779.97240000,272760634.47736300
1759867200000,2025-10-07T20:00:00Z,4479.48000000,4517.09000000,4430.43000000,4447.70000000,55341.70390000,1759881599999,2025-10-07T23:59:59.999000Z,248281321.86596300,687536,24922.65600000,111864967.57513300
1759881600000,2025-10-08T00:00:00Z,4447.70000000,4498.22000000,4433.68000000,4443.60000000,63178.95780000,1759895999999,2025-10-08T03:59:59.999000Z,282058330.62003400,918656,29929.19080000,133635775.68659300
1759896000000,2025-10-08T04:00:00Z,4443.59000000,4465.50000000,4410.08000000,4463.48000000,68889.52120000,1759910399999,2025-10-08T07:59:59.999000Z,306061686.72548400,827472,35881.75830000,159471035.45197100
1759910400000,2025-10-08T08:00:00Z,4463.48000000,4506.85000000,4458.22000000,4487.30000000,58000.77680000,1759924799999,2025-10-08T11:59:59.999000Z,260175499.49544500,611855,32169.05100000,144278958.13780100
1759924800000,2025-10-08T12:00:00Z,4487.30000000,4522.60000000,4437.08000000,4447.14000000,90304.27770000,1759939199999,2025-10-08T15:59:59.999000Z,403993747.88165000,1211362,46633.21370000,208726815.37818400
1759939200000,2025-10-08T16:00:00Z,4447.15000000,4558.00000000,4439.00000000,4515.27000000,94654.63960000,1759953599999,2025-10-08T19:59:59.999000Z,427057154.70022400,872408,48696.72850000,219712351.16595700
1759953600000,2025-10-08T20:00:00Z,4515.28000000,4539.31000000,4500.18000000,4525.72000000,24876.15560000,1759967999999,2025-10-08T23:59:59.999000Z,112469203.21290800,329855,12275.82720000,55507960.61532900
1759968000000,2025-10-09T00:00:00Z,4525.72000000,4531.52000000,4398.17000000,4450.80000000,95180.18500000,1759982399999,2025-10-09T03:59:59.999000Z,424575605.00617800,733992,34398.34250000,153329243.98094700
1759982400000,2025-10-09T04:00:00Z,4450.80000000,4460.00000000,4411.00000000,4426.60000000,53292.32340000,1759996799999,2025-10-09T07:59:59.999000Z,236572007.38606800,434350,23100.94190000,102526919.09755100
1759996800000,2025-10-09T08:00:00Z,4426.60000000,4426.69000000,4320.00000000,4373.05000000,135485.78400000,1760011199999,2025-10-09T11:59:59.999000Z,589953284.96821300,1066859,67207.39720000,292621052.28321700
1760011200000,2025-10-09T12:00:00Z,4373.06000000,4413.76000000,4291.82000000,4314.79000000,119759.57480000,1760025599999,2025-10-09T15:59:59.999000Z,521241303.03685200,1481062,60357.92270000,262803677.38311000
1760025600000,2025-10-09T16:00:00Z,4314.78000000,4344.33000000,4265.06000000,4338.00000000,77400.70730000,1760039999999,2025-10-09T19:59:59.999000Z,333394700.96179200,1019427,38184.75520000,164521704.07975400
1760040000000,2025-10-09T20:00:00Z,4338.03000000,4383.00000000,4327.89000000,4368.09000000,34859.60840000,1760054399999,2025-10-09T23:59:59.999000Z,151837137.30948700,445671,19524.27890000,85044917.51055900
1760054400000,2025-10-10T00:00:00Z,4368.09000000,4393.63000000,4342.98000000,4347.13000000,50255.51220000,1760068799999,2025-10-10T03:59:59.999000Z,219617166.67958600,568039,22159.37250000,96897863.17286400
1760068800000,2025-10-10T04:00:00Z,4347.12000000,4377.14000000,4315.23000000,4323.39000000,54577.68850000,1760083199999,2025-10-10T07:59:59.999000Z,237019724.69656300,715241,29706.80890000,129054683.99469000
1760083200000,2025-10-10T08:00:00Z,4323.40000000,4351.27000000,4313.39000000,4343.02000000,37120.33160000,1760097599999,2025-10-10T11:59:59.999000Z,160873554.17807100,541527,21892.24290000,94880279.84904500
1760097600000,2025-10-10T12:00:00Z,4343.02000000,4390.46000000,4073.55000000,4103.11000000,286824.61160000,1760111999999,2025-10-10T15:59:59.999000Z,1207697367.63053700,2159791,135090.77840000,569166442.12448500
1760112000000,2025-10-10T16:00:00Z,4103.10000000,4138.52000000,3950.69000000,3997.56000000,226757.75650000,1760126399999,2025-10-10T19:59:59.999000Z,921560702.22191800,2230937,102655.39420000,417172698.28088900
1760126400000,2025-10-10T20:00:00Z,3997.56000000,4380.00000000,3435.00000000,3829.72000000,838435.12400000,1760140799999,2025-10-10T23:59:59.999000Z,3207830473.28364000,6378979,369096.09280000,1416394259.75057000
1760140800000,2025-10-11T00:00:00Z,3829.72000000,3878.30000000,3726.16000000,3792.26000000,251247.23490000,1760155199999,2025-10-11T03:59:59.999000Z,955640033.02635800,2306025,114883.28900000,436927111.43953700
1760155200000,2025-10-11T04:00:00Z,3792.27000000,3831.98000000,3733.70000000,3758.81000000,144423.69000000,1760169599999,2025-10-11T07:59:59.999000Z,546430048.24698000,1723356,69137.04880000,261745348.57662900
1760169600000,2025-10-11T08:00:00Z,3758.82000000,3857.24000000,3749.13000000,3839.99000000,133875.21310000,1760183999999,2025-10-11T11:59:59.999000Z,511054845.55170700,1310803,61145.80880000,233479619.77912500
1760184000000,2025-10-11T12:00:00Z,3839.99000000,3855.06000000,3786.07000000,3825.13000000,82809.64580000,1760198399999,2025-10-11T15:59:59.999000Z,316518891.58265400,1059080,39237.39550000,150021099.03129700
1760198400000,2025-10-11T16:00:00Z,3825.14000000,3848.00000000,3731.03000000,3760.61000000,73573.58410000,1760212799999,2025-10-11T19:59:59.999000Z,279165768.73865400,1024666,29744.10580000,112982860.17054500
1760212800000,2025-10-11T20:00:00Z,3760.61000000,3766.66000000,3643.33000000,3746.79000000,103956.29030000,1760227199999,2025-10-11T23:59:59.999000Z,385701553.26294600,1370215,47959.94220000,178050403.87994700
1760227200000,2025-10-12T00:00:00Z,3746.80000000,3819.22000000,3694.74000000,3781.61000000,118058.81670000,1760241599999,2025-10-12T03:59:59.999000Z,442013517.89245900,1433962,60512.93900000,226707501.57531300
1760241600000,2025-10-12T04:00:00Z,3781.62000000,3844.50000000,3776.27000000,3827.99000000,69518.88140000,1760255999999,2025-10-12T07:59:59.999000Z,265298877.01505400,706853,42417.67870000,161862597.56847200
1760256000000,2025-10-12T08:00:00Z,3827.98000000,3866.60000000,3806.34000000,3820.36000000,74514.09710000,1760270399999,2025-10-12T11:59:59.999000Z,285328370.09835300,696185,36849.52560000,141098593.69139700
1760270400000,2025-10-12T12:00:00Z,3820.36000000,4080.00000000,3793.56000000,4034.59000000,256836.96010000,1760284799999,2025-10-12T15:59:59.999000Z,1015347726.59006300,2031444,129712.73610000,513073247.43953400
1760284800000,2025-10-12T16:00:00Z,4034.59000000,4170.00000000,4034.58000000,4135.68000000,162787.22560000,1760299199999,2025-10-12T19:59:59.999000Z,669111865.38183300,1882804,83151.38870000,341806035.43682000
1760299200000,2025-10-12T20:00:00Z,4135.68000000,4197.70000000,4080.70000000,4152.29000000,129592.17110000,1760313599999,2025-10-12T23:59:59.999000Z,536301195.29719400,1535443,53856.28060000,222910790.20875900
1760313600000,2025-10-13T00:00:00Z,4152.29000000,4220.89000000,4124.54000000,4139.78000000,110123.47340000,1760327999999,2025-10-13T03:59:59.999000Z,458063226.76943800,1645615,54527.63070000,226874446.83526400
1760328000000,2025-10-13T04:00:00Z,4139.79000000,4198.00000000,4116.07000000,4178.30000000,74789.99910000,1760342399999,2025-10-13T07:59:59.999000Z,310672057.59107200,925801,35999.45320000,149630819.54354900
1760342400000,2025-10-13T08:00:00Z,4178.29000000,4195.52000000,4042.29000000,4080.39000000,97647.45990000,1760356799999,2025-10-13T11:59:59.999000Z,402881406.94057900,1212077,44389.40160000,183193477.72076600
1760356800000,2025-10-13T12:00:00Z,4080.38000000,4180.00000000,4056.57000000,4135.00000000,171122.23170000,1760371199999,2025-10-13T15:59:59.999000Z,704912123.24062000,2226028,79753.39700000,328683688.07583800
1760371200000,2025-10-13T16:00:00Z,4135.01000000,4271.12000000,4129.14000000,4251.96000000,113706.81920000,1760385599999,2025-10-13T19:59:59.999000Z,477924712.12718500,1592084,62151.07370000,261300467.66642500
1760385600000,2025-10-13T20:00:00Z,4251.96000000,4292.00000000,4236.08000000,4240.85000000,55423.94140000,1760399999999,2025-10-13T23:59:59.999000Z,236243514.81071100,719644,26127.05320000,111409510.24066700
1760400000000,2025-10-14T00:00:00Z,4240.86000000,4263.38000000,4137.63000000,4153.56000000,86464.57030000,1760414399999,2025-10-14T03:59:59.999000Z,362366447.02402900,1052991,40846.82410000,171159190.02137200
1760414400000,2025-10-14T04:00:00Z,4153.56000000,4160.75000000,3965.56000000,3981.19000000,180870.11800000,1760428799999,2025-10-14T07:59:59.999000Z,731425802.51923600,2000154,84966.84460000,343427266.30801200
1760428800000,2025-10-14T08:00:00Z,3981.19000000,4014.61000000,3888.74000000,3971.85000000,163117.09100000,1760443199999,2025-10-14T11:59:59.999000Z,646019801.35179000,1930255,82560.91890000,327227864.96135500
1760443200000,2025-10-14T12:00:00Z,3971.85000000,4088.79000000,3893.77000000,4085.40000000,252159.67440000,1760457599999,2025-10-14T15:59:59.999000Z,1001592611.95710300,2611757,147082.62350000,584087812.41810800
1760457600000,2025-10-14T16:00:00Z,4085.41000000,4164.62000000,4048.49000000,4102.94000000,222833.57110000,1760471999999,2025-10-14T19:59:59.999000Z,915778554.52425400,2329798,116990.08000000,480875777.40187600
1760472000000,2025-10-14T20:00:00Z,4102.96000000,4144.54000000,4072.69000000,4125.02000000,57551.74100000,1760486399999,2025-10-14T23:59:59.999000Z,236836043.56963100,789757,27899.39060000,114842370.09723200
1760486400000,2025-10-15T00:00:00Z,4125.01000000,4145.73000000,4060.11000000,4080.70000000,93684.78030000,1760500799999,2025-10-15T03:59:59.999000Z,384188063.38319900,1228179,37428.47130000,153566260.27834300
1760500800000,2025-10-15T04:00:00Z,4080.70000000,4129.37000000,4072.00000000,4122.04000000,88151.97590000,1760515199999,2025-10-15T07:59:59.999000Z,361992717.26947700,998805,52392.08560000,215171070.45356000
1760515200000,2025-10-15T08:00:00Z,4122.03000000,4217.60000000,4087.78000000,4099.90000000,121592.36360000,1760529599999,2025-10-15T11:59:59.999000Z,504829238.61281700,1124739,65081.44530000,270405551.38410000
1760529600000,2025-10-15T12:00:00Z,4099.89000000,4107.14000000,3959.33000000,3980.97000000,153858.65400000,1760543999999,2025-10-15T15:59:59.999000Z,622424177.55143800,1936129,76164.52670000,308104592.30888100
1760544000000,2025-10-15T16:00:00Z,3980.98000000,4013.17000000,3929.66000000,3983.21000000,97017.74700000,1760558399999,2025-10-15T19:59:59.999000Z,385728118.49429600,1165693,49270.66670000,195886039.59037400
1760558400000,2025-10-15T20:00:00Z,3983.21000000,3996.16000000,3926.74000000,3985.61000000,71776.17580000,1760572799999,2025-10-15T23:59:59.999000Z,284619802.66203000,968256,32838.34330000,130259359.98686300
1760572800000,2025-10-16T00:00:00Z,3985.61000000,4036.84000000,3976.07000000,4014.85000000,77531.32470000,1760587199999,2025-10-16T03:59:59.999000Z,311049675.97932300,942961,47290.49310000,189789245.56956200
1760587200000,2025-10-16T04:00:00Z,4014.85000000,4049.88000000,3979.36000000,4004.30000000,60755.40210000,1760601599999,2025-10-16T07:59:59.999000Z,243817392.48717900,843311,27302.17180000,109607225.85277400
1760601600000,2025-10-16T08:00:00Z,4004.31000000,4078.96000000,3940.66000000,4061.85000000,93961.84680000,1760615999999,2025-10-16T11:59:59.999000Z,377603652.30959100,1235239,45250.92910000,181992469.56347600
1760616000000,2025-10-16T12:00:00Z,4061.86000000,4086.49000000,3892.00000000,3907.18000000,169535.94000000,1760630399999,2025-10-16T15:59:59.999000Z,678412389.50658100,2133562,84487.99310000,338672049.53114000
1760630400000,2025-10-16T16:00:00Z,3907.17000000,3967.60000000,3851.11000000,3867.01000000,167547.36400000,1760644799999,2025-10-16T19:59:59.999000Z,653549525.79567200,2299805,74907.31410000,292201494.79277600
1760644800000,2025-10-16T20:00:00Z,3867.14000000,3898.05000000,3826.04000000,3894.51000000,74472.73870000,1760659199999,2025-10-16T23:59:59.999000Z,287785818.94047300,997024,40424.52540000,156294798.10143100
1760659200000,2025-10-17T00:00:00Z,3894.50000000,3950.45000000,3888.24000000,3933.25000000,59225.10150000,1760673599999,2025-10-17T03:59:59.999000Z,232231843.21153800,884263,28200.81720000,110580242.40275500
1760673600000,2025-10-17T04:00:00Z,3933.26000000,3935.97000000,3752.89000000,3756.49000000,163147.11280000,1760687999999,2025-10-17T07:59:59.999000Z,623776425.57228900,1698675,72690.04260000,277995917.90685800
1760688000000,2025-10-17T08:00:00Z,3756.49000000,3817.70000000,3674.50000000,3778.54000000,292369.70550000,1760702399999,2025-10-17T11:59:59.999000Z,1092523855.57164000,2548884,158779.55930000,593321889.77928100
1760702400000,2025-10-17T12:00:00Z,3778.53000000,3811.42000000,3714.00000000,3797.75000000,163163.95840000,1760716799999,2025-10-17T15:59:59.999000Z,614939139.98830000,2302543,85545.43730000,322540098.70622500
1760716800000,2025-10-17T16:00:00Z,3797.76000000,3850.36000000,3779.01000000,3827.76000000,94686.06520000,1760731199999,2025-10-17T19:59:59.999000Z,361472474.66662400,1452797,47122.18680000,179937917.33470900
1760731200000,2025-10-17T20:00:00Z,3827.77000000,3883.17000000,3818.25000000,3831.57000000,57535.14510000,1760745599999,2025-10-17T23:59:59.999000Z,222063187.51071900,525407,29389.00130000,113499886.08779500
1760745600000,2025-10-18T00:00:00Z,3831.58000000,3882.28000000,3819.07000000,3870.57000000,48438.16740000,1760759999999,2025-10-18T03:59:59.999000Z,186873513.17318100,579812,25111.69270000,96913707.08143100
1760760000000,2025-10-18T04:00:00Z,3870.56000000,3927.73000000,3841.30000000,3892.43000000,55461.13910000,1760774399999,2025-10-18T07:59:59.999000Z,215409240.38962600,644485,29242.45150000,113646123.04799700
1760774400000,2025-10-18T08:00:00Z,3892.44000000,3906.00000000,3861.98000000,3881.99000000,53646.38100000,1760788799999,2025-10-18T11:59:59.999000Z,208130611.96140400,612904,25092.61900000,97375805.65000500
1760788800000,2025-10-18T12:00:00Z,3881.99000000,3893.38000000,3848.81000000,3877.89000000,37468.74000000,1760803199999,2025-10-18T15:59:59.999000Z,144990576.90346200,545583,16519.19280000,63925058.60795800
1760803200000,2025-10-18T16:00:00Z,3877.90000000,3898.83000000,3853.16000000,3893.64000000,29362.97970000,1760817599999,2025-10-18T19:59:59.999000Z,113796984.37259600,428888,14670.91950000,56846982.55812200
1760817600000,2025-10-18T20:00:00Z,3893.63000000,3908.94000000,3869.62000000,3889.21000000,26333.20490000,1760831999999,2025-10-18T23:59:59.999000Z,102415704.84267400,362575,12890.85250000,50133445.08427700
1760832000000,2025-10-19T00:00:00Z,3889.20000000,3906.57000000,3855.70000000,3906.29000000,40481.77700000,1760846399999,2025-10-19T03:59:59.999000Z,157062558.50445400,449126,21010.70650000,81499528.95434300
1760846400000,2025-10-19T04:00:00Z,3906.30000000,3921.61000000,3873.91000000,3888.01000000,48962.10480000,1760860799999,2025-10-19T07:59:59.999000Z,190797355.34753200,447892,30019.89360000,116998895.16174700
1760860800000,2025-10-19T08:00:00Z,3888.01000000,3955.60000000,3827.04000000,3923.82000000,115957.71220000,1760875199999,2025-10-19T11:59:59.999000Z,452925703.13906400,1322313,61114.94010000,238879196.59498300
1760875200000,2025-10-19T12:00:00Z,3923.82000000,4002.08000000,3908.17000000,3978.65000000,91707.69250000,1760889599999,2025-10-19T15:59:59.999000Z,363827293.49901400,925637,46643.45050000,184980573.42678900
1760889600000,2025-10-19T16:00:00Z,3978.65000000,4026.95000000,3958.71000000,3985.75000000,70651.98880000,1760903999999,2025-10-19T19:59:59.999000Z,282004284.52017300,645629,33488.76930000,133737357.54925300
1760904000000,2025-10-19T20:00:00Z,3985.75000000,4030.94000000,3970.00000000,3982.58000000,40776.97920000,1760918399999,2025-10-19T23:59:59.999000Z,162929524.14396200,586653,18493.06900000,73924310.52881000
1760918400000,2025-10-20T00:00:00Z,3982.58000000,4038.88000000,3908.73000000,4026.90000000,79570.21810000,1760932799999,2025-10-20T03:59:59.999000Z,314764653.14242300,1227594,38796.00140000,153527236.63600200
1760932800000,2025-10-20T04:00:00Z,4026.90000000,4085.30000000,4023.07000000,4055.03000000,102258.79820000,1760947199999,2025-10-20T07:59:59.999000Z,415122084.29373200,1043379,57718.26830000,234329040.88310300
1760947200000,2025-10-20T08:00:00Z,4055.03000000,4070.92000000,4012.21000000,4035.02000000,73033.70350000,1760961599999,2025-10-20T11:59:59.999000Z,294862315.49475200,870640,40389.90270000,163069100.09671500
1760961600000,2025-10-20T12:00:00Z,4035.03000000,4049.51000000,4002.07000000,4003.98000000,117292.01880000,1760975999999,2025-10-20T15:59:59.999000Z,472835595.61300000,1119768,38266.66970000,154259129.78957000
1760976000000,2025-10-20T16:00:00Z,4003.99000000,4003.99000000,3922.00000000,3981.36000000,111593.22460000,1760990399999,2025-10-20T19:59:59.999000Z,441642759.24048900,1122731,48010.21150000,190028264.24566100
1760990400000,2025-10-20T20:00:00Z,3981.36000000,4003.20000000,3971.01000000,3979.22000000,27634.36690000,1761004799999,2025-10-20T23:59:59.999000Z,110138849.51050300,419279,13945.13150000,55589529.62665700
1761004800000,2025-10-21T00:00:00Z,3979.22000000,3985.76000000,3918.39000000,3922.66000000,50471.43200000,1761019199999,2025-10-21T03:59:59.999000Z,199225923.02579200,653735,22400.38510000,88465907.96271200
1761019200000,2025-10-21T04:00:00Z,3922.66000000,3922.66000000,3840.24000000,3892.95000000,91272.54650000,1761033599999,2025-10-21T07:59:59.999000Z,353460216.56925000,1046127,41840.95080000,162059009.72109600
1761033600000,2025-10-21T08:00:00Z,3892.95000000,3897.77000000,3851.00000000,3890.07000000,46017.18150000,1761047999999,2025-10-21T11:59:59.999000Z,178318787.29236000,578985,22649.58250000,87798624.61373600
1761048000000,2025-10-21T12:00:00Z,3890.06000000,4084.91000000,3852.06000000,4081.66000000,176194.31390000,1761062399999,2025-10-21T15:59:59.999000Z,699468689.64671000,1993099,84778.46280000,336810467.90792900
1761062400000,2025-10-21T16:00:00Z,4081.66000000,4110.00000000,3965.47000000,3995.69000000,143288.42390000,1761076799999,2025-10-21T19:59:59.999000Z,578471312.04167100,1586985,68986.01180000,278747827.07032400
1761076800000,2025-10-21T20:00:00Z,3995.70000000,4001.13000000,3858.00000000,3873.05000000,83350.24040000,1761091199999,2025-10-21T23:59:59.999000Z,326778259.10146400,1156118,39130.11230000,153375253.71996600
1761091200000,2025-10-22T00:00:00Z,3873.04000000,3889.27000000,3821.64000000,3859.57000000,73814.11820000,1761105599999,2025-10-22T03:59:59.999000Z,284572202.85762900,856855,34831.53960000,134305911.52758500
1761105600000,2025-10-22T04:00:00Z,3859.58000000,3884.34000000,3838.31000000,3868.72000000,51818.23040000,1761119999999,2025-10-22T07:59:59.999000Z,200013585.29665800,650882,26056.84320000,100591673.87465200
1761120000000,2025-10-22T08:00:00Z,3868.72000000,3868.91000000,3770.02000000,3829.00000000,84899.40200000,1761134399999,2025-10-22T11:59:59.999000Z,324949148.32087500,1032783,39297.89260000,150391392.95592700
1761134400000,2025-10-22T12:00:00Z,3829.01000000,3876.92000000,3780.32000000,3841.76000000,179714.84310000,1761148799999,2025-10-22T15:59:59.999000Z,688852973.15390900,1975980,76285.80560000,292418597.80143300
1761148800000,2025-10-22T16:00:00Z,3841.76000000,3861.90000000,3784.00000000,3804.00000000,115522.16190000,1761163199999,2025-10-22T19:59:59.999000Z,441512240.75620100,1370696,47416.09990000,181257897.13702200
1761163200000,2025-10-22T20:00:00Z,3804.00000000,3816.50000000,3710.00000000,3805.53000000,87361.33490000,1761177599999,2025-10-22T23:59:59.999000Z,328806499.72463200,947048,39694.63640000,149369454.69516100
1761177600000,2025-10-23T00:00:00Z,3805.53000000,3835.93000000,3796.54000000,3826.79000000,34230.42230000,1761191999999,2025-10-23T03:59:59.999000Z,130768614.31283000,483260,15785.37930000,60312371.49191900
1761192000000,2025-10-23T04:00:00Z,3826.80000000,3897.00000000,3822.76000000,3881.01000000,59576.81130000,1761206399999,2025-10-23T07:59:59.999000Z,230309112.50241300,515773,30455.81050000,117721498.75260700
1761206400000,2025-10-23T08:00:00Z,3881.02000000,3905.22000000,3859.00000000,3863.06000000,58633.75550000,1761220799999,2025-10-23T11:59:59.999000Z,227837955.56734300,577261,30915.12390000,120169568.85274900
1761220800000,2025-10-23T12:00:00Z,3863.06000000,3887.35000000,3808.01000000,3876.94000000,185281.38430000,1761235199999,2025-10-23T15:59:59.999000Z,712652655.66747700,1320934,73932.89040000,284566235.62488100
1761235200000,2025-10-23T16:00:00Z,3876.95000000,3934.86000000,3845.00000000,3859.40000000,101157.98110000,1761249599999,2025-10-23T19:59:59.999000Z,393489679.74230100,879471,43274.99700000,168383321.47074700
1761249600000,2025-10-23T20:00:00Z,3859.40000000,3860.10000000,3818.72000000,3856.80000000,38350.66360000,1761263999999,2025-10-23T23:59:59.999000Z,147380979.21450200,429729,16143.77280000,62027075.81403000
1761264000000,2025-10-24T00:00:00Z,3856.80000000,3896.00000000,3845.86000000,3891.00000000,35863.77390000,1761278399999,2025-10-24T03:59:59.999000Z,138947725.45340700,541738,17688.69490000,68555547.44180700
1761278400000,2025-10-24T04:00:00Z,3891.00000000,3989.20000000,3886.21000000,3949.22000000,86681.35320000,1761292799999,2025-10-24T07:59:59.999000Z,342984382.05881200,767383,47466.81910000,187750010.70319700
1761292800000,2025-10-24T08:00:00Z,3949.22000000,3969.81000000,3925.83000000,3946.57000000,58504.13860000,1761307199999,2025-10-24T11:59:59.999000Z,231122729.05633500,661915,30029.66330000,118642416.75828100
1761307200000,2025-10-24T12:00:00Z,3946.58000000,4026.39000000,3871.32000000,3888.92000000,164441.31840000,1761321599999,2025-10-24T15:59:59.999000Z,648558762.95543800,1477804,80263.92670000,316784580.77929100
1761321600000,2025-10-24T16:00:00Z,3888.92000000,3937.90000000,3866.43000000,3926.53000000,56593.06770000,1761335999999,2025-10-24T19:59:59.999000Z,220609858.50095900,576294,29786.31340000,116164167.58423800
1761336000000,2025-10-24T20:00:00Z,3926.53000000,3945.23000000,3924.38000000,3934.88000000,23843.28650000,1761350399999,2025-10-24T23:59:59.999000Z,93813792.07526300,266571,12519.42010000,49258493.29434500
1761350400000,2025-10-25T00:00:00Z,3934.88000000,3939.29000000,3912.40000000,3921.20000000,22578.84680000,1761364799999,2025-10-25T03:59:59.999000Z,88667216.97348400,255005,10392.87470000,40817406.66283400
1761364800000,2025-10-25T04:00:00Z,3921.21000000,3960.57000000,3920.46000000,3928.92000000,29435.12920000,1761379199999,2025-10-25T07:59:59.999000Z,115758115.70977400,258533,12295.97610000,48375546.37821100
1761379200000,2025-10-25T08:00:00Z,3928.93000000,3956.59000000,3927.70000000,3940.31000000,20459.09840000,1761393599999,2025-10-25T11:59:59.999000Z,80684513.73943700,288448,10601.27150000,41809192.36004800
1761393600000,2025-10-25T12:00:00Z,3940.32000000,3956.41000000,3924.20000000,3932.71000000,24666.12480000,1761407999999,2025-10-25T15:59:59.999000Z,97180844.00735100,260133,12791.60390000,50391771.79450600
1761408000000,2025-10-25T16:00:00Z,3932.72000000,3969.22000000,3927.74000000,3957.43000000,26582.61060000,1761422399999,2025-10-25T19:59:59.999000Z,104920301.97787100,220136,15125.36440000,59690287.13097300
1761422400000,2025-10-25T20:00:00Z,3957.44000000,3964.76000000,3935.82000000,3953.82000000,14804.52400000,1761436799999,2025-10-25T23:59:59.999000Z,58511027.26805800,193892,6460.18870000,25532983.56408900
1761436800000,2025-10-26T00:00:00Z,3953.81000000,3961.87000000,3919.03000000,3931.82000000,29409.50930000,1761451199999,2025-10-26T03:59:59.999000Z,115884709.97705900,320527,15322.62260000,60405278.11482000
1761451200000,2025-10-26T04:00:00Z,3931.82000000,3956.59000000,3928.83000000,3951.57000000,15902.02180000,1761465599999,2025-10-26T07:59:59.999000Z,62703973.08354500,137591,8645.87300000,34087881.03099800
1761465600000,2025-10-26T08:00:00Z,3951.57000000,4054.97000000,3951.08000000,4044.99000000,81774.82310000,1761479999999,2025-10-26T11:59:59.999000Z,327001303.98922200,716665,44563.50220000,178214995.19631200
1761480000000,2025-10-26T12:00:00Z,4044.98000000,4099.02000000,4040.66000000,4075.29000000,89022.61370000,1761494399999,2025-10-26T15:59:59.999000Z,362359719.33115900,901008,42849.66250000,174425565.62987600
1761494400000,2025-10-26T16:00:00Z,4075.29000000,4080.25000000,4046.29000000,4067.94000000,37810.85310000,1761508799999,2025-10-26T19:59:59.999000Z,153697277.88949300,346095,17958.85770000,73001941.09230700
1761508800000,2025-10-26T20:00:00Z,4067.94000000,4178.78000000,4054.11000000,4158.46000000,90778.27080000,1761523199999,2025-10-26T23:59:59.999000Z,375189832.42298700,827601,44379.66760000,183355423.19776200
1761523200000,2025-10-27T00:00:00Z,4158.46000000,4225.55000000,4148.48000000,4205.08000000,94241.75200000,1761537599999,2025-10-27T03:59:59.999000Z,395006775.63220000,817809,47594.21790000,199540643.50110600
1761537600000,2025-10-27T04:00:00Z,4205.08000000,4253.72000000,4193.24000000,4201.36000000,78401.85130000,1761551999999,2025-10-27T07:59:59.999000Z,331105882.26370900,728435,34641.57620000,146365090.20005700
1761552000000,2025-10-27T08:00:00Z,4201.36000000,4201.51000000,4133.00000000,4162.14000000,89992.01870000,1761566399999,2025-10-27T11:59:59.999000Z,374946841.09640100,818074,46026.88100000,191751715.56583800
1761566400000,2025-10-27T12:00:00Z,4162.14000000,4188.00000000,4124.52000000,4172.96000000,95706.28500000,1761580799999,2025-10-27T15:59:59.999000Z,397792096.72993200,1155725,56194.66420000,233631204.54708900
1761580800000,2025-10-27T16:00:00Z,4172.95000000,4233.48000000,4172.95000000,4193.96000000,60752.79810000,1761595199999,2025-10-27T19:59:59.999000Z,255587459.39688200,822119,32886.17060000,138353355.54498100
1761595200000,2025-10-27T20:00:00Z,4193.95000000,4195.79000000,4095.00000000,4120.15000000,68036.52400000,1761609599999,2025-10-27T23:59:59.999000Z,281245937.48448300,739622,31656.46300000,130855584.44119400
1761609600000,2025-10-28T00:00:00Z,4120.16000000,4143.13000000,4069.80000000,4094.32000000,68080.56550000,1761623999999,2025-10-28T03:59:59.999000Z,279658172.23329300,633459,29750.47060000,122273584.28725900
1761624000000,2025-10-28T04:00:00Z,4094.31000000,4127.00000000,4066.58000000,4117.24000000,46990.64630000,1761638399999,2025-10-28T07:59:59.999000Z,192546057.86805100,564335,26529.30480000,108719903.50638500
1761638400000,2025-10-28T08:00:00Z,4117.25000000,4136.10000000,4104.23000000,4112.46000000,30177.84000000,1761652799999,2025-10-28T11:59:59.999000Z,124302464.20154400,418449,15791.41930000,65047897.30762100
1761652800000,2025-10-28T12:00:00Z,4112.45000000,4175.55000000,4071.28000000,4096.85000000,102498.67100000,1761667199999,2025-10-28T15:59:59.999000Z,423006592.93457800,1273256,49557.37770000,204578513.63246000
1761667200000,2025-10-28T16:00:00Z,4096.86000000,4151.28000000,4027.00000000,4039.39000000,92255.27390000,1761681599999,2025-10-28T19:59:59.999000Z,377506578.28224300,1063733,41342.92490000,169291431.93333400
1761681600000,2025-10-28T20:00:00Z,4039.37000000,4042.49000000,3931.33000000,3979.20000000,132962.84100000,1761695999999,2025-10-28T23:59:59.999000Z,529569429.97197300,1108767,59990.66060000,238851722.04998900
1761696000000,2025-10-29T00:00:00Z,3979.19000000,4008.89000000,3964.56000000,3997.66000000,40658.01850000,1761710399999,2025-10-29T03:59:59.999000Z,162019073.01759500,525455,21463.12290000,85551490.69610900
1761710400000,2025-10-29T04:00:00Z,3997.66000000,4036.66000000,3996.00000000,4025.06000000,37966.54920000,1761724799999,2025-10-29T07:59:59.999000Z,152621606.52865500,438689,19743.78930000,79384614.02638600
1761724800000,2025-10-29T08:00:00Z,4025.07000000,4027.17000000,3983.60000000,4011.01000000,41280.26230000,1761739199999,2025-10-29T11:59:59.999000Z,165285889.20987100,572302,18515.84200000,74133143.59305800
1761739200000,2025-10-29T12:00:00Z,4011.01000000,4029.41000000,3941.61000000,3951.71000000,76342.39910000,1761753599999,2025-10-29T15:59:59.999000Z,304259895.31504000,1104323,34412.37220000,137215218.43694100
1761753600000,2025-10-29T16:00:00Z,3951.72000000,4018.46000000,3840.37000000,3905.71000000,221047.02080000,1761767999999,2025-10-29T19:59:59.999000Z,870055690.46009500,2174382,104425.92620000,411187002.56452500
1761768000000,2025-10-29T20:00:00Z,3905.70000000,3963.59000000,3874.01000000,3902.99000000,69158.06280000,1761782399999,2025-10-29T23:59:59.999000Z,271085937.30276200,756476,32133.72740000,125932300.00758900
1761782400000,2025-10-30T00:00:00Z,3903.00000000,3948.74000000,3885.41000000,3934.58000000,44425.51660000,1761796799999,2025-10-30T03:59:59.999000Z,174352222.61121600,720250,23467.27590000,92064523.32477800
1761796800000,2025-10-30T04:00:00Z,3934.58000000,3944.94000000,3839.50000000,3940.42000000,104896.31930000,1761811199999,2025-10-30T07:59:59.999000Z,408175685.73665500,1344303,52189.87980000,203124635.50700000
1761811200000,2025-10-30T08:00:00Z,3940.43000000,3940.43000000,3877.34000000,3881.10000000,41203.61220000,1761825599999,2025-10-30T11:59:59.999000Z,160821500.29970000,671375,19438.64260000,75853726.92644100
1761825600000,2025-10-30T12:00:00Z,3881.10000000,3884.43000000,3758.37000000,3773.69000000,155241.50920000,1761839999999,2025-10-30T15:59:59.999000Z,590338489.56753100,1756334,70030.60890000,266285097.70787800
1761840000000,2025-10-30T16:00:00Z,3773.69000000,3802.37000000,3680.10000000,3686.93000000,126564.46500000,1761854399999,2025-10-30T19:59:59.999000Z,473345419.05653500,1516560,54768.66090000,204812286.55805600
1761854400000,2025-10-30T20:00:00Z,3686.93000000,3807.21000000,3680.00000000,3805.09000000,59124.57000000,1761868799999,2025-10-30T23:59:59.999000Z,221675246.95057500,897609,33262.61470000,124775371.07242700
1761868800000,2025-10-31T00:00:00Z,3804.95000000,3860.79000000,3796.36000000,3829.16000000,57392.98380000,1761883199999,2025-10-31T03:59:59.999000Z,219808219.08610300,783170,28043.86490000,107417927.16050800
1761883200000,2025-10-31T04:00:00Z,3829.16000000,3873.68000000,3821.67000000,3831.49000000,56050.64330000,1761897599999,2025-10-31T07:59:59.999000Z,215591315.44469400,634069,28908.44130000,111187066.78764000
1761897600000,2025-10-31T08:00:00Z,3831.49000000,3883.13000000,3818.48000000,3874.01000000,45183.45690000,1761911999999,2025-10-31T11:59:59.999000Z,173820022.23349000,646245,23196.72280000,89260704.12911700
1761912000000,2025-10-31T12:00:00Z,3874.01000000,3888.00000000,3831.95000000,3860.99000000,180403.51400000,1761926399999,2025-10-31T15:59:59.999000Z,696373849.94635200,1282861,109572.65260000,423005326.19622400
1761926400000,2025-10-31T16:00:00Z,3860.99000000,3906.09000000,3804.74000000,3886.15000000,99468.14750000,1761940799999,2025-10-31T19:59:59.999000Z,382765064.51600100,1216511,49098.03810000,189081383.11521700
1761940800000,2025-10-31T20:00:00Z,3886.14000000,3893.29000000,3841.31000000,3847.99000000,40137.55400000,1761955199999,2025-10-31T23:59:59.999000Z,155112769.72421800,437839,25178.11640000,97303492.47106000
1761955200000,2025-11-01T00:00:00Z,3848.00000000,3864.43000000,3831.00000000,3861.38000000,21651.48080000,1761969599999,2025-11-01T03:59:59.999000Z,83304777.22669700,320967,11665.00740000,44883939.57931400
1761969600000,2025-11-01T04:00:00Z,3861.38000000,3869.55000000,3852.96000000,3860.84000000,21459.94740000,1761983999999,2025-11-01T07:59:59.999000Z,82864065.51708700,233163,10078.57120000,38916238.04611800
1761984000000,2025-11-01T08:00:00Z,3860.84000000,3882.94000000,3860.73000000,3877.79000000,25844.51040000,1761998399999,2025-11-01T11:59:59.999000Z,100133657.68935300,249747,11222.22260000,43476999.45902200
1761998400000,2025-11-01T12:00:00Z,3877.79000000,3902.00000000,3858.11000000,3895.15000000,39015.65700000,1762012799999,2025-11-01T15:59:59.999000Z,151368335.31896300,426463,18845.49280000,73120331.40323500
1762012800000,2025-11-01T16:00:00Z,3895.15000000,3909.39000000,3862.92000000,3879.99000000,29432.89920000,1762027199999,2025-11-01T19:59:59.999000Z,114335031.92959800,369348,14858.97460000,57746829.86835500
1762027200000,2025-11-01T20:00:00Z,3880.00000000,3891.60000000,3864.31000000,3873.77000000,15593.66780000,1762041599999,2025-11-01T23:59:59.999000Z,60453591.07986900,241215,8968.59260000,34768181.81423100
1762041600000,2025-11-02T00:00:00Z,3873.78000000,3886.85000000,3861.71000000,3880.63000000,17627.75580000,1762055999999,2025-11-02T03:59:59.999000Z,68270041.70445800,233606,9667.33590000,37433395.26283100
1762056000000,2025-11-02T04:00:00Z,3880.62000000,3918.23000000,3876.01000000,3906.73000000,30950.71740000,1762070399999,2025-11-02T07:59:59.999000Z,120702578.97745300,370849,17293.23780000,67453214.41642900
1762070400000,2025-11-02T08:00:00Z,3906.73000000,3910.97000000,3853.76000000,3891.31000000,60294.52560000,1762084799999,2025-11-02T11:59:59.999000Z,233926885.68936900,482907,35332.99670000,137095549.46164300
1762084800000,2025-11-02T12:00:00Z,3891.31000000,3895.41000000,3839.12000000,3853.33000000,46715.92450000,1762099199999,2025-11-02T15:59:59.999000Z,180517777.23001700,600626,21166.25790000,81789606.81280400
1762099200000,2025-11-02T16:00:00Z,3853.32000000,3867.42000000,3840.64000000,3855.98000000,26684.75860000,1762113599999,2025-11-02T19:59:59.999000Z,102878412.12667300,351291,11957.32600000,46105591.69924200
1762113600000,2025-11-02T20:00:00Z,3855.99000000,3916.27000000,3844.05000000,3906.58000000,33809.47230000,1762127999999,2025-11-02T23:59:59.999000Z,131059214.96065800,393881,20000.76620000,77546341.72048200
1762128000000,2025-11-03T00:00:00Z,3906.58000000,3914.29000000,3728.09000000,3736.23000000,157359.34940000,1762142399999,2025-11-03T03:59:59.999000Z,599500897.87549500,1266598,74484.37200000,284008342.26684700
1762142400000,2025-11-03T04:00:00Z,3736.23000000,3765.46000000,3684.00000000,3714.58000000,125179.07580000,1762156799999,2025-11-03T07:59:59.999000Z,466029395.79845700,1055655,59979.34450000,223425011.04099500
1762156800000,2025-11-03T08:00:00Z,3714.54000000,3740.00000000,3662.88000000,3711.68000000,110785.35620000,1762171199999,2025-11-03T11:59:59.999000Z,410206834.68000800,922464,49102.53040000,181892064.74601900
1762171200000,2025-11-03T12:00:00Z,3711.68000000,3748.64000000,3582.29000000,3588.89000000,253499.79060000,1762185599999,2025-11-03T15:59:59.999000Z,930445168.39600800,1524509,98940.38470000,362716460.43948500
1762185600000,2025-11-03T16:00:00Z,3588.89000000,3682.35000000,3564.13000000,3631.50000000,140180.70370000,1762199999999,2025-11-03T19:59:59.999000Z,508264215.72112500,1503126,70760.60720000,256681048.63426600
1762200000000,2025-11-03T20:00:00Z,3631.50000000,3636.69000000,3558.82000000,3603.83000000,90183.10950000,1762214399999,2025-11-03T23:59:59.999000Z,323838535.03841300,1191981,42798.70600000,153712823.80781500
1762214400000,2025-11-04T00:00:00Z,3603.84000000,3654.54000000,3567.27000000,3642.29000000,83473.08670000,1762228799999,2025-11-04T03:59:59.999000Z,302742383.00738900,1076225,42664.37940000,154733839.15248300
1762228800000,2025-11-04T04:00:00Z,3642.30000000,3647.95000000,3474.10000000,3494.56000000,288856.77670000,1762243199999,2025-11-04T07:59:59.999000Z,1019191743.16091000,1658122,116171.68810000,409947065.01711700
1762243200000,2025-11-04T08:00:00Z,3494.56000000,3534.00000000,3460.30000000,3529.52000000,162419.58980000,1762257599999,2025-11-04T11:59:59.999000Z,567820513.65521500,1159279,72327.00100000,252818347.14201100
1762257600000,2025-11-04T12:00:00Z,3529.53000000,3587.66000000,3474.00000000,3507.58000000,184308.01770000,1762271999999,2025-11-04T15:59:59.999000Z,649708371.43143500,1565943,106677.71150000,376099469.24400700
1762272000000,2025-11-04T16:00:00Z,3507.59000000,3520.58000000,3226.16000000,3230.94000000,383940.28320000,1762286399999,2025-11-04T19:59:59.999000Z,1288329416.18438700,2553841,168018.46140000,563742262.81120400
1762286400000,2025-11-04T20:00:00Z,3230.94000000,3304.49000000,3057.00000000,3287.05000000,465006.48380000,1762300799999,2025-11-04T23:59:59.999000Z,1486658296.32449500,2270402,224921.14090000,719593161.36439600
1762300800000,2025-11-05T00:00:00Z,3287.05000000,3349.12000000,3166.66000000,3334.83000000,264027.80710000,1762315199999,2025-11-05T03:59:59.999000Z,858876850.56870700,1790869,153691.95650000,500205735.49906500
1762315200000,2025-11-05T04:00:00Z,3334.83000000,3354.60000000,3300.89000000,3331.08000000,81305.60970000,1762329599999,2025-11-05T07:59:59.999000Z,270678023.97747300,842919,41871.36940000,139479959.43099200
1762329600000,2025-11-05T08:00:00Z,3331.09000000,3331.09000000,3274.54000000,3322.55000000,90433.44190000,1762343999999,2025-11-05T11:59:59.999000Z,298612332.82626000,1071306,39563.83830000,130652031.63546600
1762344000000,2025-11-05T12:00:00Z,3322.58000000,3399.19000000,3312.93000000,3398.36000000,145873.97750000,1762358399999,2025-11-05T15:59:59.999000Z,488848666.21867600,1460343,76977.04820000,258000868.90893400
1762358400000,2025-11-05T16:00:00Z,3398.37000000,3479.16000000,3370.82000000,3455.12000000,154429.23740000,1762372799999,2025-11-05T19:59:59.999000Z,529139370.53198500,1060598,73547.99780000,252248387.63106300
1762372800000,2025-11-05T20:00:00Z,3455.11000000,3480.46000000,3415.29000000,3424.29000000,73521.43960000,1762387199999,2025-11-05T23:59:59.999000Z,253035095.02953100,709684,35566.68630000,122440198.75434700
1762387200000,2025-11-06T00:00:00Z,3424.29000000,3450.50000000,3375.13000000,3432.90000000,68886.51650000,1762401599999,2025-11-06T03:59:59.999000Z,234929340.75975600,797058,33081.70970000,112895740.29323600
1762401600000,2025-11-06T04:00:00Z,3432.91000000,3456.46000000,3361.00000000,3380.42000000,80558.17830000,1762415999999,2025-11-06T07:59:59.999000Z,273780617.62939100,765542,32703.42530000,111283332.83765400
1762416000000,2025-11-06T08:00:00Z,3380.40000000,3415.00000000,3366.99000000,3399.40000000,54543.39630000,1762430399999,2025-11-06T11:59:59.999000Z,184958762.52757300,716537,27247.32940000,92389662.06165100
1762430400000,2025-11-06T12:00:00Z,3399.39000000,3404.78000000,3276.54000000,3300.00000000,155262.62000000,1762444799999,2025-11-06T15:59:59.999000Z,518360675.75226800,1601976,79712.26300000,265947072.15057600
1762444800000,2025-11-06T16:00:00Z,3300.00000000,3352.37000000,3245.45000000,3325.80000000,149379.32440000,1762459199999,2025-11-06T19:59:59.999000Z,493661345.35371700,1651012,79461.44750000,262693663.17071900
1762459200000,2025-11-06T20:00:00Z,3325.86000000,3337.30000000,3287.77000000,3315.14000000,57733.66480000,1762473599999,2025-11-06T23:59:59.999000Z,191127315.18508600,890242,26363.68200000,87287990.44333500
1762473600000,2025-11-07T00:00:00Z,3315.14000000,3365.32000000,3276.19000000,3345.12000000,92798.28410000,1762487999999,2025-11-07T03:59:59.999000Z,308462471.56092500,1205663,48469.50760000,161189430.67749800
1762488000000,2025-11-07T04:00:00Z,3345.12000000,3369.99000000,3319.59000000,3358.42000000,60593.17170000,1762502399999,2025-11-07T07:59:59.999000Z,202885794.38617200,698155,31510.08540000,105507337.81121400
1762502400000,2025-11-07T08:00:00Z,3358.41000000,3360.67000000,3225.36000000,3259.97000000,95364.19960000,1762516799999,2025-11-07T11:59:59.999000Z,312736652.15089900,1067919,41276.39460000,135287609.00473300
1762516800000,2025-11-07T12:00:00Z,3259.97000000,3318.35000000,3194.20000000,3297.52000000,212483.92110000,1762531199999,2025-11-07T15:59:59.999000Z,692073225.20423300,1788240,110373.74150000,359774832.20021500
1762531200000,2025-11-07T16:00:00Z,3297.52000000,3450.00000000,3273.99000000,3443.60000000,152410.05630000,1762545599999,2025-11-07T19:59:59.999000Z,512852326.80806700,1568476,85006.79450000,285890169.43181500
1762545600000,2025-11-07T20:00:00Z,3443.60000000,3473.00000000,3430.23000000,3436.05000000,69767.75260000,1762559999999,2025-11-07T23:59:59.999000Z,240759747.12613100,810786,35419.52230000,122251977.78764600
1762560000000,2025-11-08T00:00:00Z,3436.04000000,3467.64000000,3405.87000000,3454.19000000,61736.29060000,1762574399999,2025-11-08T03:59:59.999000Z,212481710.96852900,806395,31773.55500000,109392759.63725100
1762574400000,2025-11-08T04:00:00Z,3454.18000000,3488.00000000,3418.60000000,3447.90000000,53657.05140000,1762588799999,2025-11-08T07:59:59.999000Z,185076428.44978700,639362,26693.69930000,92124361.43921400
1762588800000,2025-11-08T08:00:00Z,3447.89000000,3473.42000000,3407.00000000,3413.03000000,40732.17570000,1762603199999,2025-11-08T11:59:59.999000Z,140291703.84549700,486254,20537.80630000,70803084.95445900
1762603200000,2025-11-08T12:00:00Z,3413.02000000,3417.58000000,3370.36000000,3376.79000000,64962.43490000,1762617599999,2025-11-08T15:59:59.999000Z,220581009.37384000,775479,30189.81390000,102527448.73200700
1762617600000,2025-11-08T16:00:00Z,3376.80000000,3408.16000000,3355.58000000,3389.35000000,48446.53380000,1762631999999,2025-11-08T19:59:59.999000Z,163826488.65331800,625667,24736.17780000,83662406.56755100
1762632000000,2025-11-08T20:00:00Z,3389.34000000,3415.62000000,3381.09000000,3401.51000000,21997.80170000,1762646399999,2025-11-08T23:59:59.999000Z,74819174.79955900,328184,10886.96840000,37035414.72685100
1762646400000,2025-11-09T00:00:00Z,3401.51000000,3403.97000000,3358.66000000,3375.80000000,32973.58590000,1762660799999,2025-11-09T03:59:59.999000Z,111490477.21306400,531688,16050.55330000,54274257.15286400
1762660800000,2025-11-09T04:00:00Z,3375.80000000,3427.37000000,3370.19000000,3422.78000000,60679.82220000,1762675199999,2025-11-09T07:59:59.999000Z,206255911.20664500,489837,35804.30910000,121693784.14539200
1762675200000,2025-11-09T08:00:00Z,3422.79000000,3435.13000000,3382.35000000,3428.37000000,67792.01220000,1762689599999,2025-11-09T11:59:59.999000Z,231275515.85564900,587264,37811.99970000,129023128.73495500
1762689600000,2025-11-09T12:00:00Z,3428.38000000,3563.65000000,3424.64000000,3515.51000000,159673.49190000,1762703999999,2025-11-09T15:59:59.999000Z,557853511.13629100,1211535,84554.98330000,295276781.51759600
1762704000000,2025-11-09T16:00:00Z,3515.52000000,3580.00000000,3501.63000000,3580.00000000,64347.99990000,1762718399999,2025-11-09T19:59:59.999000Z,227267464.21843200,746155,39580.02510000,139800804.24711900
1762718400000,2025-11-09T20:00:00Z,3580.00000000,3623.25000000,3562.38000000,3583.46000000,78631.13990000,1762732799999,2025-11-09T23:59:59.999000Z,281925180.19663900,904753,41485.74080000,148796413.12900800
1762732800000,2025-11-10T00:00:00Z,3583.46000000,3658.98000000,3553.52000000,3627.47000000,122599.19980000,1762747199999,2025-11-10T03:59:59.999000Z,444245672.13448000,1365440,67157.62710000,243309420.98045300
1762747200000,2025-11-10T04:00:00Z,3627.48000000,3631.51000000,3589.46000000,3609.09000000,63239.71370000,1762761599999,2025-11-10T07:59:59.999000Z,228327842.96121200,674043,31290.18890000,112994729.11746800
1762761600000,2025-11-10T08:00:00Z,3609.09000000,3631.32000000,3586.02000000,3610.57000000,72187.40130000,1762775999999,2025-11-10T11:59:59.999000Z,260285925.09946200,587652,43994.87480000,158641327.87783300
1762776000000,2025-11-10T12:00:00Z,3610.57000000,3622.14000000,3508.00000000,3519.46000000,145646.94360000,1762790399999,2025-11-10T15:59:59.999000Z,518415184.17601600,1245922,65363.23000000,232900598.59612600
1762790400000,2025-11-10T16:00:00Z,3519.45000000,3576.10000000,3507.30000000,3558.55000000,142424.23100000,1762804799999,2025-11-10T19:59:59.999000Z,503965513.11956200,800599,56914.62740000,201465030.05910500
1762804800000,2025-11-10T20:00:00Z,3558.55000000,3584.04000000,3529.41000000,3567.85000000,49175.54040000,1762819199999,2025-11-10T23:59:59.999000Z,174982450.13396200,701309,24264.56960000,86389792.94377600
1762819200000,2025-11-11T00:00:00Z,3567.85000000,3648.27000000,3552.84000000,3606.10000000,131855.91330000,1762833599999,2025-11-11T03:59:59.999000Z,476048199.27241600,1307991,55065.04750000,198676769.54187100
1762833600000,2025-11-11T04:00:00Z,3606.11000000,3610.48000000,3532.20000000,3544.67000000,125970.78040000,1762847999999,2025-11-11T07:59:59.999000Z,447890608.02040200,902934,43611.67300000,155125903.36259800
1762848000000,2025-11-11T08:00:00Z,3544.67000000,3587.05000000,3543.55000000,3574.14000000,80646.18180000,1762862399999,2025-11-11T11:59:59.999000Z,287735164.81509300,708446,30040.17200000,107156526.48174800
1762862400000,2025-11-11T12:00:00Z,3574.15000000,3594.33000000,3467.21000000,3481.10000000,159227.83190000,1762876799999,2025-11-11T15:59:59.999000Z,561031539.37738600,1367251,70873.29380000,249477744.91530400
1762876800000,2025-11-11T16:00:00Z,3481.11000000,3500.59000000,3446.02000000,3456.81000000,86290.09980000,1762891199999,2025-11-11T19:59:59.999000Z,299751181.71828600,1008798,42326.01250000,147064408.31054900
1762891200000,2025-11-11T20:00:00Z,3456.81000000,3461.79000000,3405.24000000,3417.76000000,76292.46750000,1762905599999,2025-11-11T23:59:59.999000Z,261762876.25522000,944435,38059.07360000,130614073.18601700
1762905600000,2025-11-12T00:00:00Z,3417.76000000,3456.06000000,3410.00000000,3439.10000000,72507.70370000,1762919999999,2025-11-12T03:59:59.999000Z,248958585.86546300,926667,37024.22940000,127191109.98856400
1762920000000,2025-11-12T04:00:00Z,3439.11000000,3458.07000000,3424.58000000,3428.23000000,68170.82570000,1762934399999,2025-11-12T07:59:59.999000Z,235047867.93345700,497516,26344.34620000,90804793.30238700
1762934400000,2025-11-12T08:00:00Z,3428.24000000,3570.06000000,3428.24000000,3549.38000000,83166.35480000,1762948799999,2025-11-12T11:59:59.999000Z,291875957.56671400,953332,43394.86910000,152221208.51425100
1762948800000,2025-11-12T12:00:00Z,3549.37000000,3588.19000000,3418.60000000,3427.85000000,138971.39040000,1762963199999,2025-11-12T15:59:59.999000Z,487845465.43974800,1377895,65107.53200000,228778549.74314800
1762963200000,2025-11-12T16:00:00Z,3427.85000000,3454.65000000,3371.65000000,3407.99000000,139071.24110000,1762977599999,2025-11-12T19:59:59.999000Z,474320024.93205200,1496520,69756.51420000,238007993.92499000
1762977600000,2025-11-12T20:00:00Z,3408.00000000,3439.62000000,3392.00000000,3414.92000000,51214.42110000,1762991999999,2025-11-12T23:59:59.999000Z,174992651.88538600,664057,27874.65230000,95254444.90061800
1762992000000,2025-11-13T00:00:00Z,3414.91000000,3473.48000000,3377.68000000,3452.86000000,108782.80890000,1763006399999,2025-11-13T03:59:59.999000Z,373588461.76329000,1150898,56409.68030000,193728838.63917800
1763006400000,2025-11-13T04:00:00Z,3452.86000000,3565.84000000,3434.03000000,3538.74000000,124524.65470000,1763020799999,2025-11-13T07:59:59.999000Z,437290011.19602400,1179213,61152.11110000,214686195.32217600
1763020800000,2025-11-13T08:00:00Z,3538.74000000,3550.00000000,3476.06000000,3501.95000000,78146.77710000,1763035199999,2025-11-13T11:59:59.999000Z,274321688.07024900,787007,31719.31450000,111379591.53050300
1763035200000,2025-11-13T12:00:00Z,3501.94000000,3511.31000000,3367.03000000,3386.85000000,187531.83800000,1763049599999,2025-11-13T15:59:59.999000Z,644972067.99239800,1592040,81960.94820000,281585125.31146700
1763049600000,2025-11-13T16:00:00Z,3386.84000000,3398.24000000,3175.83000000,3197.69000000,312803.04330000,1763063999999,2025-11-13T19:59:59.999000Z,1027686579.95630000,2137997,177359.97770000,583776557.56547100
1763064000000,2025-11-13T20:00:00Z,3197.69000000,3272.30000000,3154.22000000,3231.54000000,140200.01270000,1763078399999,2025-11-13T23:59:59.999000Z,448784202.09896600,1262407,70686.68790000,226356663.07743200
1763078400000,2025-11-14T00:00:00Z,3231.55000000,3251.88000000,3186.20000000,3227.93000000,122991.52220000,1763092799999,2025-11-14T03:59:59.999000Z,396019662.45523000,1311995,62416.84800000,201019529.93979200
1763092800000,2025-11-14T04:00:00Z,3227.94000000,3241.32000000,3104.66000000,3215.59000000,212560.65400000,1763107199999,2025-11-14T07:59:59.999000Z,676286564.14964800,1748351,109612.10410000,349040463.13294900
1763107200000,2025-11-14T08:00:00Z,3215.60000000,3219.39000000,3116.82000000,3144.35000000,102244.58950000,1763121599999,2025-11-14T11:59:59.999000Z,324230210.34259900,1334931,45413.40580000,144136979.19904100
1763121600000,2025-11-14T12:00:00Z,3144.34000000,3234.49000000,3070.00000000,3196.70000000,278131.43500000,1763135999999,2025-11-14T15:59:59.999000Z,874326989.76849100,2607235,140511.67880000,442265175.06279600
1763136000000,2025-11-14T16:00:00Z,3196.70000000,3256.71000000,3155.00000000,3207.86000000,95128.55710000,1763150399999,2025-11-14T19:59:59.999000Z,304952398.26683900,1374285,46195.89240000,148094098.95654800
1763150400000,2025-11-14T20:00:00Z,3207.87000000,3213.22000000,3090.00000000,3112.40000000,79389.39130000,1763164799999,2025-11-14T23:59:59.999000Z,249592484.94301800,1186805,40018.09370000,125863064.67097000
1763164800000,2025-11-15T00:00:00Z,3112.40000000,3194.00000000,3110.68000000,3179.16000000,62288.38310000,1763179199999,2025-11-15T03:59:59.999000Z,196796492.91712800,767266,32114.03790000,101472577.11230900
1763179200000,2025-11-15T04:00:00Z,3179.17000000,3191.65000000,3159.03000000,3176.55000000,33474.08070000,1763193599999,2025-11-15T07:59:59.999000Z,106269234.82254100,424358,15670.70430000,49761896.55107300
1763193600000,2025-11-15T08:00:00Z,3176.56000000,3177.98000000,3134.23000000,3152.52000000,39200.48900000,1763207999999,2025-11-15T11:59:59.999000Z,123698132.45092100,555504,17741.37230000,56003011.71375400
1763208000000,2025-11-15T12:00:00Z,3152.52000000,3197.37000000,3147.37000000,3186.05000000,47939.62890000,1763222399999,2025-11-15T15:59:59.999000Z,152395259.01916400,525481,23427.23800000,74461421.17604200
1763222400000,2025-11-15T16:00:00Z,3186.05000000,3230.00000000,3162.78000000,3197.88000000,120649.70570000,1763236799999,2025-11-15T19:59:59.999000Z,386906372.81075100,576894,73892.78510000,237094987.47504500
1763236800000,2025-11-15T20:00:00Z,3197.89000000,3200.68000000,3152.75000000,3167.88000000,34911.19080000,1763251199999,2025-11-15T23:59:59.999000Z,110731237.08203100,479776,16115.68470000,51114218.68896300
1763251200000,2025-11-16T00:00:00Z,3167.87000000,3210.00000000,3131.78000000,3202.97000000,48534.59860000,1763265599999,2025-11-16T03:59:59.999000Z,153861167.41432600,738011,25993.95070000,82436110.91095500
1763265600000,2025-11-16T04:00:00Z,3202.95000000,3220.62000000,3187.03000000,3219.55000000,31570.61060000,1763279999999,2025-11-16T07:59:59.999000Z,101202091.54698400,471419,17992.66950000,57677659.74752200
1763280000000,2025-11-16T08:00:00Z,3219.54000000,3249.00000000,3160.36000000,3168.64000000,59004.63910000,1763294399999,2025-11-16T11:59:59.999000Z,189533514.45238600,693363,27464.95740000,88283380.49652600
1763294400000,2025-11-16T12:00:00Z,3168.64000000,3182.60000000,3099.23000000,3105.44000000,112729.65320000,1763308799999,2025-11-16T15:59:59.999000Z,355785304.44833100,857077,64904.07100000,205116458.14840500
1763308800000,2025-11-16T16:00:00Z,3105.45000000,3128.00000000,3026.00000000,3091.09000000,194474.70260000,1763323199999,2025-11-16T19:59:59.999000Z,598444164.78158300,1707166,88152.33540000,271513594.79981300
1763323200000,2025-11-16T20:00:00Z,3091.09000000,3117.21000000,3004.00000000,3095.29000000,124319.37680000,1763337599999,2025-11-16T23:59:59.999000Z,381161480.06748300,1242349,63336.85060000,194296627.73869600
1763337600000,2025-11-17T00:00:00Z,3095.29000000,3180.42000000,3069.00000000,3176.60000000,80383.55470000,1763351999999,2025-11-17T03:59:59.999000Z,251884466.44869700,1110526,44849.84990000,140600144.11012000
1763352000000,2025-11-17T04:00:00Z,3176.59000000,3208.52000000,3165.93000000,3198.44000000,63583.82560000,1763366399999,2025-11-17T07:59:59.999000Z,202758480.00337600,660040,30741.95810000,98060542.23469900
1763366400000,2025-11-17T08:00:00Z,3198.44000000,3223.38000000,3179.88000000,3204.12000000,65732.19780000,1763380799999,2025-11-17T11:59:59.999000Z,210320821.53565800,580628,32992.91670000,105619796.24847600
1763380800000,2025-11-17T12:00:00Z,3204.12000000,3210.88000000,3095.09000000,3121.04000000,189831.27570000,1763395199999,2025-11-17T15:59:59.999000Z,597832673.38127600,1883870,99231.49000000,312586495.04399000
1763395200000,2025-11-17T16:00:00Z,3121.04000000,3142.56000000,2972.88000000,2982.27000000,229892.42680000,1763409599999,2025-11-17T19:59:59.999000Z,701247386.52948500,2050290,104104.70780000,317916006.55580000
1763409600000,2025-11-17T20:00:00Z,2982.27000000,3032.53000000,2959.46000000,3031.44000000,133077.14830000,1763423999999,2025-11-17T23:59:59.999000Z,399293452.86744700,1165215,75493.82000000,226644073.80912800
1763424000000,2025-11-18T00:00:00Z,3031.44000000,3050.05000000,2946.56000000,3023.97000000,189127.36700000,1763438399999,2025-11-18T03:59:59.999000Z,568336274.78956000,1767039,94783.25560000,285233827.38211100
1763438400000,2025-11-18T04:00:00Z,3023.97000000,3034.50000000,2958.08000000,3024.44000000,140899.43050000,1763452799999,2025-11-18T07:59:59.999000Z,422496232.73115400,1441690,68031.92210000,204075013.80380000
1763452800000,2025-11-18T08:00:00Z,3024.44000000,3074.45000000,3024.44000000,3058.01000000,116556.03310000,1763467199999,2025-11-18T11:59:59.999000Z,355944128.79302800,1014731,73475.79530000,224393170.82725200
1763467200000,2025-11-18T12:00:00Z,3058.00000000,3123.69000000,3022.09000000,3106.87000000,158180.75600000,1763481599999,2025-11-18T15:59:59.999000Z,485747782.65822900,1752505,79644.71810000,244652831.52439900
1763481600000,2025-11-18T16:00:00Z,3106.87000000,3169.95000000,3099.39000000,3146.02000000,122085.94850000,1763495999999,2025-11-18T19:59:59.999000Z,383927831.63594200,1114625,67868.53850000,213492661.97582300
1763496000000,2025-11-18T20:00:00Z,3146.01000000,3150.43000000,3097.21000000,3123.66000000,39790.57070000,1763510399999,2025-11-18T23:59:59.999000Z,124135210.19013100,524651,19476.55900000,60765515.22286200
1763510400000,2025-11-19T00:00:00Z,3123.65000000,3125.54000000,3069.59000000,3073.02000000,65254.27840000,1763524799999,2025-11-19T03:59:59.999000Z,202004612.49705600,776455,34400.65570000,106492859.38669300
1763524800000,2025-11-19T04:00:00Z,3073.01000000,3087.71000000,2992.23000000,3084.96000000,105860.61000000,1763539199999,2025-11-19T07:59:59.999000Z,321741439.70274900,921480,47752.19400000,145170641.25233000
1763539200000,2025-11-19T08:00:00Z,3084.97000000,3112.55000000,3053.55000000,3083.51000000,68846.46760000,1763553599999,2025-11-19T11:59:59.999000Z,212385818.05027200,749591,32674.05440000,100828788.02237900
1763553600000,2025-11-19T12:00:00Z,3083.51000000,3108.76000000,2967.00000000,2973.16000000,164573.89740000,1763567999999,2025-11-19T15:59:59.999000Z,500616290.24428700,1600989,78624.49240000,239715359.78061300
1763568000000,2025-11-19T16:00:00Z,2973.15000000,3000.00000000,2873.64000000,2881.66000000,207908.63990000,1763582399999,2025-11-19T19:59:59.999000Z,607770919.26089000,1953735,99030.35920000,289495565.32314000
1763582400000,2025-11-19T20:00:00Z,2881.66000000,3027.88000000,2875.00000000,3025.48000000,125482.82130000,1763596799999,2025-11-19T23:59:59.999000Z,372159615.46776700,1161972,67554.79020000,200274859.39784400
1763596800000,2025-11-20T00:00:00Z,3025.48000000,3058.00000000,3004.41000000,3038.98000000,87568.18980000,1763611199999,2025-11-20T03:59:59.999000Z,265881918.55959000,733048,49596.51590000,150532552.31051400
1763611200000,2025-11-20T04:00:00Z,3038.99000000,3063.61000000,3006.89000000,3039.43000000,69770.78410000,1763625599999,2025-11-20T07:59:59.999000Z,211667933.93073800,568105,33586.37430000,101920240.06252300
1763625600000,2025-11-20T08:00:00Z,3039.44000000,3044.75000000,2993.91000000,3023.98000000,63213.04430000,1763639999999,2025-11-20T11:59:59.999000Z,190714516.60586900,557021,28913.35300000,87215112.24653700
1763640000000,2025-11-20T12:00:00Z,3023.99000000,3049.58000000,2952.39000000,2955.68000000,143692.78940000,1763654399999,2025-11-20T15:59:59.999000Z,430786517.23641700,1507674,70300.30680000,210791633.39019300
1763654400000,2025-11-20T16:00:00Z,2955.65000000,2961.28000000,2790.01000000,2847.90000000,451454.18900000,1763668799999,2025-11-20T19:59:59.999000Z,1285783260.24542700,2677748,199226.01530000,567255346.17439900
1763668800000,2025-11-20T20:00:00Z,2847.89000000,2905.93000000,2819.55000000,2834.22000000,96825.37520000,1763683199999,2025-11-20T23:59:59.999000Z,276966262.76269700,1083843,47266.30720000,135174705.98571700
1763683200000,2025-11-21T00:00:00Z,2834.21000000,2886.73000000,2772.84000000,2809.18000000,117232.89560000,1763697599999,2025-11-21T03:59:59.999000Z,331700481.28065500,1340463,55619.56480000,157512717.91818400
1763697600000,2025-11-21T04:00:00Z,2809.17000000,2832.66000000,2669.00000000,2720.17000000,282092.79680000,1763711999999,2025-11-21T07:59:59.999000Z,776678080.08808500,1647942,111806.03140000,307925481.76656500
1763712000000,2025-11-21T08:00:00Z,2720.17000000,2754.48000000,2663.01000000,2688.42000000,218825.54220000,1763726399999,2025-11-21T11:59:59.999000Z,592229646.00648400,1848178,105234.54970000,284900470.28225800
1763726400000,2025-11-21T12:00:00Z,2688.42000000,2781.83000000,2623.57000000,2705.32000000,294361.29640000,1763740799999,2025-11-21T15:59:59.999000Z,799982828.76839400,2576064,143403.35150000,390061717.99968400
1763740800000,2025-11-21T16:00:00Z,2705.31000000,2806.84000000,2675.00000000,2752.24000000,185971.97480000,1763755199999,2025-11-21T19:59:59.999000Z,511274080.55297200,1732599,93057.32160000,255875805.64375000
1763755200000,2025-11-21T20:00:00Z,2752.23000000,2777.01000000,2708.55000000,2765.85000000,81990.90270000,1763769599999,2025-11-21T23:59:59.999000Z,224982702.78264000,919502,38801.29090000,106537347.88475200
1763769600000,2025-11-22T00:00:00Z,2765.86000000,2784.12000000,2739.76000000,2752.27000000,39805.85150000,1763783999999,2025-11-22T03:59:59.999000Z,109912616.85100800,704232,18708.33730000,51684706.64886700
1763784000000,2025-11-22T04:00:00Z,2752.27000000,2771.00000000,2726.66000000,2756.21000000,43047.87940000,1763798399999,2025-11-22T07:59:59.999000Z,118220723.74039700,688049,20501.51670000,56316420.09230500
1763798400000,2025-11-22T08:00:00Z,2756.21000000,2756.36000000,2704.33000000,2735.16000000,50191.65180000,1763812799999,2025-11-22T11:59:59.999000Z,136930702.46356900,628737,25167.44480000,68672446.91192100
1763812800000,2025-11-22T12:00:00Z,2735.16000000,2754.45000000,2711.01000000,2738.92000000,49892.98940000,1763827199999,2025-11-22T15:59:59.999000Z,136346975.66834600,659873,25541.29760000,69808006.35019200
1763827200000,2025-11-22T16:00:00Z,2738.92000000,2759.02000000,2735.20000000,2750.65000000,41469.87610000,1763841599999,2025-11-22T19:59:59.999000Z,114080791.16032400,450935,19237.71370000,52915258.27561000
1763841600000,2025-11-22T20:00:00Z,2750.65000000,2799.01000000,2733.72000000,2770.12000000,40283.06070000,1763855999999,2025-11-22T23:59:59.999000Z,111500694.56204900,478920,21627.07570000,59897136.31413200
1763856000000,2025-11-23T00:00:00Z,2770.12000000,2834.33000000,2768.29000000,2824.77000000,67882.07720000,1763870399999,2025-11-23T03:59:59.999000Z,190389919.77647500,719527,39336.82810000,110301156.31339500
1763870400000,2025-11-23T04:00:00Z,2824.77000000,2852.17000000,2777.20000000,2793.70000000,96029.16040000,1763884799999,2025-11-23T07:59:59.999000Z,270345157.22067500,596657,37836.90580000,106560311.21286500
1763884800000,2025-11-23T08:00:00Z,2793.70000000,2823.98000000,2793.69000000,2815.54000000,33197.59050000,1763899199999,2025-11-23T11:59:59.999000Z,93289479.53839500,447616,18478.96010000,51927992.52238400
1763899200000,2025-11-23T12:00:00Z,2815.54000000,2858.16000000,2810.12000000,2836.50000000,100156.85450000,1763913599999,2025-11-23T15:59:59.999000Z,283847988.66239500,798048,55594.54310000,157559655.84336300
1763913600000,2025-11-23T16:00:00Z,2836.49000000,2846.80000000,2786.63000000,2822.70000000,60022.70230000,1763927999999,2025-11-23T19:59:59.999000Z,168803831.09728500,644251,28213.22750000,79346851.87597500
1763928000000,2025-11-23T20:00:00Z,2822.70000000,2845.00000000,2794.74000000,2802.16000000,52520.18850000,1763942399999,2025-11-23T23:59:59.999000Z,148225990.52088000,696164,26780.81490000,75594899.51828000
1763942400000,2025-11-24T00:00:00Z,2802.16000000,2867.46000000,2763.00000000,2856.44000000,110955.21420000,1763956799999,2025-11-24T03:59:59.999000Z,313315794.82074200,1057215,61828.88550000,174939117.79689200
1763956800000,2025-11-24T04:00:00Z,2856.45000000,2885.75000000,2802.87000000,2830.27000000,98647.94040000,1763971199999,2025-11-24T07:59:59.999000Z,280593986.82836000,944977,47387.13230000,134781625.20132700
1763971200000,2025-11-24T08:00:00Z,2830.26000000,2843.09000000,2788.00000000,2803.41000000,85563.00910000,1763985599999,2025-11-24T11:59:59.999000Z,240487024.30258500,611086,35816.27570000,100629180.58074700
1763985600000,2025-11-24T12:00:00Z,2803.40000000,2860.37000000,2785.04000000,2846.47000000,128886.25660000,1763999999999,2025-11-24T15:59:59.999000Z,363394772.10107400,1097132,64850.29670000,182879283.00816600
1764000000000,2025-11-24T16:00:00Z,2846.47000000,2979.63000000,2842.82000000,2959.00000000,228159.11090000,1764014399999,2025-11-24T19:59:59.999000Z,667452178.15562200,1346217,101624.52480000,296187098.47810200
1764014400000,2025-11-24T20:00:00Z,2959.00000000,2987.00000000,2947.77000000,2953.38000000,63068.22390000,1764028799999,2025-11-24T23:59:59.999000Z,187112740.34421200,670481,30380.00120000,90135187.78415800
1764028800000,2025-11-25T00:00:00Z,2953.38000000,2953.38000000,2904.39000000,2911.99000000,55807.67550000,1764043199999,2025-11-25T03:59:59.999000Z,163548359.87832900,617323,25022.30050000,73377622.43818500
1764043200000,2025-11-25T04:00:00Z,2911.99000000,2943.03000000,2901.75000000,2902.77000000,44848.23110000,1764057599999,2025-11-25T07:59:59.999000Z,131052529.74559300,424904,17979.99620000,52553546.76414500
1764057600000,2025-11-25T08:00:00Z,2902.77000000,2909.18000000,2865.09000000,2891.01000000,72825.31650000,1764071999999,2025-11-25T11:59:59.999000Z,210141093.92669700,541423,35548.91550000,102537768.30500300
1764072000000,2025-11-25T12:00:00Z,2891.01000000,2934.00000000,2857.32000000,2895.45000000,106635.57340000,1764086399999,2025-11-25T15:59:59.999000Z,309114563.91724400,1274966,54014.42520000,156611422.90301400
1764086400000,2025-11-25T16:00:00Z,2895.46000000,2958.53000000,2872.09000000,2922.95000000,79721.83560000,1764100799999,2025-11-25T19:59:59.999000Z,232876227.61755600,869352,37627.15390000,109995088.71248000
1764100800000,2025-11-25T20:00:00Z,2922.96000000,2980.82000000,2907.42000000,2959.36000000,67847.82070000,1764115199999,2025-11-25T23:59:59.999000Z,199721345.28491300,690298,32283.83850000,95174000.69054200
1764115200000,2025-11-26T00:00:00Z,2959.36000000,2984.00000000,2922.08000000,2927.20000000,60791.57260000,1764129599999,2025-11-26T03:59:59.999000Z,179457170.54624200,505756,19681.29180000,58206505.41999600
1764129600000,2025-11-26T04:00:00Z,2927.19000000,2954.67000000,2921.11000000,2944.52000000,43870.37460000,1764143999999,2025-11-26T07:59:59.999000Z,128931015.21140600,432499,17029.00280000,50051585.44029200
1764144000000,2025-11-26T08:00:00Z,2944.52000000,2949.27000000,2902.12000000,2914.00000000,38855.29390000,1764158399999,2025-11-26T11:59:59.999000Z,113289253.98146000,407932,18338.16380000,53456545.61629900
1764158400000,2025-11-26T12:00:00Z,2913.99000000,2947.40000000,2888.69000000,2927.41000000,69609.69890000,1764172799999,2025-11-26T15:59:59.999000Z,203286443.83727100,868202,36160.98020000,105639905.43826900
1764172800000,2025-11-26T16:00:00Z,2927.40000000,3045.00000000,2926.37000000,3032.28000000,112464.24240000,1764187199999,2025-11-26T19:59:59.999000Z,336812036.14177400,1132129,63061.07720000,188764944.05317700
1764187200000,2025-11-26T20:00:00Z,3032.28000000,3035.91000000,3008.53000000,3026.56000000,38944.14360000,1764201599999,2025-11-26T23:59:59.999000Z,117761052.74145400,564495,17725.50830000,53606748.90232300
1764201600000,2025-11-27T00:00:00Z,3026.56000000,3071.37000000,3004.61000000,3033.53000000,73556.58340000,1764215999999,2025-11-27T03:59:59.999000Z,223844319.93957100,735473,35323.34870000,107550210.51706800
1764216000000,2025-11-27T04:00:00Z,3033.53000000,3053.98000000,3017.45000000,3033.90000000,33999.83070000,1764230399999,2025-11-27T07:59:59.999000Z,103110593.11101600,383488,13633.09280000,41359615.95717500
1764230400000,2025-11-27T08:00:00Z,3033.89000000,3044.73000000,3017.78000000,3028.54000000,31351.50300000,1764244799999,2025-11-27T11:59:59.999000Z,94977741.16024100,383519,12275.86680000,37198335.09152500
1764244800000,2025-11-27T12:00:00Z,3028.54000000,3030.49000000,2985.78000000,3010.97000000,65626.41940000,1764259199999,2025-11-27T15:59:59.999000Z,196958064.84007100,569108,30870.18570000,92652908.99871900
1764259200000,2025-11-27T16:00:00Z,3010.97000000,3039.99000000,3004.83000000,3032.02000000,41934.89630000,1764273599999,2025-11-27T19:59:59.999000Z,126769204.32951900,507561,21959.07880000,66381028.07326100
1764273600000,2025-11-27T20:00:00Z,3032.01000000,3044.44000000,3003.88000000,3015.23000000,28511.16270000,1764287999999,2025-11-27T23:59:59.999000Z,86282828.71929100,338327,13683.09720000,41410293.14678700
1764288000000,2025-11-28T00:00:00Z,3015.23000000,3023.97000000,2994.36000000,3008.63000000,38314.67750000,1764302399999,2025-11-28T03:59:59.999000Z,115197211.24008500,457782,14781.57190000,44445489.90762400
1764302400000,2025-11-28T04:00:00Z,3008.64000000,3028.94000000,3000.70000000,3001.91000000,43556.13520000,1764316799999,2025-11-28T07:59:59.999000Z,131343441.65260600,328896,20836.28980000,62846290.54187800
1764316800000,2025-11-28T08:00:00Z,3001.90000000,3077.77000000,3001.59000000,3034.02000000,74468.95090000,1764331199999,2025-11-28T11:59:59.999000Z,226894619.12070200,674959,40960.20800000,124700468.68310500
1764331200000,2025-11-28T12:00:00Z,3034.02000000,3099.00000000,3026.32000000,3073.77000000,82965.60100000,1764345599999,2025-11-28T15:59:59.999000Z,254466539.63779200,921844,45613.89420000,139896411.73448400
1764345600000,2025-11-28T16:00:00Z,3073.78000000,3074.40000000,3011.22000000,3050.00000000,79747.02690000,1764359999999,2025-11-28T19:59:59.999000Z,242087196.70800300,914888,39097.10680000,118716560.21885400
1764360000000,2025-11-28T20:00:00Z,3049.99000000,3059.48000000,3020.57000000,3031.15000000,27563.63600000,1764374399999,2025-11-28T23:59:59.999000Z,83868752.35562100,364109,11325.54690000,34454874.55559000
1764374400000,2025-11-29T00:00:00Z,3031.14000000,3052.64000000,3017.73000000,3022.60000000,24555.34610000,1764388799999,2025-11-29T03:59:59.999000Z,74477888.34779100,294527,12439.83920000,37743785.62735900
1764388800000,2025-11-29T04:00:00Z,3022.61000000,3045.60000000,2992.50000000,3004.90000000,42551.99660000,1764403199999,2025-11-29T07:59:59.999000Z,128355893.53433500,288245,16810.97600000,50736897.45757700
1764403200000,2025-11-29T08:00:00Z,3004.90000000,3011.41000000,2986.09000000,2999.82000000,37596.17440000,1764417599999,2025-11-29T11:59:59.999000Z,112817831.68695600,308192,15877.34970000,47644929.10428000
1764417600000,2025-11-29T12:00:00Z,2999.82000000,3014.09000000,2986.40000000,3007.41000000,44737.35260000,1764431999999,2025-11-29T15:59:59.999000Z,134098891.82827100,361994,16484.25430000,49430915.16471000
1764432000000,2025-11-29T16:00:00Z,3007.41000000,3011.31000000,2961.91000000,2988.47000000,54342.16460000,1764446399999,2025-11-29T19:59:59.999000Z,162369430.46852400,436115,23497.76190000,70159077.70200400
1764446400000,2025-11-29T20:00:00Z,2988.47000000,2999.17000000,2982.49000000,2989.16000000,14121.09600000,1764460799999,2025-11-29T23:59:59.999000Z,42228798.73384900,241515,7923.83530000,23698172.54894700
1764460800000,2025-11-30T00:00:00Z,2989.17000000,3012.29000000,2975.30000000,3001.69000000,22703.96470000,1764475199999,2025-11-30T03:59:59.999000Z,68061594.36399500,258602,10964.15800000,32877267.96312800
1764475200000,2025-11-30T04:00:00Z,3001.68000000,3008.90000000,2985.69000000,3005.22000000,14470.82450000,1764489599999,2025-11-30T07:59:59.999000Z,43357103.38640200,186551,6413.72560000,19217475.89295500
1764489600000,2025-11-30T08:00:00Z,3005.22000000,3018.48000000,2999.94000000,3003.36000000,23291.34670000,1764503999999,2025-11-30T11:59:59.999000Z,70088393.28210500,288001,9968.21820000,29999446.80869200
1764504000000,2025-11-30T12:00:00Z,3003.37000000,3053.02000000,3000.34000000,3028.69000000,60797.76800000,1764518399999,2025-11-30T15:59:59.999000Z,184462179.91856200,474243,32676.15750000,99105886.54162700
1764518400000,2025-11-30T16:00:00Z,3028.69000000,3049.34000000,3028.24000000,3034.71000000,26922.08970000,1764532799999,2025-11-30T19:59:59.999000Z,81799872.69422200,309162,10732.97760000,32612743.87197000
1764532800000,2025-11-30T20:00:00Z,3034.71000000,3041.14000000,2989.06000000,2991.26000000,34536.43170000,1764547199999,2025-11-30T23:59:59.999000Z,104134903.78735900,380222,16388.42100000,49442872.59821800
1764547200000,2025-12-01T00:00:00Z,2991.25000000,2999.47000000,2813.20000000,2825.77000000,199403.73910000,1764561599999,2025-12-01T03:59:59.999000Z,572014046.35501700,1728435,100545.74110000,288087753.87602000
1764561600000,2025-12-01T04:00:00Z,2825.77000000,2844.11000000,2806.71000000,2840.21000000,66691.25710000,1764575999999,2025-12-01T07:59:59.999000Z,188290391.37122700,707706,31351.17600000,88539569.67975000
1764576000000,2025-12-01T08:00:00Z,2840.21000000,2854.35000000,2828.62000000,2838.35000000,154411.99340000,1764590399999,2025-12-01T11:59:59.999000Z,438729062.69931800,575427,45889.53580000,130358145.50987400
1764590400000,2025-12-01T12:00:00Z,2838.36000000,2840.31000000,2716.04000000,2745.72000000,228178.02820000,1764604799999,2025-12-01T15:59:59.999000Z,634395013.69474800,1906138,102520.50450000,284883417.44829100
1764604800000,2025-12-01T16:00:00Z,2745.73000000,2758.02000000,2719.73000000,2740.80000000,92163.46090000,1764619199999,2025-12-01T19:59:59.999000Z,252391817.20767300,1301431,43088.12700000,118055172.86295700
1764619200000,2025-12-01T20:00:00Z,2740.80000000,2819.35000000,2739.89000000,2799.07000000,108154.51220000,1764633599999,2025-12-01T23:59:59.999000Z,301064642.65486300,889112,59935.42370000,166813808.86887900
1764633600000,2025-12-02T00:00:00Z,2799.07000000,2825.11000000,2782.81000000,2804.55000000,40929.97460000,1764647999999,2025-12-02T03:59:59.999000Z,114635033.12517100,846103,22751.08960000,63717378.94350500
1764648000000,2025-12-02T04:00:00Z,2804.55000000,2815.88000000,2796.88000000,2805.65000000,30185.33660000,1764662399999,2025-12-02T07:59:59.999000Z,84692319.53871600,465322,12044.95560000,33798017.78454300
1764662400000,2025-12-02T08:00:00Z,2805.66000000,2834.50000000,2782.19000000,2826.18000000,41716.95650000,1764676799999,2025-12-02T11:59:59.999000Z,117210108.87331700,652077,22175.21070000,62346577.12078300
1764676800000,2025-12-02T12:00:00Z,2826.18000000,3024.98000000,2816.82000000,3006.61000000,243912.66530000,1764691199999,2025-12-02T15:59:59.999000Z,710204870.43765100,1872267,128601.35400000,374895180.01210300
1764691200000,2025-12-02T16:00:00Z,3006.61000000,3033.76000000,2987.19000000,3015.83000000,104569.56300000,1764705599999,2025-12-02T19:59:59.999000Z,314786380.08151600,1305393,47727.96840000,143692899.74903500
1764705600000,2025-12-02T20:00:00Z,3015.84000000,3021.27000000,2972.35000000,2996.07000000,62392.86260000,1764719999999,2025-12-02T23:59:59.999000Z,186918689.26847500,680774,30657.77930000,91868576.69770900
1764720000000,2025-12-03T00:00:00Z,2996.07000000,3048.00000000,2985.58000000,3030.75000000,51276.00730000,1764734399999,2025-12-03T03:59:59.999000Z,154909944.23247400,572503,27775.04390000,83940244.13664700
1764734400000,2025-12-03T04:00:00Z,3030.74000000,3085.56000000,3029.59000000,3057.44000000,83611.91530000,1764748799999,2025-12-03T07:59:59.999000Z,255998480.84196700,668656,42486.91530000,130032058.15324500
1764748800000,2025-12-03T08:00:00Z,3057.44000000,3080.00000000,3043.75000000,3073.23000000,45464.58880000,1764763199999,2025-12-03T11:59:59.999000Z,139060183.31982200,501941,20362.50070000,62323794.98095000
1764763200000,2025-12-03T12:00:00Z,3073.23000000,3145.68000000,3030.42000000,3086.12000000,172616.43180000,1764777599999,2025-12-03T15:59:59.999000Z,532468476.41145000,1863822,88412.21020000,272699730.97383500
1764777600000,2025-12-03T16:00:00Z,3086.13000000,3142.15000000,3064.36000000,3128.20000000,76818.98220000,1764791999999,2025-12-03T19:59:59.999000Z,239102755.25483800,1319505,36255.77770000,112884116.42013000
1764792000000,2025-12-03T20:00:00Z,3128.20000000,3214.99000000,3117.00000000,3188.36000000,123881.88920000,1764806399999,2025-12-03T23:59:59.999000Z,392047775.07201300,1284062,65503.29510000,207510351.36721600
1764806400000,2025-12-04T00:00:00Z,3188.39000000,3240.35000000,3174.19000000,3210.13000000,85059.47440000,1764820799999,2025-12-04T03:59:59.999000Z,272950726.75564500,1091677,44035.99350000,141307122.32670000
1764820800000,2025-12-04T04:00:00Z,3210.12000000,3219.62000000,3170.47000000,3190.10000000,76321.05010000,1764835199999,2025-12-04T07:59:59.999000Z,243838768.61936100,719021,33174.80010000,105984369.86681500
1764835200000,2025-12-04T08:00:00Z,3190.10000000,3208.63000000,3175.51000000,3186.55000000,41332.43320000,1764849599999,2025-12-04T11:59:59.999000Z,131858087.80881500,660922,18825.40020000,60076385.33049600
1764849600000,2025-12-04T12:00:00Z,3186.55000000,3224.38000000,3139.72000000,3208.15000000,109395.53650000,1764863999999,2025-12-04T15:59:59.999000Z,347453166.30864500,1447033,59860.01560000,190108210.38848400
1764864000000,2025-12-04T16:00:00Z,3208.15000000,3225.00000000,3066.37000000,3119.27000000,123840.90660000,1764878399999,2025-12-04T19:59:59.999000Z,388712542.64509800,1605375,56758.13740000,178308808.95153200
1764878400000,2025-12-04T20:00:00Z,3119.26000000,3152.07000000,3105.90000000,3133.26000000,50748.99790000,1764892799999,2025-12-04T23:59:59.999000Z,158976769.81482800,833481,25523.63440000,79948463.68591100
1764892800000,2025-12-05T00:00:00Z,3133.26000000,3193.33000000,3132.45000000,3170.98000000,43830.02060000,1764907199999,2025-12-05T03:59:59.999000Z,138712595.89377200,628781,21749.33300000,68853173.44234400
1764907200000,2025-12-05T04:00:00Z,3170.98000000,3182.88000000,3152.00000000,3173.94000000,36417.07270000,1764921599999,2025-12-05T07:59:59.999000Z,115378411.75099400,548091,18050.37700000,57199427.33665600
1764921600000,2025-12-05T08:00:00Z,3173.95000000,3173.95000000,3107.82000000,3131.38000000,87970.96760000,1764935999999,2025-12-05T11:59:59.999000Z,275761374.73000200,850505,38856.24290000,121721568.43088600
1764936000000,2025-12-05T12:00:00Z,3131.38000000,3157.99000000,3082.75000000,3106.34000000,131005.09970000,1764950399999,2025-12-05T15:59:59.999000Z,408586289.62323100,1460819,60721.48840000,189510844.99212800
1764950400000,2025-12-05T16:00:00Z,3106.35000000,3108.73000000,2983.08000000,3038.49000000,180132.33010000,1764964799999,2025-12-05T19:59:59.999000Z,546270993.73461800,1873799,90022.13410000,272853027.19210500
1764964800000,2025-12-05T20:00:00Z,3038.50000000,3049.34000000,3006.78000000,3021.78000000,51027.40790000,1764979199999,2025-12-05T23:59:59.999000Z,154545724.25515200,650413,29629.18240000,89761806.16289700
1764979200000,2025-12-06T00:00:00Z,3021.77000000,3046.30000000,3012.58000000,3040.31000000,25507.02650000,1764993599999,2025-12-06T03:59:59.999000Z,77276190.01919100,394054,13130.03750000,39791075.07880900
1764993600000,2025-12-06T04:00:00Z,3040.31000000,3042.78000000,3024.35000000,3026.25000000,18352.25630000,1765007999999,2025-12-06T07:59:59.999000Z,55701891.41116000,246161,6989.57870000,21219338.51491500
1765008000000,2025-12-06T08:00:00Z,3026.25000000,3042.00000000,3013.25000000,3038.99000000,20383.77770000,1765022399999,2025-12-06T11:59:59.999000Z,61710893.25728300,325361,9081.37990000,27497750.09815200
1765022400000,2025-12-06T12:00:00Z,3038.98000000,3069.00000000,3026.50000000,3041.69000000,43669.98040000,1765036799999,2025-12-06T15:59:59.999000Z,132948101.11561900,502020,20693.05170000,63009088.92932200
1765036800000,2025-12-06T16:00:00Z,3041.69000000,3066.62000000,3025.00000000,3030.44000000,33248.82740000,1765051199999,2025-12-06T19:59:59.999000Z,101317557.35127000,438176,16869.16000000,51414255.29243400
1765051200000,2025-12-06T20:00:00Z,3030.45000000,3054.31000000,3026.16000000,3038.06000000,18559.38050000,1765065599999,2025-12-06T23:59:59.999000Z,56413904.08550800,338298,8515.87250000,25885859.54565200
1765065600000,2025-12-07T00:00:00Z,3038.06000000,3056.97000000,3032.47000000,3053.92000000,15546.93430000,1765079999999,2025-12-07T03:59:59.999000Z,47372503.25332700,293194,7463.24930000,22741722.95532200
1765080000000,2025-12-07T04:00:00Z,3053.93000000,3058.01000000,3031.21000000,3037.29000000,13660.35660000,1765094399999,2025-12-07T07:59:59.999000Z,41594834.46655600,217674,5825.79910000,17736828.52591500
1765094400000,2025-12-07T08:00:00Z,3037.28000000,3043.69000000,3024.07000000,3035.77000000,22816.86390000,1765108799999,2025-12-07T11:59:59.999000Z,69221454.10142400,288147,8273.00050000,25104330.44477200
1765108800000,2025-12-07T12:00:00Z,3035.77000000,3053.49000000,2907.52000000,3027.01000000,146482.46810000,1765123199999,2025-12-07T15:59:59.999000Z,436015791.79192000,1151623,72237.11250000,214939811.15289100
1765123200000,2025-12-07T16:00:00Z,3027.00000000,3150.00000000,2999.63000000,3137.92000000,123703.29870000,1765137599999,2025-12-07T19:59:59.999000Z,380597737.71601900,1180368,60604.43950000,186531661.99057900
1765137600000,2025-12-07T20:00:00Z,3137.91000000,3147.36000000,3013.73000000,3059.85000000,68919.75340000,1765151999999,2025-12-07T23:59:59.999000Z,211530180.32176400,1146661,32152.03890000,98624176.88991600
1765152000000,2025-12-08T00:00:00Z,3059.86000000,3134.73000000,3040.87000000,3111.01000000,62439.90040000,1765166399999,2025-12-08T03:59:59.999000Z,193301101.26074700,1017582,33171.43690000,102652381.04319900
1765166400000,2025-12-08T04:00:00Z,3111.01000000,3140.50000000,3108.53000000,3134.31000000,65181.90520000,1765180799999,2025-12-08T07:59:59.999000Z,203974685.20518100,708250,37687.79960000,117941622.96996200
1765180800000,2025-12-08T08:00:00Z,3134.31000000,3180.51000000,3125.10000000,3142.25000000,67113.04220000,1765195199999,2025-12-08T11:59:59.999000Z,211627545.93163900,814206,35889.49770000,113182005.78426500
1765195200000,2025-12-08T12:00:00Z,3142.25000000,3178.42000000,3088.83000000,3101.54000000,125289.79610000,1765209599999,2025-12-08T15:59:59.999000Z,392528538.03548600,1642358,55665.32530000,174508858.59286200
1765209600000,2025-12-08T16:00:00Z,3101.54000000,3133.00000000,3075.38000000,3118.64000000,89209.12470000,1765223999999,2025-12-08T19:59:59.999000Z,277587444.38016400,1429773,39879.56240000,124167033.37129500
1765224000000,2025-12-08T20:00:00Z,3118.65000000,3153.00000000,3112.88000000,3124.16000000,43586.45210000,1765238399999,2025-12-08T23:59:59.999000Z,136570130.22587800,715038,21932.02770000,68726318.05821200
1765238400000,2025-12-09T00:00:00Z,3124.16000000,3143.50000000,3090.80000000,3129.26000000,42586.42150000,1765252799999,2025-12-09T03:59:59.999000Z,132578852.62691400,742590,19722.32550000,61433298.04316000
1765252800000,2025-12-09T04:00:00Z,3129.27000000,3131.42000000,3095.12000000,3123.00000000,45669.32210000,1765267199999,2025-12-09T07:59:59.999000Z,142098346.09828200,628348,20318.08700000,63228785.40727300
1765267200000,2025-12-09T08:00:00Z,3123.00000000,3130.00000000,3093.00000000,3118.35000000,28056.40800000,1765281599999,2025-12-09T11:59:59.999000Z,87318299.95462700,532781,11824.33260000,36799202.85294200
1765281600000,2025-12-09T12:00:00Z,3118.35000000,3256.88000000,3098.58000000,3245.88000000,155154.14080000,1765295999999,2025-12-09T15:59:59.999000Z,491380055.62601100,1653286,71762.54100000,227578766.11130400
1765296000000,2025-12-09T16:00:00Z,3245.88000000,3397.85000000,3245.63000000,3357.88000000,241671.72990000,1765310399999,2025-12-09T19:59:59.999000Z,807381013.54171400,2175585,115538.11330000,385763957.15592600
1765310400000,2025-12-09T20:00:00Z,3357.87000000,3361.41000000,3285.00000000,3318.04000000,90721.92350000,1765324799999,2025-12-09T23:59:59.999000Z,301536272.92013900,1260692,41244.35960000,137107285.26655000
1765324800000,2025-12-10T00:00:00Z,3318.04000000,3328.20000000,3288.10000000,3309.73000000,45078.39760000,1765339199999,2025-12-10T03:59:59.999000Z,149147574.67401200,651158,22557.39310000,74646262.06096900
1765339200000,2025-12-10T04:00:00Z,3309.73000000,3334.66000000,3306.92000000,3327.21000000,42144.18140000,1765353599999,2025-12-10T07:59:59.999000Z,139964283.37255700,440294,19879.95640000,66021744.92604100
1765353600000,2025-12-10T08:00:00Z,3327.21000000,3376.00000000,3296.99000000,3318.39000000,73454.61940000,1765367999999,2025-12-10T11:59:59.999000Z,244650704.45247300,937466,38449.22910000,128132607.08473100
1765368000000,2025-12-10T12:00:00Z,3318.39000000,3339.14000000,3304.45000000,3328.25000000,64308.98480000,1765382399999,2025-12-10T15:59:59.999000Z,213706815.00907300,1205378,32063.88810000,106550184.80935900
1765382400000,2025-12-10T16:00:00Z,3328.25000000,3435.00000000,3320.72000000,3390.71000000,186919.89110000,1765396799999,2025-12-10T19:59:59.999000Z,632378909.12719500,2195279,95062.90990000,321787017.08499300
1765396800000,2025-12-10T20:00:00Z,3390.67000000,3447.44000000,3317.37000000,3324.14000000,127679.37920000,1765411199999,2025-12-10T23:59:59.999000Z,430890525.10030600,1725853,57488.46920000,194220942.86691600
1765411200000,2025-12-11T00:00:00Z,3324.14000000,3327.37000000,3167.07000000,3191.42000000,138432.01240000,1765425599999,2025-12-11T03:59:59.999000Z,447908165.56706000,1593802,60159.56060000,194497381.26959500
1765425600000,2025-12-11T04:00:00Z,3191.42000000,3216.16000000,3180.93000000,3201.51000000,49737.32180000,1765439999999,2025-12-11T07:59:59.999000Z,159241676.09669800,731079,23349.16230000,74764494.85271900
1765440000000,2025-12-11T08:00:00Z,3201.52000000,3213.00000000,3178.00000000,3192.75000000,38704.27000000,1765454399999,2025-12-11T11:59:59.999000Z,123700151.19501000,670329,17366.04040000,55522649.27745900
1765454400000,2025-12-11T12:00:00Z,3192.75000000,3210.00000000,3145.28000000,3179.25000000,92491.41110000,1765468799999,2025-12-11T15:59:59.999000Z,294501252.98734100,1392420,49055.85820000,156265112.95829500
1765468800000,2025-12-11T16:00:00Z,3179.24000000,3234.25000000,3155.00000000,3194.51000000,90002.78990000,1765483199999,2025-12-11T19:59:59.999000Z,287650379.00163100,1588890,46196.15410000,147700082.09196900
1765483200000,2025-12-11T20:00:00Z,3194.52000000,3273.40000000,3186.36000000,3237.39000000,94746.43390000,1765497599999,2025-12-11T23:59:59.999000Z,306732953.36613100,1290633,43248.76870000,140089908.50640700
1765497600000,2025-12-12T00:00:00Z,3237.38000000,3265.50000000,3185.20000000,3245.49000000,51913.29540000,1765511999999,2025-12-12T03:59:59.999000Z,167770982.30517900,980103,24965.40670000,80705203.98203300
1765512000000,2025-12-12T04:00:00Z,3245.49000000,3265.00000000,3232.79000000,3246.55000000,34036.65400000,1765526399999,2025-12-12T07:59:59.999000Z,110616123.65687400,532304,16336.71510000,53105873.86268800
1765526400000,2025-12-12T08:00:00Z,3246.55000000,3255.70000000,3225.92000000,3242.59000000,38271.96980000,1765540799999,2025-12-12T11:59:59.999000Z,124015439.64175700,532159,16136.99700000,52285267.87240400
1765540800000,2025-12-12T12:00:00Z,3242.59000000,3251.31000000,3058.12000000,3071.41000000,143185.81420000,1765555199999,2025-12-12T15:59:59.999000Z,451600204.45804200,1463422,60014.73010000,189534488.41264700
1765555200000,2025-12-12T16:00:00Z,3071.40000000,3099.88000000,3045.31000000,3073.74000000,142541.95370000,1765569599999,2025-12-12T19:59:59.999000Z,438065067.68444000,1963785,73700.08510000,226488254.36057800
1765569600000,2025-12-12T20:00:00Z,3073.74000000,3096.16000000,3067.61000000,3084.86000000,25736.75640000,1765583999999,2025-12-12T23:59:59.999000Z,79346942.11144200,476710,13511.21310000,41652486.76393400
1765584000000,2025-12-13T00:00:00Z,3084.86000000,3095.24000000,3078.60000000,3089.85000000,16683.08370000,1765598399999,2025-12-13T03:59:59.999000Z,51514132.59614500,223502,7342.45620000,22675344.10693000
1765598400000,2025-12-13T04:00:00Z,3089.86000000,3095.85000000,3084.11000000,3094.72000000,13025.15630000,1765612799999,2025-12-13T07:59:59.999000Z,40257431.57380400,165544,6003.92830000,18558062.42203600
1765612800000,2025-12-13T08:00:00Z,3094.72000000,3135.68000000,3092.59000000,3119.35000000,35477.13250000,1765627199999,2025-12-13T11:59:59.999000Z,110687895.62994200,452529,17492.20600000,54558553.80251900
1765627200000,2025-12-13T12:00:00Z,3119.36000000,3127.80000000,3095.12000000,3109.63000000,25324.47480000,1765641599999,2025-12-13T15:59:59.999000Z,78771825.23867900,405548,11797.58660000,36709317.87556700
1765641600000,2025-12-13T16:00:00Z,3109.63000000,3116.37000000,3096.05000000,3108.41000000,23595.44270000,1765655999999,2025-12-13T19:59:59.999000Z,73261254.76151000,269037,12534.67730000,38916557.86946400
1765656000000,2025-12-13T20:00:00Z,3108.41000000,3119.79000000,3079.00000000,3114.64000000,22360.46670000,1765670399999,2025-12-13T23:59:59.999000Z,69428064.23804200,339094,11527.77830000,35796581.56585900
1765670400000,2025-12-14T00:00:00Z,3114.64000000,3129.54000000,3103.49000000,3118.96000000,17318.87490000,1765684799999,2025-12-14T03:59:59.999000Z,54003713.80338000,260582,9158.31420000,28559767.09170600
1765684800000,2025-12-14T04:00:00Z,3118.97000000,3122.10000000,3104.59000000,3115.30000000,12759.86680000,1765699199999,2025-12-14T07:59:59.999000Z,39697767.72913300,193929,4793.94760000,14916336.46325000
1765699200000,2025-12-14T08:00:00Z,3115.30000000,3119.90000000,3050.01000000,3084.84000000,55728.58880000,1765713599999,2025-12-14T11:59:59.999000Z,172335825.67438300,585428,27012.05760000,83529994.48160200
1765713600000,2025-12-14T12:00:00Z,3084.84000000,3108.18000000,3070.42000000,3084.51000000,46359.23010000,1765727999999,2025-12-14T15:59:59.999000Z,143213448.05620100,816675,21580.15830000,66675080.46561000
1765728000000,2025-12-14T16:00:00Z,3084.51000000,3107.89000000,3074.29000000,3093.71000000,88491.95950000,1765742399999,2025-12-14T19:59:59.999000Z,273701307.14543900,744320,31568.66610000,97636116.37949400
1765742400000,2025-12-14T20:00:00Z,3093.71000000,3097.10000000,3024.44000000,3063.50000000,58399.83440000,1765756799999,2025-12-14T23:59:59.999000Z,179120426.12147800,910114,28771.42230000,88279842.13277300
1765756800000,2025-12-15T00:00:00Z,3063.49000000,3150.92000000,3056.70000000,3108.68000000,68229.90450000,1765771199999,2025-12-15T03:59:59.999000Z,211975527.98886500,1135565,36259.78070000,112640145.67895500
1765771200000,2025-12-15T04:00:00Z,3108.68000000,3145.00000000,3104.02000000,3128.90000000,34378.08940000,1765785599999,2025-12-15T07:59:59.999000Z,107484069.79185400,462221,18340.69550000,57336832.58680300
1765785600000,2025-12-15T08:00:00Z,3128.91000000,3177.50000000,3125.86000000,3156.73000000,45866.45030000,1765799999999,2025-12-15T11:59:59.999000Z,144614579.64221500,600961,23497.67360000,74075884.03446600
1765800000000,2025-12-15T12:00:00Z,3156.73000000,3159.14000000,2986.05000000,3010.96000000,165313.33970000,1765814399999,2025-12-15T15:59:59.999000Z,505579966.19633500,2036999,76111.55410000,232998702.59288000
1765814400000,2025-12-15T16:00:00Z,3010.97000000,3017.77000000,2894.57000000,2940.30000000,146722.78960000,1765828799999,2025-12-15T19:59:59.999000Z,433846092.95486000,2207552,72384.89910000,214102285.22206200
1765828800000,2025-12-15T20:00:00Z,2940.29000000,2969.29000000,2916.67000000,2964.85000000,59999.38200000,1765843199999,2025-12-15T23:59:59.999000Z,176482211.66543400,973817,33622.43010000,98910001.91595300
1765843200000,2025-12-16T00:00:00Z,2964.85000000,2978.26000000,2922.64000000,2937.00000000,50152.44950000,1765857599999,2025-12-16T03:59:59.999000Z,147910216.96320400,871599,24287.90240000,71666001.12632900
1765857600000,2025-12-16T04:00:00Z,2936.99000000,2951.45000000,2876.00000000,2924.11000000,65694.23870000,1765871999999,2025-12-16T07:59:59.999000Z,191795024.37757500,914807,28191.83330000,82330323.32283600
1765872000000,2025-12-16T08:00:00Z,2924.10000000,2964.14000000,2920.02000000,2957.93000000,50801.87010000,1765886399999,2025-12-16T11:59:59.999000Z,149306526.16377300,846881,20320.53710000,59758181.79438300
1765886400000,2025-12-16T12:00:00Z,2957.93000000,2981.87000000,2886.75000000,2963.31000000,117771.36220000,1765900799999,2025-12-16T15:59:59.999000Z,346158376.34442700,1975984,56957.46320000,167401979.41249800
1765900800000,2025-12-16T16:00:00Z,2963.31000000,2968.00000000,2912.15000000,2945.58000000,70556.53220000,1765915199999,2025-12-16T19:59:59.999000Z,207560731.64404000,1409590,36059.86770000,106098667.23914300
1765915200000,2025-12-16T20:00:00Z,2945.57000000,2965.73000000,2938.08000000,2962.30000000,23316.66320000,1765929599999,2025-12-16T23:59:59.999000Z,68851289.31131300,650762,11536.39110000,34067164.20841200
1765929600000,2025-12-17T00:00:00Z,2962.30000000,2974.27000000,2938.38000000,2947.80000000,21063.39510000,1765943999999,2025-12-17T03:59:59.999000Z,62238039.78791800,456133,9146.47580000,27034218.32222600
1765944000000,2025-12-17T04:00:00Z,2947.80000000,2953.98000000,2913.95000000,2947.92000000,40306.44140000,1765958399999,2025-12-17T07:59:59.999000Z,118341682.77667800,487496,18326.17100000,53821195.26091600
1765958400000,2025-12-17T08:00:00Z,2947.92000000,2947.92000000,2908.56000000,2928.71000000,28398.94240000,1765972799999,2025-12-17T11:59:59.999000Z,83104213.17809400,492062,13462.19410000,39390253.55638100
1765972800000,2025-12-17T12:00:00Z,2928.71000000,3030.92000000,2886.80000000,2904.66000000,202478.37880000,1765987199999,2025-12-17T15:59:59.999000Z,599110896.00996400,2018591,99092.48040000,293315443.44056000
1765987200000,2025-12-17T16:00:00Z,2904.65000000,2925.59000000,2791.02000000,2820.28000000,155552.71940000,1766001599999,2025-12-17T19:59:59.999000Z,442655863.43687900,2207720,76455.69620000,217660499.98570600
1766001600000,2025-12-17T20:00:00Z,2820.28000000,2837.80000000,2798.00000000,2833.49000000,49830.53910000,1766015999999,2025-12-17T23:59:59.999000Z,140656334.56014300,870841,25323.41630000,71491682.30963200
1766016000000,2025-12-18T00:00:00Z,2833.50000000,2847.65000000,2821.34000000,2832.06000000,30115.80100000,1766030399999,2025-12-18T03:59:59.999000Z,85288468.38943800,598685,14222.93040000,40285787.92920300
1766030400000,2025-12-18T04:00:00Z,2832.06000000,2841.76000000,2822.98000000,2836.45000000,25308.19250000,1766044799999,2025-12-18T07:59:59.999000Z,71692170.58645100,336628,10775.62480000,30527710.07313600
1766044800000,2025-12-18T08:00:00Z,2836.45000000,2864.46000000,2831.99000000,2859.09000000,30684.17220000,1766059199999,2025-12-18T11:59:59.999000Z,87466271.47168800,571759,16761.69870000,47783643.62833300
1766059200000,2025-12-18T12:00:00Z,2859.10000000,2997.40000000,2854.47000000,2965.19000000,215481.28100000,1766073599999,2025-12-18T15:59:59.999000Z,634521563.09521800,2440360,108925.40980000,320634859.03466800
1766073600000,2025-12-18T16:00:00Z,2965.19000000,2967.48000000,2775.19000000,2781.93000000,205062.63390000,1766087999999,2025-12-18T19:59:59.999000Z,584609916.04331800,2622896,100334.67780000,286171548.01236700
1766088000000,2025-12-18T20:00:00Z,2781.92000000,2838.25000000,2779.76000000,2828.57000000,88601.71910000,1766102399999,2025-12-18T23:59:59.999000Z,249109974.05437700,1231111,46627.20410000,131061745.69958200
1766102400000,2025-12-19T00:00:00Z,2828.56000000,2935.00000000,2808.63000000,2909.01000000,123898.42720000,1766116799999,2025-12-19T03:59:59.999000Z,357148432.57747800,1367310,54067.02780000,155349200.22644800
1766116800000,2025-12-19T04:00:00Z,2909.00000000,2984.33000000,2907.09000000,2951.73000000,96960.58590000,1766131199999,2025-12-19T07:59:59.999000Z,284960066.44077300,1027477,50976.88960000,149866789.46978200
1766131200000,2025-12-19T08:00:00Z,2951.72000000,2971.57000000,2938.01000000,2964.96000000,43082.58980000,1766145599999,2025-12-19T11:59:59.999000Z,127301985.53172400,688917,21277.52170000,62876236.92114700
1766145600000,2025-12-19T12:00:00Z,2964.97000000,3020.00000000,2943.13000000,2964.99000000,149054.67300000,1766159999999,2025-12-19T15:59:59.999000Z,443210153.34885600,1727677,75372.36980000,224233780.09639400
1766160000000,2025-12-19T16:00:00Z,2964.99000000,3007.06000000,2936.30000000,2985.02000000,93755.72910000,1766174399999,2025-12-19T19:59:59.999000Z,278695529.05941000,1499156,50310.27470000,149644172.52166100
1766174400000,2025-12-19T20:00:00Z,2985.02000000,3003.02000000,2974.72000000,2979.50000000,24950.53890000,1766188799999,2025-12-19T23:59:59.999000Z,74562352.35893900,637975,13650.90840000,40803516.65714400
1766188800000,2025-12-20T00:00:00Z,2979.49000000,2994.41000000,2970.98000000,2989.41000000,12846.45510000,1766203199999,2025-12-20T03:59:59.999000Z,38302533.77913100,280192,7048.31390000,21020738.05638100
1766203200000,2025-12-20T04:00:00Z,2989.42000000,2990.80000000,2964.17000000,2981.24000000,17802.91440000,1766217599999,2025-12-20T07:59:59.999000Z,53099158.33083800,221345,7377.85880000,22009474.37300000
1766217600000,2025-12-20T08:00:00Z,2981.24000000,2990.20000000,2975.14000000,2987.13000000,14432.69450000,1766231999999,2025-12-20T11:59:59.999000Z,43063371.32672200,245383,7103.61650000,21196665.98050400
1766232000000,2025-12-20T12:00:00Z,2987.14000000,2993.80000000,2967.44000000,2977.27000000,25699.31960000,1766246399999,2025-12-20T15:59:59.999000Z,76549030.61659700,288397,9834.23650000,29293093.96452700
1766246400000,2025-12-20T16:00:00Z,2977.26000000,2981.40000000,2974.34000000,2978.05000000,13056.86880000,1766260799999,2025-12-20T19:59:59.999000Z,38885591.31989500,160416,5068.37110000,15093401.46706800
1766260800000,2025-12-20T20:00:00Z,2978.06000000,2985.94000000,2972.85000000,2977.93000000,7945.52100000,1766275199999,2025-12-20T23:59:59.999000Z,23673992.83939800,154378,4209.12240000,12542225.16704900
1766275200000,2025-12-21T00:00:00Z,2977.93000000,2981.43000000,2961.42000000,2972.81000000,21624.48730000,1766289599999,2025-12-21T03:59:59.999000Z,64229932.49639600,251563,11366.52900000,33763055.54149600
1766289600000,2025-12-21T04:00:00Z,2972.80000000,2982.54000000,2971.75000000,2981.09000000,6058.04040000,1766303999999,2025-12-21T07:59:59.999000Z,18031953.17808100,108089,2528.61390000,7527009.56503400
1766304000000,2025-12-21T08:00:00Z,2981.09000000,3013.40000000,2977.61000000,2996.52000000,37511.98290000,1766318399999,2025-12-21T11:59:59.999000Z,112506838.18174700,452749,18681.46460000,56004724.01869400
1766318400000,2025-12-21T12:00:00Z,2996.52000000,3005.46000000,2944.00000000,2974.68000000,47803.64990000,1766332799999,2025-12-21T15:59:59.999000Z,141872317.18620400,842640,22071.53580000,65532270.38536800
1766332800000,2025-12-21T16:00:00Z,2974.69000000,2997.96000000,2967.74000000,2991.18000000,24256.67510000,1766347199999,2025-12-21T19:59:59.999000Z,72328219.81786000,392439,12133.56660000,36178900.96521600
1766347200000,2025-12-21T20:00:00Z,2991.19000000,3012.27000000,2970.75000000,3002.02000000,24989.97110000,1766361599999,2025-12-21T23:59:59.999000Z,74810758.66721700,427328,12086.57800000,36180804.89636800
1766361600000,2025-12-22T00:00:00Z,3002.03000000,3060.55000000,2972.48000000,3021.52000000,67518.02990000,1766375999999,2025-12-22T03:59:59.999000Z,203953312.20774500,1221035,35841.43490000,108305638.85403400
1766376000000,2025-12-22T04:00:00Z,3021.53000000,3042.87000000,3020.00000000,3029.67000000,23753.18370000,1766390399999,2025-12-22T07:59:59.999000Z,72006712.21272600,440097,10561.15130000,32016762.79778300
1766390400000,2025-12-22T08:00:00Z,3029.66000000,3058.38000000,3025.11000000,3049.04000000,35463.93820000,1766404799999,2025-12-22T11:59:59.999000Z,107870849.24705400,596270,17169.39600000,52228940.81651800
1766404800000,2025-12-22T12:00:00Z,3049.05000000,3077.39000000,3022.35000000,3052.59000000,70632.56520000,1766419199999,2025-12-22T15:59:59.999000Z,215522830.50850700,1434029,34171.49250000,104277832.84037600
1766419200000,2025-12-22T16:00:00Z,3052.59000000,3059.42000000,2974.23000000,2980.44000000,55772.38560000,1766433599999,2025-12-22T19:59:59.999000Z,168306785.34373300,1029129,22069.13680000,66621715.38082400
1766433600000,2025-12-22T20:00:00Z,2980.44000000,3015.37000000,2963.43000000,3009.49000000,45303.46070000,1766447999999,2025-12-22T23:59:59.999000Z,135396494.94639600,731509,23170.75740000,69263080.90982900
1766448000000,2025-12-23T00:00:00Z,3009.48000000,3035.79000000,2971.56000000,2991.80000000,52521.82130000,1766462399999,2025-12-23T03:59:59.999000Z,157843082.93353500,711616,25427.09480000,76398707.25673400
1766462400000,2025-12-23T04:00:00Z,2991.81000000,2999.97000000,2944.79000000,2964.89000000,70774.13460000,1766476799999,2025-12-23T07:59:59.999000Z,210007672.70320900,722587,37608.43940000,111568747.48291400
1766476800000,2025-12-23T08:00:00Z,2964.88000000,2975.35000000,2952.26000000,2973.63000000,22052.47850000,1766491199999,2025-12-23T11:59:59.999000Z,65401148.04651800,381356,9922.58780000,29429449.00627000
1766491200000,2025-12-23T12:00:00Z,2973.63000000,2974.47000000,2900.93000000,2928.59000000,96611.75450000,1766505599999,2025-12-23T15:59:59.999000Z,283638815.01911500,1310221,44085.17330000,129421515.04473000
1766505600000,2025-12-23T16:00:00Z,2928.59000000,2966.56000000,2908.95000000,2943.92000000,66566.67240000,1766519999999,2025-12-23T19:59:59.999000Z,195933600.61666300,972768,34609.87290000,101863873.85607600
1766520000000,2025-12-23T20:00:00Z,2943.95000000,2988.44000000,2940.89000000,2965.02000000,77938.88570000,1766534399999,2025-12-23T23:59:59.999000Z,231074933.74349200,725774,54741.29130000,162299884.06742700
1766534400000,2025-12-24T00:00:00Z,2965.03000000,2978.15000000,2921.03000000,2945.75000000,37427.16870000,1766548799999,2025-12-24T03:59:59.999000Z,110385539.23296100,535719,20901.21240000,61694883.90942800
1766548800000,2025-12-24T04:00:00Z,2945.75000000,2958.73000000,2917.12000000,2932.68000000,35394.64200000,1766563199999,2025-12-24T07:59:59.999000Z,103887941.61781800,433103,17302.05080000,50789896.20965700
1766563200000,2025-12-24T08:00:00Z,2932.69000000,2939.84000000,2914.35000000,2925.02000000,29363.68130000,1766577599999,2025-12-24T11:59:59.999000Z,85994727.47446500,417075,14214.38160000,41635573.71162800
1766577600000,2025-12-24T12:00:00Z,2925.02000000,2938.73000000,2888.70000000,2925.55000000,44957.60810000,1766591999999,2025-12-24T15:59:59.999000Z,131093668.19894900,917364,21947.72600000,64016855.73917700
1766592000000,2025-12-24T16:00:00Z,2925.54000000,2954.39000000,2921.37000000,2945.72000000,32340.05220000,1766606399999,2025-12-24T19:59:59.999000Z,95045806.75207000,626750,18356.02650000,53944386.84645200
1766606400000,2025-12-24T20:00:00Z,2945.73000000,2962.96000000,2941.73000000,2947.47000000,17552.40750000,1766620799999,2025-12-24T23:59:59.999000Z,51801604.58200300,264672,8681.14560000,25622829.72792900
1766620800000,2025-12-25T00:00:00Z,2947.48000000,2956.89000000,2936.89000000,2947.15000000,13645.16010000,1766635199999,2025-12-25T03:59:59.999000Z,40208491.09359200,224507,5271.24880000,15535259.70273000
1766635200000,2025-12-25T04:00:00Z,2947.16000000,2948.15000000,2938.12000000,2941.56000000,17963.74390000,1766649599999,2025-12-25T07:59:59.999000Z,52839698.60717900,181926,7437.64360000,21875594.99518100
1766649600000,2025-12-25T08:00:00Z,2941.57000000,2946.82000000,2912.00000000,2924.88000000,26993.28170000,1766663999999,2025-12-25T11:59:59.999000Z,78973819.44655900,344770,11187.29530000,32725532.19069800
1766664000000,2025-12-25T12:00:00Z,2924.88000000,2971.46000000,2920.00000000,2961.14000000,50360.94130000,1766678399999,2025-12-25T15:59:59.999000Z,148487452.23530300,517172,24555.21810000,72286245.25971900
1766678400000,2025-12-25T16:00:00Z,2961.14000000,2967.65000000,2943.75000000,2956.41000000,40199.70350000,1766692799999,2025-12-25T19:59:59.999000Z,118761538.26367000,351898,20584.26520000,60794739.37169600
1766692800000,2025-12-25T20:00:00Z,2956.41000000,2956.58000000,2891.20000000,2903.95000000,39558.46760000,1766707199999,2025-12-25T23:59:59.999000Z,115419625.84647600,563338,16951.72100000,49461092.40908300
1766707200000,2025-12-26T00:00:00Z,2903.90000000,2994.38000000,2894.26000000,2964.92000000,85472.06550000,1766721599999,2025-12-26T03:59:59.999000Z,252846474.17670600,1003012,42117.64800000,124477676.96910800
1766721600000,2025-12-26T04:00:00Z,2964.92000000,2993.27000000,2952.59000000,2956.83000000,56536.75280000,1766735999999,2025-12-26T07:59:59.999000Z,168096702.90443200,509120,28938.19970000,85985660.01685600
1766736000000,2025-12-26T08:00:00Z,2956.83000000,2976.53000000,2954.76000000,2964.75000000,27704.01270000,1766750399999,2025-12-26T11:59:59.999000Z,82178810.82127600,436108,14420.61460000,42769480.06199600
1766750400000,2025-12-26T12:00:00Z,2964.76000000,2985.89000000,2894.49000000,2923.19000000,102372.87410000,1766764799999,2025-12-26T15:59:59.999000Z,300198054.01541200,1257964,54323.26260000,159302796.96882600
1766764800000,2025-12-26T16:00:00Z,2923.20000000,2935.12000000,2906.98000000,2925.99000000,29323.55710000,1766779199999,2025-12-26T19:59:59.999000Z,85712225.19593000,592665,14002.70630000,40933252.32119200
1766779200000,2025-12-26T20:00:00Z,2925.99000000,2938.83000000,2921.49000000,2927.99000000,13421.73670000,1766793599999,2025-12-26T23:59:59.999000Z,39325517.10407600,263295,5568.86830000,16315426.36022200
1766793600000,2025-12-27T00:00:00Z,2928.00000000,2933.70000000,2921.33000000,2933.40000000,12504.40620000,1766807999999,2025-12-27T03:59:59.999000Z,36612402.80014000,149028,6386.09100000,18697361.46142100
1766808000000,2025-12-27T04:00:00Z,2933.39000000,2938.00000000,2928.11000000,2933.27000000,9579.62220000,1766822399999,2025-12-27T07:59:59.999000Z,28088000.40595000,96266,3848.99870000,11285064.19360400
1766822400000,2025-12-27T08:00:00Z,2933.27000000,2940.79000000,2917.25000000,2930.88000000,22992.08650000,1766836799999,2025-12-27T11:59:59.999000Z,67385577.78172500,217520,9287.01080000,27214015.81328300
1766836800000,2025-12-27T12:00:00Z,2930.88000000,2933.85000000,2925.25000000,2926.50000000,11659.57270000,1766851199999,2025-12-27T15:59:59.999000Z,34158677.05342400,140515,5352.73250000,15679151.68020200
1766851200000,2025-12-27T16:00:00Z,2926.50000000,2930.82000000,2917.13000000,2930.82000000,12392.45610000,1766865599999,2025-12-27T19:59:59.999000Z,36245989.99671700,139728,5870.78500000,17166408.71977100
1766865600000,2025-12-27T20:00:00Z,2930.81000000,2960.89000000,2928.89000000,2949.05000000,25912.25190000,1766879999999,2025-12-27T23:59:59.999000Z,76215448.29656200,261339,12540.35330000,36894743.03729200
1766880000000,2025-12-28T00:00:00Z,2949.05000000,2951.86000000,2941.14000000,2943.58000000,13874.22370000,1766894399999,2025-12-28T03:59:59.999000Z,40883811.46286700,179740,7152.04360000,21075674.03578100
1766894400000,2025-12-28T04:00:00Z,2943.57000000,2947.07000000,2929.50000000,2939.00000000,12300.15730000,1766908799999,2025-12-28T07:59:59.999000Z,36147136.89079300,182794,5718.18370000,16803318.67619600
1766908800000,2025-12-28T08:00:00Z,2938.99000000,2947.34000000,2931.56000000,2944.09000000,18702.57960000,1766923199999,2025-12-28T11:59:59.999000Z,55018945.84569000,218805,8696.44490000,25579553.62096000
1766923200000,2025-12-28T12:00:00Z,2944.09000000,2961.23000000,2937.78000000,2949.46000000,33669.67110000,1766937599999,2025-12-28T15:59:59.999000Z,99209474.91076600,271861,15942.58130000,46980752.48576600
1766937600000,2025-12-28T16:00:00Z,2949.47000000,2954.72000000,2924.54000000,2933.61000000,29530.26860000,1766951999999,2025-12-28T19:59:59.999000Z,86765547.16523100,318261,17660.52570000,51896415.36555700
1766952000000,2025-12-28T20:00:00Z,2933.60000000,2955.50000000,2928.89000000,2950.91000000,20757.23870000,1766966399999,2025-12-28T23:59:59.999000Z,61053229.15723100,313049,10204.21230000,30016841.83442600
1766966400000,2025-12-29T00:00:00Z,2950.91000000,3048.45000000,2944.54000000,3043.75000000,101995.36420000,1766980799999,2025-12-29T03:59:59.999000Z,305835086.66302500,1097778,51032.64840000,152997370.84710400
1766980800000,2025-12-29T04:00:00Z,3043.75000000,3057.78000000,3010.74000000,3019.51000000,103030.94620000,1766995199999,2025-12-29T07:59:59.999000Z,313086668.19819200,688109,42485.72870000,129084104.39166700
1766995200000,2025-12-29T08:00:00Z,3019.51000000,3026.51000000,2956.89000000,2959.91000000,84829.16650000,1767009599999,2025-12-29T11:59:59.999000Z,252652788.28865300,831982,41484.84880000,123511418.57849600
1767009600000,2025-12-29T12:00:00Z,2959.90000000,2965.85000000,2910.25000000,2935.75000000,119862.58970000,1767023999999,2025-12-29T15:59:59.999000Z,351891851.56485400,1503839,59116.19940000,173539981.32854300
1767024000000,2025-12-29T16:00:00Z,2935.75000000,2946.00000000,2914.03000000,2932.48000000,51908.42180000,1767038399999,2025-12-29T19:59:59.999000Z,152283795.04504900,693089,26367.09730000,77353985.26117000
1767038400000,2025-12-29T20:00:00Z,2932.47000000,2944.24000000,2926.04000000,2937.90000000,24332.69400000,1767052799999,2025-12-29T23:59:59.999000Z,71430028.17376600,347738,13068.63570000,38358587.35490500
1767052800000,2025-12-30T00:00:00Z,2937.91000000,2956.00000000,2919.44000000,2951.91000000,30076.55630000,1767067199999,2025-12-30T03:59:59.999000Z,88340391.19251100,504841,14941.47300000,43880660.33987900
1767067200000,2025-12-30T04:00:00Z,2951.92000000,2959.00000000,2937.39000000,2950.79000000,26514.31340000,1767081599999,2025-12-30T07:59:59.999000Z,78196959.00816600,357297,11294.59620000,33303390.28988900
1767081600000,2025-12-30T08:00:00Z,2950.79000000,3003.66000000,2950.20000000,2978.88000000,59053.35640000,1767095999999,2025-12-30T11:59:59.999000Z,176062875.52139600,737249,31257.20380000,93195630.50673400
1767096000000,2025-12-30T12:00:00Z,2978.88000000,3009.80000000,2958.88000000,2989.77000000,93742.77320000,1767110399999,2025-12-30T15:59:59.999000Z,279540783.08027300,1219117,48858.79240000,145675803.82724200
1767110400000,2025-12-30T16:00:00Z,2989.78000000,2995.28000000,2944.76000000,2971.56000000,54745.65840000,1767124799999,2025-12-30T19:59:59.999000Z,162740949.15236400,802223,28341.12630000,84248362.29892600
1767124800000,2025-12-30T20:00:00Z,2971.56000000,2975.96000000,2954.28000000,2973.69000000,22450.63020000,1767139199999,2025-12-30T23:59:59.999000Z,66616600.53489800,339163,11435.04310000,33927342.87340200
1767139200000,2025-12-31T00:00:00Z,2973.69000000,2984.86000000,2961.89000000,2970.69000000,20321.85070000,1767153599999,2025-12-31T03:59:59.999000Z,60458930.61751400,374246,10007.81680000,29770783.39011200
1767153600000,2025-12-31T04:00:00Z,2970.68000000,2980.00000000,2968.92000000,2976.98000000,17669.20100000,1767167999999,2025-12-31T07:59:59.999000Z,52567868.28121200,220775,6495.90330000,19324393.47690800
1767168000000,2025-12-31T08:00:00Z,2976.97000000,3003.64000000,2963.91000000,3002.20000000,54160.49180000,1767182399999,2025-12-31T11:59:59.999000Z,161719552.06647900,357985,24936.09030000,74469717.76448000
1767182400000,2025-12-31T12:00:00Z,3002.20000000,3028.08000000,2968.00000000,2985.76000000,77365.93240000,1767196799999,2025-12-31T15:59:59.999000Z,231779882.82641300,933233,40297.04920000,120710683.56503900
1767196800000,2025-12-31T16:00:00Z,2985.76000000,2997.40000000,2958.91000000,2971.15000000,38835.51560000,1767211199999,2025-12-31T19:59:59.999000Z,115602608.10333700,685729,20972.70380000,62441994.41467600
1767211200000,2025-12-31T20:00:00Z,2971.16000000,2984.86000000,2963.43000000,2971.64000000,25376.59720000,1767225599999,2025-12-31T23:59:59.999000Z,75471203.80525700,363464,13507.96290000,40173728.56971800
1767225600000,2026-01-01T00:00:00Z,2971.65000000,2988.96000000,2971.15000000,2980.00000000,14277.70370000,1767239999999,2026-01-01T03:59:59.999000Z,42578953.55291500,208284,8186.47070000,24410153.70149900
1767240000000,2026-01-01T04:00:00Z,2979.99000000,2983.79000000,2972.99000000,2978.53000000,24119.37450000,1767254399999,2026-01-01T07:59:59.999000Z,71824160.20018500,159773,13246.78000000,39439703.59507000
1767254400000,2026-01-01T08:00:00Z,2978.52000000,2993.20000000,2977.80000000,2989.69000000,18658.70120000,1767268799999,2026-01-01T11:59:59.999000Z,55695006.55035600,121817,7982.72790000,23828792.25780400
1767268800000,2026-01-01T12:00:00Z,2989.70000000,2994.87000000,2977.74000000,2989.87000000,24220.78590000,1767283199999,2026-01-01T15:59:59.999000Z,72306230.59755400,248284,10026.99610000,29933983.04716400
1767283200000,2026-01-01T16:00:00Z,2989.87000000,3005.98000000,2980.75000000,2995.42000000,28557.25960000,1767297599999,2026-01-01T19:59:59.999000Z,85396521.99222400,326175,14695.07540000,43945593.31279500
1767297600000,2026-01-01T20:00:00Z,2995.42000000,3010.00000000,2987.54000000,3004.19000000,26254.69580000,1767311999999,2026-01-01T23:59:59.999000Z,78746794.20492000,273879,12339.03590000,37000353.28033600
1767312000000,2026-01-02T00:00:00Z,3004.19000000,3035.00000000,2992.49000000,3022.53000000,40245.60680000,1767326399999,2026-01-02T03:59:59.999000Z,121258200.41750500,483871,24322.00890000,73264807.17649700
1767326400000,2026-01-02T04:00:00Z,3022.53000000,3039.54000000,3009.02000000,3018.33000000,25581.58800000,1767340799999,2026-01-02T07:59:59.999000Z,77342499.07184600,399393,13427.12790000,40605811.04748000
1767340800000,2026-01-02T08:00:00Z,3018.32000000,3069.71000000,3015.95000000,3047.82000000,67146.88370000,1767355199999,2026-01-02T11:59:59.999000Z,204808381.94810700,680050,35143.65290000,107155052.90228400
1767355200000,2026-01-02T12:00:00Z,3047.81000000,3109.00000000,3020.79000000,3086.64000000,103779.65480000,1767369599999,2026-01-02T15:59:59.999000Z,318454989.60442500,1538745,56839.86240000,174446819.67509100
1767369600000,2026-01-02T16:00:00Z,3086.64000000,3150.01000000,3079.23000000,3123.62000000,103511.24000000,1767383999999,2026-01-02T19:59:59.999000Z,323089193.87457600,1653821,50486.90980000,157617120.53536600
1767384000000,2026-01-02T20:00:00Z,3123.63000000,3146.00000000,3111.52000000,3125.45000000,29626.27160000,1767398399999,2026-01-02T23:59:59.999000Z,92665812.28828000,520600,14837.47720000,46420865.03525000
1767398400000,2026-01-03T00:00:00Z,3125.46000000,3136.71000000,3119.26000000,3125.56000000,21639.93510000,1767412799999,2026-01-03T03:59:59.999000Z,67659413.43176400,289441,10187.82390000,31854969.29612900
1767412800000,2026-01-03T04:00:00Z,3125.56000000,3127.79000000,3076.00000000,3090.50000000,37848.57680000,1767427199999,2026-01-03T07:59:59.999000Z,117325486.05183000,446975,16781.02600000,52002924.62224200
1767427200000,2026-01-03T08:00:00Z,3090.49000000,3110.56000000,3083.86000000,3098.49000000,24186.44090000,1767441599999,2026-01-03T11:59:59.999000Z,74948221.11404200,402894,12795.19760000,39651714.63104500
1767441600000,2026-01-03T12:00:00Z,3098.50000000,3114.61000000,3093.47000000,3101.31000000,21597.53100000,1767455999999,2026-01-03T15:59:59.999000Z,67047477.59354100,287753,11607.58050000,36034448.20876700
1767456000000,2026-01-03T16:00:00Z,3101.32000000,3118.55000000,3098.33000000,3113.13000000,13958.28980000,1767470399999,2026-01-03T19:59:59.999000Z,43406326.14342500,176990,7207.91250000,22419400.53233100
1767470400000,2026-01-03T20:00:00Z,3113.13000000,3131.00000000,3107.49000000,3127.11000000,15174.45220000,1767484799999,2026-01-03T23:59:59.999000Z,47359872.17753500,219198,8210.26620000,25623217.17435800
1767484800000,2026-01-04T00:00:00Z,3127.11000000,3167.22000000,3126.35000000,3147.36000000,48314.70560000,1767499199999,2026-01-04T03:59:59.999000Z,152083782.69346000,569480,27925.49970000,87902516.87329000
1767499200000,2026-01-04T04:00:00Z,3147.36000000,3163.19000000,3133.57000000,3141.29000000,39164.63500000,1767513599999,2026-01-04T07:59:59.999000Z,123222810.27094500,362773,20767.81140000,65338479.90766000
1767513600000,2026-01-04T08:00:00Z,3141.29000000,3148.30000000,3126.00000000,3139.54000000,25325.44150000,1767527999999,2026-01-04T11:59:59.999000Z,79480435.58311900,386737,10496.81440000,32941857.91424300
1767528000000,2026-01-04T12:00:00Z,3139.55000000,3147.26000000,3118.75000000,3135.55000000,25571.05360000,1767542399999,2026-01-04T15:59:59.999000Z,80173771.94258500,370526,11955.41730000,37488921.13008100
1767542400000,2026-01-04T16:00:00Z,3135.55000000,3143.60000000,3118.98000000,3132.72000000,22056.35940000,1767556799999,2026-01-04T19:59:59.999000Z,69091898.19355300,307114,12393.24710000,38817954.45199600
1767556800000,2026-01-04T20:00:00Z,3132.72000000,3155.85000000,3130.85000000,3144.70000000,21143.87350000,1767571199999,2026-01-04T23:59:59.999000Z,66464886.96489200,264869,11245.07990000,35347244.61540700
1767571200000,2026-01-05T00:00:00Z,3144.71000000,3220.82000000,3143.54000000,3185.86000000,78748.06230000,1767585599999,2026-01-05T03:59:59.999000Z,250711646.42616200,884326,39716.75290000,126428848.25620400
1767585600000,2026-01-05T04:00:00Z,3185.86000000,3188.35000000,3135.31000000,3157.33000000,46393.43120000,1767599999999,2026-01-05T07:59:59.999000Z,146579181.49771600,504482,20381.77130000,64388707.68864600
1767600000000,2026-01-05T08:00:00Z,3157.24000000,3183.64000000,3153.12000000,3180.27000000,35017.82470000,1767614399999,2026-01-05T11:59:59.999000Z,110955694.66781400,545817,16461.28000000,52164281.73382600
1767614400000,2026-01-05T12:00:00Z,3180.28000000,3205.00000000,3135.02000000,3195.57000000,75457.21820000,1767628799999,2026-01-05T15:59:59.999000Z,238935844.18857800,1294737,37755.54930000,119556117.20512000
1767628800000,2026-01-05T16:00:00Z,3195.58000000,3229.99000000,3159.48000000,3223.07000000,84699.98380000,1767643199999,2026-01-05T19:59:59.999000Z,271109777.97234900,1251761,43111.92620000,138027435.68681300
1767643200000,2026-01-05T20:00:00Z,3223.07000000,3265.66000000,3220.00000000,3224.99000000,62130.14160000,1767657599999,2026-01-05T23:59:59.999000Z,201356698.72886800,920859,31529.15390000,102190420.05019000
1767657600000,2026-01-06T00:00:00Z,3224.99000000,3247.30000000,3203.34000000,3225.10000000,41660.20450000,1767671999999,2026-01-06T03:59:59.999000Z,134221933.56576900,648730,21349.26180000,68798917.90778400
1767672000000,2026-01-06T04:00:00Z,3225.10000000,3253.76000000,3211.37000000,3219.24000000,43424.56580000,1767686399999,2026-01-06T07:59:59.999000Z,140247235.98350000,527019,20674.19330000,66787927.61177200
1767686400000,2026-01-06T08:00:00Z,3219.24000000,3242.98000000,3214.52000000,3238.08000000,31791.57480000,1767700799999,2026-01-06T11:59:59.999000Z,102658761.03333400,464263,15886.35770000,51304044.17386400
1767700800000,2026-01-06T12:00:00Z,3238.09000000,3308.86000000,3230.00000000,3272.32000000,128299.73240000,1767715199999,2026-01-06T15:59:59.999000Z,420552998.82084800,1352581,69324.22940000,227213470.63021400
1767715200000,2026-01-06T16:00:00Z,3272.31000000,3279.36000000,3183.27000000,3223.57000000,114076.95400000,1767729599999,2026-01-06T19:59:59.999000Z,368908871.23305800,1447972,49799.41290000,160939722.07643400
1767729600000,2026-01-06T20:00:00Z,3223.57000000,3301.60000000,3223.11000000,3296.84000000,53250.47510000,1767743999999,2026-01-06T23:59:59.999000Z,174274019.31774600,869506,27283.34440000,89268359.25110100
1767744000000,2026-01-07T00:00:00Z,3296.83000000,3296.84000000,3239.44000000,3266.83000000,42293.99430000,1767758399999,2026-01-07T03:59:59.999000Z,138001743.08291400,749990,20418.52870000,66606725.61149300
1767758400000,2026-01-07T04:00:00Z,3266.84000000,3271.81000000,3246.75000000,3255.31000000,22149.39160000,1767772799999,2026-01-07T07:59:59.999000Z,72147242.12926800,346037,9719.07290000,31659912.60384100
1767772800000,2026-01-07T08:00:00Z,3255.31000000,3263.37000000,3196.23000000,3220.24000000,64927.43870000,1767787199999,2026-01-07T11:59:59.999000Z,209138130.75431200,735324,29327.73400000,94413301.07389200
1767787200000,2026-01-07T12:00:00Z,3220.25000000,3229.05000000,3144.37000000,3164.70000000,91685.58270000,1767801599999,2026-01-07T15:59:59.999000Z,291875570.12179700,1385509,43875.64100000,139656873.83509100
1767801600000,2026-01-07T16:00:00Z,3164.71000000,3179.69000000,3125.42000000,3146.02000000,58204.19410000,1767815999999,2026-01-07T19:59:59.999000Z,183518827.16065600,992160,28634.21240000,90293157.72961900
1767816000000,2026-01-07T20:00:00Z,3146.02000000,3181.78000000,3128.13000000,3168.72000000,42089.52110000,1767830399999,2026-01-07T23:59:59.999000Z,132767211.43889200,630256,22669.72940000,71549954.83597100
1767830400000,2026-01-08T00:00:00Z,3168.72000000,3184.39000000,3133.56000000,3142.88000000,39920.82530000,1767844799999,2026-01-08T03:59:59.999000Z,126229758.84970600,665977,19320.91740000,61106510.65825700
1767844800000,2026-01-08T04:00:00Z,3142.88000000,3161.24000000,3090.04000000,3128.28000000,59556.32340000,1767859199999,2026-01-08T07:59:59.999000Z,186060296.89820100,738345,26834.63980000,83847236.67677800
1767859200000,2026-01-08T08:00:00Z,3128.29000000,3136.56000000,3096.68000000,3121.24000000,46446.00650000,1767873599999,2026-01-08T11:59:59.999000Z,144883873.33760300,646633,22169.50450000,69147960.70483500
1767873600000,2026-01-08T12:00:00Z,3121.25000000,3121.49000000,3054.65000000,3104.20000000,115339.83260000,1767887999999,2026-01-08T15:59:59.999000Z,356165726.47371000,1510585,61256.16740000,189178943.94210900
1767888000000,2026-01-08T16:00:00Z,3104.19000000,3140.00000000,3090.20000000,3111.53000000,53648.43490000,1767902399999,2026-01-08T19:59:59.999000Z,167239292.28923000,882482,24515.01980000,76442866.72954300
1767902400000,2026-01-08T20:00:00Z,3111.53000000,3130.38000000,3089.39000000,3106.65000000,28704.67780000,1767916799999,2026-01-08T23:59:59.999000Z,89267072.19425300,538401,13738.68770000,42726965.31844800
1767916800000,2026-01-09T00:00:00Z,3106.66000000,3148.41000000,3081.34000000,3119.60000000,49958.42800000,1767931199999,2026-01-09T03:59:59.999000Z,155500670.91368800,547080,23856.74840000,74286598.37924000
1767931200000,2026-01-09T04:00:00Z,3119.60000000,3125.71000000,3110.39000000,3111.20000000,17294.12780000,1767945599999,2026-01-09T07:59:59.999000Z,53928250.04431000,269189,8805.78060000,27458976.11090100
1767945600000,2026-01-09T08:00:00Z,3111.21000000,3115.37000000,3067.44000000,3090.36000000,40427.36910000,1767959999999,2026-01-09T11:59:59.999000Z,125003507.53220000,615306,18808.41630000,58176504.00796800
1767960000000,2026-01-09T12:00:00Z,3090.36000000,3143.00000000,3058.69000000,3112.08000000,86674.20140000,1767974399999,2026-01-09T15:59:59.999000Z,268672169.53830300,1264047,44637.46120000,138423411.00396800
1767974400000,2026-01-09T16:00:00Z,3112.08000000,3145.45000000,3068.94000000,3080.60000000,56163.57710000,1767988799999,2026-01-09T19:59:59.999000Z,174540426.28437600,1038422,28028.89480000,87176341.77960200
1767988800000,2026-01-09T20:00:00Z,3080.60000000,3093.35000000,3065.23000000,3088.40000000,24069.74990000,1768003199999,2026-01-09T23:59:59.999000Z,74201958.61267600,448526,13132.37010000,40489367.40270100
1768003200000,2026-01-10T00:00:00Z,3088.40000000,3094.61000000,3080.10000000,3086.51000000,10803.58600000,1768017599999,2026-01-10T03:59:59.999000Z,33349044.19549800,170826,5284.35170000,16314561.12103100
1768017600000,2026-01-10T04:00:00Z,3086.51000000,3093.38000000,3077.99000000,3092.77000000,20280.09510000,1768031999999,2026-01-10T07:59:59.999000Z,62548053.94466100,153243,10085.70610000,31104410.21515100
1768032000000,2026-01-10T08:00:00Z,3092.77000000,3104.12000000,3087.37000000,3096.99000000,19119.59530000,1768046399999,2026-01-10T11:59:59.999000Z,59214720.92736600,152896,11786.05390000,36493025.36162400
1768046400000,2026-01-10T12:00:00Z,3096.99000000,3104.01000000,3088.81000000,3095.64000000,12501.09340000,1768060799999,2026-01-10T15:59:59.999000Z,38711365.54776000,160344,6930.07530000,21460008.26439800
1768060800000,2026-01-10T16:00:00Z,3095.63000000,3099.37000000,3090.08000000,3092.12000000,8420.09520000,1768075199999,2026-01-10T19:59:59.999000Z,26055249.95798300,95545,4430.05190000,13707560.78240500
1768075200000,2026-01-10T20:00:00Z,3092.13000000,3093.30000000,3078.71000000,3086.72000000,11216.58960000,1768089599999,2026-01-10T23:59:59.999000Z,34617289.42937500,148215,6172.92390000,19051343.08044000
1768089600000,2026-01-11T00:00:00Z,3086.72000000,3097.53000000,3084.46000000,3096.78000000,6690.16030000,1768103999999,2026-01-11T03:59:59.999000Z,20688764.86566100,131856,3692.78410000,11418608.50205300
1768104000000,2026-01-11T04:00:00Z,3096.78000000,3102.42000000,3090.00000000,3095.32000000,10462.92550000,1768118399999,2026-01-11T07:59:59.999000Z,32405321.91093800,113477,5164.61300000,15995398.21372100
1768118400000,2026-01-11T08:00:00Z,3095.32000000,3109.78000000,3092.70000000,3105.22000000,16569.45840000,1768132799999,2026-01-11T11:59:59.999000Z,51428240.39220100,139256,8329.94950000,25853189.59982200
1768132800000,2026-01-11T12:00:00Z,3105.22000000,3131.00000000,3105.00000000,3118.22000000,35550.03100000,1768147199999,2026-01-11T15:59:59.999000Z,110748101.72278200,338797,18605.58310000,57966622.01661500
1768147200000,2026-01-11T16:00:00Z,3118.22000000,3147.27000000,3115.63000000,3124.36000000,36016.84370000,1768161599999,2026-01-11T19:59:59.999000Z,112782298.28370300,303696,19614.10900000,61421042.81065300
1768161600000,2026-01-11T20:00:00Z,3124.36000000,3126.15000000,3092.59000000,3123.45000000,44091.87760000,1768175999999,2026-01-11T23:59:59.999000Z,137174920.40771700,495420,22114.18040000,68815790.64030900
1768176000000,2026-01-12T00:00:00Z,3123.46000000,3171.49000000,3097.24000000,3152.55000000,72306.44110000,1768190399999,2026-01-12T03:59:59.999000Z,227129509.97383600,962354,38590.71800000,121210000.59405200
1768190400000,2026-01-12T04:00:00Z,3152.56000000,3166.90000000,3133.52000000,3135.34000000,25464.26070000,1768204799999,2026-01-12T07:59:59.999000Z,80331814.06305900,315827,11034.91710000,34816659.19159900
1768204800000,2026-01-12T08:00:00Z,3135.33000000,3147.62000000,3101.48000000,3115.43000000,40245.08710000,1768219199999,2026-01-12T11:59:59.999000Z,125538913.02300600,626658,20582.25090000,64209550.16215200
1768219200000,2026-01-12T12:00:00Z,3115.43000000,3133.52000000,3065.55000000,3130.17000000,73683.73550000,1768233599999,2026-01-12T15:59:59.999000Z,228477459.45492500,983998,35465.64680000,109986308.57940500
1768233600000,2026-01-12T16:00:00Z,3130.17000000,3146.66000000,3083.50000000,3121.83000000,57077.67910000,1768247999999,2026-01-12T19:59:59.999000Z,177899016.02091800,942739,28064.93080000,87473897.87389000
1768248000000,2026-01-12T20:00:00Z,3121.82000000,3127.75000000,3083.54000000,3095.75000000,28596.26460000,1768262399999,2026-01-12T23:59:59.999000Z,88647829.76025700,472029,11431.48530000,35443636.35345900
1768262400000,2026-01-13T00:00:00Z,3095.75000000,3119.01000000,3091.96000000,3116.14000000,22531.13350000,1768276799999,2026-01-13T03:59:59.999000Z,69960561.91674500,383431,12573.12240000,39044666.81130600
1768276800000,2026-01-13T04:00:00Z,3116.14000000,3146.55000000,3112.46000000,3122.01000000,38274.26130000,1768291199999,2026-01-13T07:59:59.999000Z,119810547.77733100,432421,18660.02690000,58407411.12519900
1768291200000,2026-01-13T08:00:00Z,3122.00000000,3148.33000000,3122.00000000,3133.95000000,33910.39540000,1768305599999,2026-01-13T11:59:59.999000Z,106295004.27785000,432776,18594.99670000,58280995.75276200
1768305600000,2026-01-13T12:00:00Z,3133.95000000,3188.47000000,3130.00000000,3184.41000000,96545.24060000,1768319999999,2026-01-13T15:59:59.999000Z,304279297.19907900,1157853,52034.88240000,164054752.06384800
1768320000000,2026-01-13T16:00:00Z,3184.41000000,3218.61000000,3172.00000000,3215.90000000,73955.93380000,1768334399999,2026-01-13T19:59:59.999000Z,236022434.37691600,1172339,37826.01960000,120734805.77755500
1768334400000,2026-01-13T20:00:00Z,3215.91000000,3367.79000000,3190.56000000,3325.82000000,192565.31700000,1768348799999,2026-01-13T23:59:59.999000Z,634615456.57695600,1298096,100044.89680000,329447681.06161600
1768348800000,2026-01-14T00:00:00Z,3325.83000000,3357.56000000,3315.15000000,3351.95000000,85543.41500000,1768363199999,2026-01-14T03:59:59.999000Z,285103810.30403500,784401,39211.35520000,130722455.30484000
1768363200000,2026-01-14T04:00:00Z,3351.94000000,3364.64000000,3322.01000000,3335.78000000,63136.24590000,1768377599999,2026-01-14T07:59:59.999000Z,210640332.54904300,540347,30543.62450000,101917031.79119100
1768377600000,2026-01-14T08:00:00Z,3335.78000000,3342.64000000,3282.59000000,3286.22000000,58774.12120000,1768391999999,2026-01-14T11:59:59.999000Z,194770832.62002300,545919,25410.81950000,84215911.61687400
1768392000000,2026-01-14T12:00:00Z,3286.22000000,3362.17000000,3280.48000000,3345.81000000,107556.32600000,1768406399999,2026-01-14T15:59:59.999000Z,358057467.49215000,1241532,55061.00770000,183336010.56413100
1768406400000,2026-01-14T16:00:00Z,3345.81000000,3402.89000000,3315.51000000,3367.42000000,136432.62720000,1768420799999,2026-01-14T19:59:59.999000Z,458932951.91792700,1529555,69844.62560000,234998420.29692000
1768420800000,2026-01-14T20:00:00Z,3367.42000000,3392.94000000,3347.83000000,3354.92000000,51997.34060000,1768435199999,2026-01-14T23:59:59.999000Z,175143105.45662000,709656,22529.77860000,75901304.21933300
1768435200000,2026-01-15T00:00:00Z,3354.92000000,3355.80000000,3278.00000000,3286.55000000,57564.06280000,1768449599999,2026-01-15T03:59:59.999000Z,190769807.02797100,653130,22477.62100000,74481119.34777600
1768449600000,2026-01-15T04:00:00Z,3286.56000000,3335.15000000,3284.84000000,3330.00000000,36938.09880000,1768463999999,2026-01-15T07:59:59.999000Z,122372256.79324400,488511,17583.10680000,58246548.05885100
1768464000000,2026-01-15T08:00:00Z,3329.99000000,3378.75000000,3320.17000000,3349.96000000,56429.51160000,1768478399999,2026-01-15T11:59:59.999000Z,189320415.17791700,578821,28247.87090000,94789404.95645600
1768478400000,2026-01-15T12:00:00Z,3349.96000000,3384.19000000,3285.79000000,3330.65000000,109387.00460000,1768492799999,2026-01-15T15:59:59.999000Z,365504248.14021700,1342387,51706.34960000,172837516.34577800
1768492800000,2026-01-15T16:00:00Z,3330.66000000,3337.56000000,3273.72000000,3295.48000000,95663.68140000,1768507199999,2026-01-15T19:59:59.999000Z,316435315.42772900,1246351,46635.76300000,154386506.06623800
1768507200000,2026-01-15T20:00:00Z,3295.47000000,3323.32000000,3276.70000000,3318.69000000,34011.47680000,1768521599999,2026-01-15T23:59:59.999000Z,112226207.99914200,457190,15455.36980000,51020410.64137000
1768521600000,2026-01-16T00:00:00Z,3318.70000000,3326.79000000,3291.89000000,3295.21000000,26232.68950000,1768535999999,2026-01-16T03:59:59.999000Z,86749126.27409800,419192,12099.65820000,40012861.34361800
1768536000000,2026-01-16T04:00:00Z,3295.22000000,3316.99000000,3277.04000000,3309.41000000,39155.79340000,1768550399999,2026-01-16T07:59:59.999000Z,129214856.78914100,375374,17595.46970000,58074484.46389300
1768550400000,2026-01-16T08:00:00Z,3309.42000000,3319.97000000,3293.33000000,3301.94000000,24987.77870000,1768564799999,2026-01-16T11:59:59.999000Z,82639137.17564600,386704,10700.41590000,35395124.14715400
1768564800000,2026-01-16T12:00:00Z,3301.94000000,3318.61000000,3253.01000000,3264.18000000,65806.19230000,1768579199999,2026-01-16T15:59:59.999000Z,216375887.90217900,1146837,31283.97420000,102858607.59823800
1768579200000,2026-01-16T16:00:00Z,3264.17000000,3288.42000000,3259.83000000,3276.94000000,40718.88600000,1768593599999,2026-01-16T19:59:59.999000Z,133442549.61259500,788855,22606.75310000,74086355.90603800
1768593600000,2026-01-16T20:00:00Z,3276.94000000,3299.89000000,3264.42000000,3296.28000000,27020.44770000,1768607999999,2026-01-16T23:59:59.999000Z,88856950.99617400,411286,14872.89040000,48906871.29899700
1768608000000,2026-01-17T00:00:00Z,3296.28000000,3297.34000000,3283.96000000,3289.32000000,11302.55070000,1768622399999,2026-01-17T03:59:59.999000Z,37195337.76037600,170806,4288.23720000,14111131.30449300
1768622400000,2026-01-17T04:00:00Z,3289.33000000,3294.12000000,3285.99000000,3291.57000000,8025.45660000,1768636799999,2026-01-17T07:59:59.999000Z,26405041.65088600,116609,3901.47920000,12837232.36139100
1768636800000,2026-01-17T08:00:00Z,3291.56000000,3305.32000000,3289.01000000,3302.72000000,19466.08160000,1768651199999,2026-01-17T11:59:59.999000Z,64198074.84988200,172227,11054.01490000,36463374.02094700
1768651200000,2026-01-17T12:00:00Z,3302.72000000,3330.07000000,3299.77000000,3329.95000000,42521.61030000,1768665599999,2026-01-17T15:59:59.999000Z,141084931.55539700,302019,27007.63400000,89615937.95918800
1768665600000,2026-01-17T16:00:00Z,3329.95000000,3330.26000000,3312.22000000,3316.36000000,27286.94490000,1768679999999,2026-01-17T19:59:59.999000Z,90596915.30790000,254385,14623.45080000,48559138.09136800
1768680000000,2026-01-17T20:00:00Z,3316.36000000,3320.33000000,3297.44000000,3310.56000000,15722.38620000,1768694399999,2026-01-17T23:59:59.999000Z,52028567.26706900,213568,7768.76910000,25713096.71755000
1768694400000,2026-01-18T00:00:00Z,3310.56000000,3319.50000000,3296.34000000,3316.16000000,14955.00730000,1768708799999,2026-01-18T03:59:59.999000Z,49449341.94997300,274674,6755.58130000,22342605.38405300
1768708800000,2026-01-18T04:00:00Z,3316.15000000,3318.36000000,3306.40000000,3307.30000000,19441.76680000,1768723199999,2026-01-18T07:59:59.999000Z,64411782.57571900,205007,12439.49890000,41214056.25406500
1768723200000,2026-01-18T08:00:00Z,3307.30000000,3326.20000000,3303.52000000,3322.00000000,26425.78910000,1768737599999,2026-01-18T11:59:59.999000Z,87699651.04785800,263440,16749.17840000,55577616.09398800
1768737600000,2026-01-18T12:00:00Z,3322.00000000,3347.75000000,3314.64000000,3333.99000000,32494.89080000,1768751999999,2026-01-18T15:59:59.999000Z,108229509.36244000,407444,16049.92390000,53478303.84414500
1768752000000,2026-01-18T16:00:00Z,3334.00000000,3368.82000000,3330.05000000,3346.56000000,28977.75520000,1768766399999,2026-01-18T19:59:59.999000Z,97093149.79914600,410609,15083.53670000,50531544.48216400
1768766400000,2026-01-18T20:00:00Z,3346.56000000,3356.26000000,3278.86000000,3284.03000000,51059.09340000,1768780799999,2026-01-18T23:59:59.999000Z,169418081.79512000,666278,25979.08000000,86280846.02317300
1768780800000,2026-01-19T00:00:00Z,3284.04000000,3284.58000000,3177.68000000,3212.29000000,189671.13610000,1768795199999,2026-01-19T03:59:59.999000Z,610074734.03488000,1630290,87789.82770000,282401742.01079700
1768795200000,2026-01-19T04:00:00Z,3212.28000000,3218.02000000,3187.88000000,3207.47000000,86267.35460000,1768809599999,2026-01-19T07:59:59.999000Z,276445092.15231600,511273,52177.10810000,167263252.85694400
1768809600000,2026-01-19T08:00:00Z,3207.47000000,3231.27000000,3197.30000000,3223.91000000,62305.84340000,1768823999999,2026-01-19T11:59:59.999000Z,200426963.33609300,570879,36379.82150000,117077759.01690300
1768824000000,2026-01-19T12:00:00Z,3223.91000000,3236.26000000,3202.85000000,3216.21000000,39678.10610000,1768838399999,2026-01-19T15:59:59.999000Z,127764115.62834200,559934,19884.62300000,64060451.46753800
1768838400000,2026-01-19T16:00:00Z,3216.20000000,3227.17000000,3208.50000000,3219.95000000,20446.96470000,1768852799999,2026-01-19T19:59:59.999000Z,65801797.74208300,480450,8712.77240000,28042086.14138600
1768852800000,2026-01-19T20:00:00Z,3219.95000000,3225.43000000,3165.38000000,3189.55000000,44171.15470000,1768867199999,2026-01-19T23:59:59.999000Z,141075561.00454700,653338,20763.52120000,66284956.09100000
1768867200000,2026-01-20T00:00:00Z,3189.56000000,3200.50000000,3175.53000000,3188.67000000,31249.15240000,1768881599999,2026-01-20T03:59:59.999000Z,99658329.11357600,652548,16988.65730000,54188961.41120500
1768881600000,2026-01-20T04:00:00Z,3188.68000000,3189.23000000,3109.37000000,3123.37000000,92886.95920000,1768895999999,2026-01-20T07:59:59.999000Z,291868491.81995500,1121911,39946.15810000,125510588.06084100
1768896000000,2026-01-20T08:00:00Z,3123.37000000,3123.84000000,3085.17000000,3109.88000000,80416.52770000,1768910399999,2026-01-20T11:59:59.999000Z,249396747.83891800,1034157,44398.41250000,137686296.32914000
1768910400000,2026-01-20T12:00:00Z,3109.88000000,3115.00000000,2995.33000000,3032.99000000,151528.89060000,1768924799999,2026-01-20T15:59:59.999000Z,462379448.95740200,1950847,72154.20040000,220401518.70638500
1768924800000,2026-01-20T16:00:00Z,3033.00000000,3042.92000000,2980.11000000,2996.49000000,80445.97880000,1768939199999,2026-01-20T19:59:59.999000Z,241665002.09311800,1401521,42235.65440000,126875276.27049600
1768939200000,2026-01-20T20:00:00Z,2996.49000000,3007.22000000,2920.00000000,2939.88000000,81638.97000000,1768953599999,2026-01-20T23:59:59.999000Z,242005006.98309100,1067654,35882.04750000,106313270.01512600
1768953600000,2026-01-21T00:00:00Z,2939.88000000,2984.64000000,2921.89000000,2981.76000000,52743.88170000,1768967999999,2026-01-21T03:59:59.999000Z,156030014.12043600,963246,29142.25350000,86209008.79460900
1768968000000,2026-01-21T04:00:00Z,2981.75000000,3002.00000000,2966.00000000,2970.60000000,43953.85090000,1768982399999,2026-01-21T07:59:59.999000Z,131113379.85719500,574844,21574.40920000,64358534.70585900
1768982400000,2026-01-21T08:00:00Z,2970.60000000,2974.87000000,2938.00000000,2943.00000000,47857.52160000,1768996799999,2026-01-21T11:59:59.999000Z,141699552.58837600,535937,24574.82260000,72797971.30131900
1768996800000,2026-01-21T12:00:00Z,2943.00000000,3026.83000000,2902.00000000,3002.69000000,152744.35480000,1769011199999,2026-01-21T15:59:59.999000Z,452601825.53240000,2134817,78089.24660000,231564400.68671200
1769011200000,2026-01-21T16:00:00Z,3002.69000000,3069.07000000,2866.11000000,3055.56000000,209234.42990000,1769025599999,2026-01-21T19:59:59.999000Z,616190414.98081400,2759930,108803.46020000,320643453.59062000
1769025600000,2026-01-21T20:00:00Z,3055.55000000,3057.72000000,2972.69000000,2982.27000000,71266.20920000,1769039999999,2026-01-21T23:59:59.999000Z,215267996.73283200,1095542,34777.61490000,105047882.71157000
1769040000000,2026-01-22T00:00:00Z,2982.28000000,3038.33000000,2980.73000000,3013.41000000,40907.93090000,1769054399999,2026-01-22T03:59:59.999000Z,123323612.23326300,740957,22256.94570000,67086980.69085100
1769054400000,2026-01-22T04:00:00Z,3013.41000000,3027.90000000,3000.40000000,3000.94000000,30603.70310000,1769068799999,2026-01-22T07:59:59.999000Z,92305198.15189300,481516,14146.60360000,42675916.02164500
1769068800000,2026-01-22T08:00:00Z,3000.94000000,3016.40000000,2977.22000000,2986.80000000,36510.93440000,1769083199999,2026-01-22T11:59:59.999000Z,109520108.37556700,501913,16247.41520000,48744450.28558700
1769083200000,2026-01-22T12:00:00Z,2986.80000000,3010.18000000,2906.02000000,2942.01000000,106579.00970000,1769097599999,2026-01-22T15:59:59.999000Z,314954271.25317200,1452427,51244.90400000,151448498.30283300
1769097600000,2026-01-22T16:00:00Z,2942.02000000,2972.76000000,2923.99000000,2953.94000000,48457.57140000,1769111999999,2026-01-22T19:59:59.999000Z,142841913.91380300,1064051,26949.98700000,79459747.42026800
1769112000000,2026-01-22T20:00:00Z,2953.94000000,2959.16000000,2930.15000000,2952.69000000,28601.58540000,1769126399999,2026-01-22T23:59:59.999000Z,84261788.31144000,455657,13564.93920000,39956036.32913300
1769126400000,2026-01-23T00:00:00Z,2952.70000000,2972.08000000,2946.22000000,2964.42000000,22069.38630000,1769140799999,2026-01-23T03:59:59.999000Z,65313118.01004700,447566,11709.91710000,34659406.87136200
1769140800000,2026-01-23T04:00:00Z,2964.42000000,2984.71000000,2935.31000000,2948.49000000,46545.65440000,1769155199999,2026-01-23T07:59:59.999000Z,137785988.42605200,706183,24340.24770000,72064408.34034300
1769155200000,2026-01-23T08:00:00Z,2948.58000000,2951.34000000,2914.93000000,2940.68000000,56738.25020000,1769169599999,2026-01-23T11:59:59.999000Z,166240805.40095600,742561,27115.77820000,79470868.47941400
1769169600000,2026-01-23T12:00:00Z,2940.68000000,2965.06000000,2892.40000000,2952.75000000,74272.57470000,1769183999999,2026-01-23T15:59:59.999000Z,217316321.19225000,1332250,34865.74240000,102058526.38196100
1769184000000,2026-01-23T16:00:00Z,2952.66000000,3019.26000000,2938.46000000,2959.80000000,94167.90530000,1769198399999,2026-01-23T19:59:59.999000Z,280513389.45834300,1622097,48665.53950000,144992619.09402800
1769198400000,2026-01-23T20:00:00Z,2959.79000000,2963.69000000,2930.42000000,2956.41000000,24621.56080000,1769212799999,2026-01-23T23:59:59.999000Z,72588353.18186700,628381,12554.02800000,37018889.50207600
1769212800000,2026-01-24T00:00:00Z,2956.41000000,2970.41000000,2949.27000000,2962.72000000,19180.17920000,1769227199999,2026-01-24T03:59:59.999000Z,56799653.01224200,325404,8765.79240000,25950429.14100300
1769227200000,2026-01-24T04:00:00Z,2962.72000000,2966.86000000,2953.99000000,2957.34000000,16552.47340000,1769241599999,2026-01-24T07:59:59.999000Z,48987797.08391400,170409,7667.75960000,22687876.94649500
1769241600000,2026-01-24T08:00:00Z,2957.34000000,2964.98000000,2954.77000000,2961.18000000,7645.16100000,1769255999999,2026-01-24T11:59:59.999000Z,22633339.25813300,116746,3883.93760000,11499874.08585200
1769256000000,2026-01-24T12:00:00Z,2961.17000000,2968.08000000,2943.84000000,2957.25000000,21086.46140000,1769270399999,2026-01-24T15:59:59.999000Z,62380203.21630800,225001,9029.22820000,26710554.56774400
1769270400000,2026-01-24T16:00:00Z,2957.25000000,2968.49000000,2952.23000000,2953.93000000,14150.08160000,1769284799999,2026-01-24T19:59:59.999000Z,41889652.65869900,185559,5985.25080000,17717491.28171200
1769284800000,2026-01-24T20:00:00Z,2953.94000000,2964.55000000,2949.23000000,2953.22000000,13468.54730000,1769299199999,2026-01-24T23:59:59.999000Z,39826630.63113000,162030,6151.24210000,18184834.73531300
1769299200000,2026-01-25T00:00:00Z,2953.23000000,2960.29000000,2937.50000000,2942.60000000,14633.96870000,1769313599999,2026-01-25T03:59:59.999000Z,43156594.51262100,212868,5456.35680000,16097095.20436800
1769313600000,2026-01-25T04:00:00Z,2942.59000000,2949.36000000,2935.01000000,2939.57000000,15127.51260000,1769327999999,2026-01-25T07:59:59.999000Z,44513047.03884000,229072,6161.60430000,18133596.41936200
1769328000000,2026-01-25T08:00:00Z,2939.58000000,2948.11000000,2921.00000000,2937.54000000,26614.87190000,1769342399999,2026-01-25T11:59:59.999000Z,78141057.81925800,345294,13400.83910000,39335909.34804400
1769342400000,2026-01-25T12:00:00Z,2937.54000000,2945.37000000,2922.08000000,2926.81000000,24962.62020000,1769356799999,2026-01-25T15:59:59.999000Z,73268832.23827400,494417,13765.09140000,40405994.21782900
1769356800000,2026-01-25T16:00:00Z,2926.82000000,2927.78000000,2797.20000000,2812.96000000,193895.40630000,1769371199999,2026-01-25T19:59:59.999000Z,554557897.54109600,1992595,82793.02280000,236826507.93212700
1769371200000,2026-01-25T20:00:00Z,2812.96000000,2825.72000000,2787.00000000,2816.89000000,104952.15290000,1769385599999,2026-01-25T23:59:59.999000Z,294500466.80268200,1363541,43556.85730000,122222296.75933500
1769385600000,2026-01-26T00:00:00Z,2816.90000000,2898.76000000,2812.37000000,2850.68000000,103456.70270000,1769399999999,2026-01-26T03:59:59.999000Z,295730641.92151400,1320338,50005.38700000,142878695.29225300
1769400000000,2026-01-26T04:00:00Z,2850.69000000,2911.61000000,2849.91000000,2904.32000000,70449.52970000,1769414399999,2026-01-26T07:59:59.999000Z,202797854.68125900,787997,29240.92770000,84248378.85415500
1769414400000,2026-01-26T08:00:00Z,2904.32000000,2934.40000000,2880.50000000,2892.15000000,58700.95280000,1769428799999,2026-01-26T11:59:59.999000Z,170483945.25314200,679603,30160.16660000,87600849.72340800
1769428800000,2026-01-26T12:00:00Z,2892.15000000,2951.21000000,2875.77000000,2899.32000000,115201.55600000,1769443199999,2026-01-26T15:59:59.999000Z,335005063.28497600,1449582,54847.15160000,159575987.89415100
1769443200000,2026-01-26T16:00:00Z,2899.32000000,2936.06000000,2885.97000000,2923.12000000,66316.68000000,1769457599999,2026-01-26T19:59:59.999000Z,193200295.55542200,1054884,36758.34500000,107101805.53873800
1769457600000,2026-01-26T20:00:00Z,2923.11000000,2945.32000000,2895.82000000,2930.35000000,71043.91600000,1769471999999,2026-01-26T23:59:59.999000Z,207840342.88228200,641166,38384.16690000,112325535.82148900
1769472000000,2026-01-27T00:00:00Z,2930.35000000,2948.88000000,2912.44000000,2941.18000000,58753.87050000,1769486399999,2026-01-27T03:59:59.999000Z,172465802.60845300,543626,32302.23490000,94777102.37677500
1769486400000,2026-01-27T04:00:00Z,2941.17000000,2957.04000000,2924.35000000,2929.11000000,52881.50630000,1769500799999,2026-01-27T07:59:59.999000Z,155403140.74424700,390018,24088.04640000,70767517.68867300
1769500800000,2026-01-27T08:00:00Z,2929.11000000,2932.65000000,2899.77000000,2917.02000000,55309.14420000,1769515199999,2026-01-27T11:59:59.999000Z,161150022.42389800,460953,19767.86800000,57607092.08916900
1769515200000,2026-01-27T12:00:00Z,2917.03000000,2943.63000000,2905.93000000,2937.45000000,67431.61110000,1769529599999,2026-01-27T15:59:59.999000Z,197168478.46978800,1073336,37149.98570000,108639415.46639300
1769529600000,2026-01-27T16:00:00Z,2937.46000000,2998.52000000,2918.09000000,2980.48000000,130629.94340000,1769543999999,2026-01-27T19:59:59.999000Z,387164301.71520200,1771718,65642.62830000,194590578.26529300
1769544000000,2026-01-27T20:00:00Z,2980.48000000,3035.08000000,2978.92000000,3026.77000000,113786.32330000,1769558399999,2026-01-27T23:59:59.999000Z,343185622.47177300,1038788,50679.40950000,152809755.05028900
1769558400000,2026-01-28T00:00:00Z,3026.77000000,3029.79000000,2996.55000000,3005.18000000,26992.65850000,1769572799999,2026-01-28T03:59:59.999000Z,81336023.93404800,490677,13045.01910000,39311814.47911500
1769572800000,2026-01-28T04:00:00Z,3005.18000000,3018.33000000,2992.89000000,3005.07000000,34894.08530000,1769587199999,2026-01-28T07:59:59.999000Z,104868449.63908300,358243,16863.59960000,50683737.85634400
1769587200000,2026-01-28T08:00:00Z,3005.07000000,3045.36000000,2986.59000000,3039.72000000,57899.71120000,1769601599999,2026-01-28T11:59:59.999000Z,174692968.08323800,725324,31942.89380000,96382371.24291400
1769601600000,2026-01-28T12:00:00Z,3039.71000000,3045.78000000,2983.67000000,3008.25000000,79326.46210000,1769615999999,2026-01-28T15:59:59.999000Z,239465822.09038000,1359567,46127.89720000,139246395.02971200
1769616000000,2026-01-28T16:00:00Z,3008.25000000,3031.68000000,2989.41000000,3016.60000000,64622.69410000,1769630399999,2026-01-28T19:59:59.999000Z,194523824.11439500,1396958,30949.56330000,93166683.64365700
1769630400000,2026-01-28T20:00:00Z,3016.60000000,3038.45000000,2996.66000000,3010.78000000,32872.04370000,1769644799999,2026-01-28T23:59:59.999000Z,99170589.87922100,730260,15628.63340000,47155303.69712800
1769644800000,2026-01-29T00:00:00Z,3010.78000000,3013.50000000,2944.48000000,2952.52000000,54242.74830000,1769659199999,2026-01-29T03:59:59.999000Z,161420180.54708800,1018159,23639.20190000,70342360.28655300
1769659200000,2026-01-29T04:00:00Z,2952.52000000,2965.69000000,2937.55000000,2961.54000000,30942.78330000,1769673599999,2026-01-29T07:59:59.999000Z,91423092.61950500,436170,14735.73260000,43548015.73450500
1769673600000,2026-01-29T08:00:00Z,2961.54000000,2969.79000000,2923.77000000,2929.29000000,46623.76330000,1769687999999,2026-01-29T11:59:59.999000Z,137280747.85717000,513266,22471.57090000,66184756.94131400
1769688000000,2026-01-29T12:00:00Z,2929.29000000,2939.00000000,2797.01000000,2824.32000000,140222.24920000,1769702399999,2026-01-29T15:59:59.999000Z,399798771.36856300,1801407,64874.20550000,184873924.72784300
1769702400000,2026-01-29T16:00:00Z,2824.31000000,2860.05000000,2754.53000000,2797.53000000,242269.32640000,1769716799999,2026-01-29T19:59:59.999000Z,679886779.80614000,2275362,121778.56860000,341872135.38567700
1769716800000,2026-01-29T20:00:00Z,2797.53000000,2827.59000000,2789.39000000,2822.59000000,46987.72740000,1769731199999,2026-01-29T23:59:59.999000Z,132084733.84134700,735244,23440.53760000,65897078.30406600
1769731200000,2026-01-30T00:00:00Z,2822.60000000,2828.65000000,2689.00000000,2741.11000000,182314.48070000,1769745599999,2026-01-30T03:59:59.999000Z,499594027.68269400,1983651,80763.07110000,221262736.88505500
1769745600000,2026-01-30T04:00:00Z,2741.12000000,2774.83000000,2696.82000000,2740.16000000,103133.54440000,1769759999999,2026-01-30T07:59:59.999000Z,282551169.39547300,1164722,50175.28500000,137483247.35453500
1769760000000,2026-01-30T08:00:00Z,2740.17000000,2768.78000000,2710.00000000,2759.88000000,65278.21790000,1769774399999,2026-01-30T11:59:59.999000Z,178497934.30606700,1154458,34231.05120000,93642019.91851500
1769774400000,2026-01-30T12:00:00Z,2759.87000000,2766.53000000,2693.42000000,2729.47000000,123239.40300000,1769788799999,2026-01-30T15:59:59.999000Z,337129814.36723300,1966271,60338.75740000,165110337.24635900
1769788800000,2026-01-30T16:00:00Z,2729.46000000,2761.46000000,2636.01000000,2742.40000000,205002.41880000,1769803199999,2026-01-30T19:59:59.999000Z,555609845.87947900,2897182,103824.06880000,281601467.75330200
1769803200000,2026-01-30T20:00:00Z,2742.39000000,2742.87000000,2664.82000000,2707.38000000,114311.56040000,1769817599999,2026-01-30T23:59:59.999000Z,308469157.45743900,1495347,59433.92950000,160367491.71748500
1769817600000,2026-01-31T00:00:00Z,2707.37000000,2714.64000000,2684.67000000,2695.86000000,31607.47250000,1769831999999,2026-01-31T03:59:59.999000Z,85404346.94727700,536130,18851.58070000,50938317.18544100
1769832000000,2026-01-31T04:00:00Z,2695.86000000,2704.82000000,2668.20000000,2680.06000000,36477.28860000,1769846399999,2026-01-31T07:59:59.999000Z,98155401.02399500,422213,20172.22750000,54295170.48467200
1769846400000,2026-01-31T08:00:00Z,2680.06000000,2683.49000000,2609.85000000,2640.72000000,101951.59480000,1769860799999,2026-01-31T11:59:59.999000Z,269280021.69803500,1071114,46709.54940000,123335818.36256200
1769860800000,2026-01-31T12:00:00Z,2640.72000000,2644.43000000,2510.01000000,2534.20000000,226209.65770000,1769875199999,2026-01-31T15:59:59.999000Z,580258120.18448600,2005524,105861.57130000,271308937.68430700
1769875200000,2026-01-31T16:00:00Z,2534.20000000,2551.26000000,2250.00000000,2382.82000000,562612.38080000,1769889599999,2026-01-31T19:59:59.999000Z,1354276212.01161500,3724592,256044.29720000,616410629.55605500
1769889600000,2026-01-31T20:00:00Z,2382.83000000,2473.77000000,2355.24000000,2451.95000000,154239.31880000,1769903999999,2026-01-31T23:59:59.999000Z,371979519.45590400,1545724,72790.97940000,175509806.67963200
1769904000000,2026-02-01T00:00:00Z,2451.96000000,2475.98000000,2429.15000000,2445.46000000,92986.23760000,1769918399999,2026-02-01T03:59:59.999000Z,227850150.65650300,1454631,35140.02040000,86137666.35151300
1769918400000,2026-02-01T04:00:00Z,2445.46000000,2454.66000000,2393.46000000,2411.22000000,122634.21600000,1769932799999,2026-02-01T07:59:59.999000Z,297538194.70989700,1359010,45706.80530000,110831614.45201000
1769932800000,2026-02-01T08:00:00Z,2411.22000000,2438.98000000,2376.10000000,2411.86000000,99830.51420000,1769947199999,2026-02-01T11:59:59.999000Z,240306357.55090000,1427091,38601.60520000,92954415.73025700
1769947200000,2026-02-01T12:00:00Z,2411.86000000,2412.47000000,2285.40000000,2315.39000000,215369.13390000,1769961599999,2026-02-01T15:59:59.999000Z,505513118.12837600,2295943,86428.69220000,202968714.17000100
1769961600000,2026-02-01T16:00:00Z,2315.47000000,2377.99000000,2284.17000000,2320.35000000,236454.42140000,1769975999999,2026-02-01T19:59:59.999000Z,549195944.09810900,2184459,125294.79790000,291005143.80606300
1769976000000,2026-02-01T20:00:00Z,2320.35000000,2349.24000000,2222.00000000,2270.15000000,259299.42350000,1769990399999,2026-02-01T23:59:59.999000Z,592424733.48396000,2317503,124707.72390000,285229867.29490500
1769990400000,2026-02-02T00:00:00Z,2270.16000000,2324.17000000,2166.14000000,2239.02000000,298359.91310000,1770004799999,2026-02-02T03:59:59.999000Z,670161939.64536100,2801160,137456.04520000,308935833.88031600
1770004800000,2026-02-02T04:00:00Z,2239.01000000,2268.00000000,2157.14000000,2228.93000000,301794.94070000,1770019199999,2026-02-02T07:59:59.999000Z,667014932.36027300,2315005,159853.86100000,353410484.04874500
1770019200000,2026-02-02T08:00:00Z,2228.93000000,2319.00000000,2228.93000000,2282.32000000,202430.04470000,1770033599999,2026-02-02T11:59:59.999000Z,460723054.64004900,1608571,102862.94670000,234120709.12668400
1770033600000,2026-02-02T12:00:00Z,2282.32000000,2396.62000000,2274.19000000,2372.71000000,260831.01060000,1770047999999,2026-02-02T15:59:59.999000Z,609156293.87322900,2292176,128384.54640000,299835536.04284900
1770048000000,2026-02-02T16:00:00Z,2372.71000000,2387.31000000,2327.68000000,2331.54000000,123749.57130000,1770062399999,2026-02-02T19:59:59.999000Z,291795588.17570400,1246648,53720.90300000,126713214.07342100
1770062400000,2026-02-02T20:00:00Z,2331.52000000,2355.55000000,2313.33000000,2347.02000000,61369.73100000,1770076799999,2026-02-02T23:59:59.999000Z,143325477.54687400,885596,32138.63970000,75063882.18175300
1770076800000,2026-02-03T00:00:00Z,2347.01000000,2359.88000000,2284.48000000,2344.03000000,92480.32960000,1770091199999,2026-02-03T03:59:59.999000Z,215339648.07345000,1343890,42016.62950000,97794439.89671100
1770091200000,2026-02-03T04:00:00Z,2343.99000000,2354.99000000,2298.44000000,2323.12000000,142937.59610000,1770105599999,2026-02-03T07:59:59.999000Z,333332933.08582100,939165,84233.00130000,196560848.64494500
1770105600000,2026-02-03T08:00:00Z,2323.13000000,2332.57000000,2262.15000000,2276.68000000,125794.65910000,1770119999999,2026-02-03T11:59:59.999000Z,288147610.55954100,1189827,63066.31430000,144468745.98107300
1770120000000,2026-02-03T12:00:00Z,2276.68000000,2317.65000000,2251.94000000,2303.20000000,165687.02230000,1770134399999,2026-02-03T15:59:59.999000Z,379397404.39058500,2097911,82279.32390000,188410097.14082200
1770134400000,2026-02-03T16:00:00Z,2303.21000000,2303.40000000,2110.00000000,2205.28000000,499560.12020000,1770148799999,2026-02-03T19:59:59.999000Z,1095701889.97553900,3529295,252942.77050000,555317735.49142200
1770148800000,2026-02-03T20:00:00Z,2205.27000000,2343.82000000,2188.25000000,2233.72000000,294639.65940000,1770163199999,2026-02-03T23:59:59.999000Z,669710994.03592900,2543682,141880.17620000,322464025.34051100
1770163200000,2026-02-04T00:00:00Z,2233.72000000,2295.74000000,2223.88000000,2283.37000000,94160.57300000,1770177599999,2026-02-04T03:59:59.999000Z,213031876.49434600,1257630,45952.42920000,103985622.66229500
1770177600000,2026-02-04T04:00:00Z,2283.37000000,2293.99000000,2256.00000000,2283.85000000,78151.76510000,1770191999999,2026-02-04T07:59:59.999000Z,177886592.48964500,753442,36092.32780000,82164250.67692900
1770192000000,2026-02-04T08:00:00Z,2283.84000000,2285.90000000,2221.47000000,2254.86000000,132402.81610000,1770206399999,2026-02-04T11:59:59.999000Z,297660469.55141600,1041531,46915.73120000,105604656.06400800
1770206400000,2026-02-04T12:00:00Z,2254.86000000,2263.30000000,2136.60000000,2151.83000000,322528.07640000,1770220799999,2026-02-04T15:59:59.999000Z,708056899.00723100,2791058,143341.33230000,313992652.52961800
1770220800000,2026-02-04T16:00:00Z,2151.84000000,2194.71000000,2076.68000000,2188.27000000,475231.02280000,1770235199999,2026-02-04T19:59:59.999000Z,1011634169.71922600,3409121,258140.56640000,549631828.01696900
1770235200000,2026-02-04T20:00:00Z,2188.26000000,2192.70000000,2088.01000000,2148.26000000,162269.17660000,1770249599999,2026-02-04T23:59:59.999000Z,348337831.07103000,1659758,79453.70830000,170545452.89565800
1770249600000,2026-02-05T00:00:00Z,2148.25000000,2173.77000000,2097.94000000,2110.00000000,173253.34990000,1770263999999,2026-02-05T03:59:59.999000Z,369521901.94626100,2130118,89032.69840000,189805891.43474400
1770264000000,2026-02-05T04:00:00Z,2110.00000000,2125.26000000,2068.20000000,2091.40000000,232556.15290000,1770278399999,2026-02-05T07:59:59.999000Z,487963936.13557700,2139557,111268.83450000,233544051.09474200
1770278400000,2026-02-05T08:00:00Z,2091.50000000,2149.75000000,2061.96000000,2079.98000000,171883.20940000,1770292799999,2026-02-05T11:59:59.999000Z,362013533.80902600,1631215,86671.57440000,182603937.67966200
1770292800000,2026-02-05T12:00:00Z,2079.98000000,2106.51000000,1927.33000000,1961.12000000,487545.32960000,1770307199999,2026-02-05T15:59:59.999000Z,984698499.28904600,2700547,244678.07200000,494901741.87670000
1770307200000,2026-02-05T16:00:00Z,1961.12000000,2018.33000000,1913.76000000,1928.76000000,377522.14960000,1770321599999,2026-02-05T19:59:59.999000Z,738654819.08668100,2456506,196603.50170000,384734645.49364600
1770321600000,2026-02-05T20:00:00Z,1928.78000000,1943.06000000,1818.18000000,1826.83000000,509526.50370000,1770335999999,2026-02-05T23:59:59.999000Z,952321419.51927200,2609644,239710.60140000,448240426.78342900
1770336000000,2026-02-06T00:00:00Z,1826.83000000,1947.84000000,1747.80000000,1891.82000000,467955.45570000,1770350399999,2026-02-06T03:59:59.999000Z,868309173.19175000,2931114,233839.73630000,434438561.21164800
1770350400000,2026-02-06T04:00:00Z,1891.81000000,1975.75000000,1885.95000000,1899.42000000,267768.45600000,1770364799999,2026-02-06T07:59:59.999000Z,513344316.37617300,1622855,151146.73000000,289742471.96108300
1770364800000,2026-02-06T08:00:00Z,1899.41000000,1939.35000000,1866.13000000,1932.68000000,372603.63130000,1770379199999,2026-02-06T11:59:59.999000Z,710116472.31046000,1453851,230717.52960000,439765664.14749900
1770379200000,2026-02-06T12:00:00Z,1932.67000000,2002.18000000,1914.88000000,1980.81000000,347876.92940000,1770393599999,2026-02-06T15:59:59.999000Z,681968767.89508800,2425219,197218.63880000,386389236.34510100
1770393600000,2026-02-06T16:00:00Z,1980.80000000,2090.13000000,1970.17000000,2065.63000000,408242.29280000,1770407999999,2026-02-06T19:59:59.999000Z,834659949.71820100,2588654,242467.73470000,495755110.76477600
1770408000000,2026-02-06T20:00:00Z,2065.63000000,2093.94000000,2039.93000000,2063.38000000,237864.79210000,1770422399999,2026-02-06T23:59:59.999000Z,491049991.52016700,1341038,134402.20690000,277390344.32034500
1770422400000,2026-02-07T00:00:00Z,2063.37000000,2086.00000000,2032.60000000,2080.81000000,123773.12190000,1770436799999,2026-02-07T03:59:59.999000Z,254375493.21760100,1038378,65984.64880000,135667528.14919500
1770436800000,2026-02-07T04:00:00Z,2080.80000000,2119.46000000,1994.57000000,2027.10000000,180822.74620000,1770451199999,2026-02-07T07:59:59.999000Z,372515413.40960800,1670715,86377.30130000,178058047.62566100
1770451200000,2026-02-07T08:00:00Z,2027.10000000,2032.60000000,1999.57000000,2018.77000000,90171.08940000,1770465599999,2026-02-07T11:59:59.999000Z,181814315.23709800,942175,33708.66360000,67960759.28469700
1770465600000,2026-02-07T12:00:00Z,2018.77000000,2075.21000000,2009.82000000,2052.54000000,171743.75730000,1770479999999,2026-02-07T15:59:59.999000Z,350764606.02196600,1436385,92065.24980000,188026658.50377100
1770480000000,2026-02-07T16:00:00Z,2052.55000000,2121.70000000,2009.54000000,2091.29000000,500380.43240000,1770494399999,2026-02-07T19:59:59.999000Z,1031904298.02872800,2183989,240388.27930000,495812513.74687900
1770494400000,2026-02-07T20:00:00Z,2091.29000000,2115.00000000,2073.00000000,2087.08000000,75725.30150000,1770508799999,2026-02-07T23:59:59.999000Z,158757125.19650800,666718,30061.79930000,63030643.46754800
1770508800000,2026-02-08T00:00:00Z,2087.08000000,2107.44000000,2076.86000000,2078.77000000,55846.23850000,1770523199999,2026-02-08T03:59:59.999000Z,116621287.76215000,600954,25970.29120000,54251648.59250000
1770523200000,2026-02-08T04:00:00Z,2078.78000000,2090.01000000,2064.10000000,2084.41000000,81901.88860000,1770537599999,2026-02-08T07:59:59.999000Z,170177886.74030600,471006,32969.81830000,68518971.85797200
1770537600000,2026-02-08T08:00:00Z,2084.41000000,2137.57000000,2078.04000000,2132.35000000,92748.60060000,1770551999999,2026-02-08T11:59:59.999000Z,195618988.19134300,965482,48937.44180000,103233490.90735200
1770552000000,2026-02-08T12:00:00Z,2132.36000000,2145.26000000,2097.57000000,2108.64000000,92209.49940000,1770566399999,2026-02-08T15:59:59.999000Z,195886654.25858500,857803,43181.26980000,91733412.83001200
1770566400000,2026-02-08T16:00:00Z,2108.63000000,2129.73000000,2072.80000000,2126.77000000,60836.70240000,1770580799999,2026-02-08T19:59:59.999000Z,127851817.78373100,662159,27195.01070000,57164711.25441600
1770580800000,2026-02-08T20:00:00Z,2126.79000000,2152.03000000,2071.60000000,2089.74000000,99294.32200000,1770595199999,2026-02-08T23:59:59.999000Z,209212333.12277900,821641,49766.92780000,104907176.55372300
1770595200000,2026-02-09T00:00:00Z,2089.73000000,2103.02000000,2055.01000000,2100.25000000,90227.12240000,1770609599999,2026-02-09T03:59:59.999000Z,187800866.71203700,922984,48990.86780000,101992915.90331900
1770609600000,2026-02-09T04:00:00Z,2100.25000000,2102.03000000,2064.67000000,2065.74000000,63962.16130000,1770623999999,2026-02-09T07:59:59.999000Z,133281174.58004900,572838,32541.93150000,67829490.82159500
1770624000000,2026-02-09T08:00:00Z,2065.74000000,2070.21000000,2013.25000000,2028.23000000,110228.86290000,1770638399999,2026-02-09T11:59:59.999000Z,224749836.78500700,853994,50933.12520000,103798528.13639300
1770638400000,2026-02-09T12:00:00Z,2028.26000000,2073.47000000,2008.62000000,2061.61000000,123193.22430000,1770652799999,2026-02-09T15:59:59.999000Z,251136009.38041100,1455543,62866.73890000,128193757.76722900
1770652800000,2026-02-09T16:00:00Z,2061.61000000,2143.00000000,2047.78000000,2131.34000000,142688.25350000,1770667199999,2026-02-09T19:59:59.999000Z,301060620.76810600,1668213,73898.35520000,155867417.90535000
1770667200000,2026-02-09T20:00:00Z,2131.34000000,2147.73000000,2089.00000000,2105.02000000,95078.93250000,1770681599999,2026-02-09T23:59:59.999000Z,201288299.57966900,858332,46215.51270000,97887860.69238800
1770681600000,2026-02-10T00:00:00Z,2105.02000000,2124.71000000,2052.14000000,2064.96000000,63762.62520000,1770695999999,2026-02-10T03:59:59.999000Z,133241696.53743900,719697,29089.44240000,60822561.67210300
1770696000000,2026-02-10T04:00:00Z,2064.96000000,2074.35000000,1997.59000000,2007.47000000,195613.55690000,1770710399999,2026-02-10T07:59:59.999000Z,395838795.34253400,985021,102335.18890000,206685206.47818400
1770710400000,2026-02-10T08:00:00Z,2007.47000000,2029.98000000,1995.83000000,2003.21000000,114586.79500000,1770724799999,2026-02-10T11:59:59.999000Z,230502797.27073900,622498,44318.63150000,89194309.85905500
1770724800000,2026-02-10T12:00:00Z,2003.20000000,2040.01000000,1989.38000000,2022.66000000,106821.10300000,1770739199999,2026-02-10T15:59:59.999000Z,215261465.97239300,1344064,55518.91050000,111923700.50840300
1770739200000,2026-02-10T16:00:00Z,2022.67000000,2046.94000000,1996.18000000,2017.95000000,63309.81360000,1770753599999,2026-02-10T19:59:59.999000Z,128049282.22547600,1020831,30547.54630000,61803586.50032800
1770753600000,2026-02-10T20:00:00Z,2017.95000000,2022.85000000,1997.00000000,2022.67000000,30227.79710000,1770767999999,2026-02-10T23:59:59.999000Z,60816952.35999100,467283,15180.54540000,30545646.02618700
1770768000000,2026-02-11T00:00:00Z,2022.67000000,2032.31000000,1998.00000000,2009.59000000,33194.10970000,1770782399999,2026-02-11T03:59:59.999000Z,67017506.65392600,503881,14323.75400000,28921625.75804300
1770782400000,2026-02-11T04:00:00Z,2009.59000000,2011.23000000,1939.21000000,1950.89000000,100528.67860000,1770796799999,2026-02-11T07:59:59.999000Z,197623985.45860800,987404,46255.66060000,90903781.60728500
1770796800000,2026-02-11T08:00:00Z,1950.90000000,1956.52000000,1932.02000000,1953.66000000,49832.95220000,1770811199999,2026-02-11T11:59:59.999000Z,96939865.56744700,653812,26814.47310000,52178829.68677900
1770811200000,2026-02-11T12:00:00Z,1953.65000000,2015.81000000,1903.19000000,1929.46000000,190798.58930000,1770825599999,2026-02-11T15:59:59.999000Z,372701811.36265400,2097641,93732.92050000,183191649.94713000
1770825600000,2026-02-11T16:00:00Z,1929.46000000,1959.80000000,1908.80000000,1952.28000000,103334.79850000,1770839999999,2026-02-11T19:59:59.999000Z,200094645.37359500,1427284,50233.32030000,97292090.48897800
1770840000000,2026-02-11T20:00:00Z,1952.27000000,1988.07000000,1932.44000000,1941.18000000,51966.68940000,1770854399999,2026-02-11T23:59:59.999000Z,101722661.68664600,780788,27657.61310000,54162658.26063700
1770854400000,2026-02-12T00:00:00Z,1941.19000000,1977.75000000,1941.19000000,1968.69000000,42186.61030000,1770868799999,2026-02-12T03:59:59.999000Z,82813203.10860400,653718,21899.76660000,42989750.45561300
1770868800000,2026-02-12T04:00:00Z,1968.70000000,1983.00000000,1953.14000000,1968.07000000,52494.69410000,1770883199999,2026-02-12T07:59:59.999000Z,103413795.05257500,605987,24055.00410000,47386186.28287400
1770883200000,2026-02-12T08:00:00Z,1968.07000000,2001.42000000,1957.25000000,1989.02000000,56917.08830000,1770897599999,2026-02-12T11:59:59.999000Z,112712753.05084800,610389,28877.57850000,57225932.93274400
1770897600000,2026-02-12T12:00:00Z,1989.02000000,1996.30000000,1945.01000000,1948.47000000,80328.08540000,1770911999999,2026-02-12T15:59:59.999000Z,158712577.67119800,1016348,39022.32910000,77121080.43938800
1770912000000,2026-02-12T16:00:00Z,1948.48000000,1950.16000000,1897.24000000,1925.44000000,150050.45110000,1770926399999,2026-02-12T19:59:59.999000Z,287784230.85019400,1768908,72984.40040000,140010488.74852300
1770926400000,2026-02-12T20:00:00Z,1925.45000000,1952.61000000,1909.66000000,1947.85000000,45590.21770000,1770940799999,2026-02-12T23:59:59.999000Z,88045008.79860500,607458,25628.42030000,49498698.29037200
1770940800000,2026-02-13T00:00:00Z,1947.85000000,1958.21000000,1927.63000000,1953.55000000,37154.79570000,1770955199999,2026-02-13T03:59:59.999000Z,72276869.39272900,541140,16309.69890000,31725883.75012800
1770955200000,2026-02-13T04:00:00Z,1953.56000000,1955.80000000,1924.72000000,1935.75000000,43614.14100000,1770969599999,2026-02-13T07:59:59.999000Z,84640046.50472500,461390,19098.25620000,37051480.51683500
1770969600000,2026-02-13T08:00:00Z,1935.75000000,1969.26000000,1933.65000000,1960.04000000,62366.42000000,1770983999999,2026-02-13T11:59:59.999000Z,122008067.57455900,591739,32715.07140000,64012993.68815300
1770984000000,2026-02-13T12:00:00Z,1960.05000000,2050.58000000,1952.60000000,2034.93000000,155146.57920000,1770998399999,2026-02-13T15:59:59.999000Z,310195021.77402900,1628260,83564.69820000,167052375.56887600
1770998400000,2026-02-13T16:00:00Z,2034.92000000,2073.68000000,2031.42000000,2057.75000000,90215.97320000,1771012799999,2026-02-13T19:59:59.999000Z,185605436.95402400,1026760,47825.26110000,98370031.40162600
1771012800000,2026-02-13T20:00:00Z,2057.74000000,2059.65000000,2038.69000000,2048.72000000,37151.86070000,1771027199999,2026-02-13T23:59:59.999000Z,76182349.00711400,446282,16130.63340000,33078006.96639100
1771027200000,2026-02-14T00:00:00Z,2048.72000000,2057.57000000,2042.37000000,2054.37000000,20999.18910000,1771041599999,2026-02-14T03:59:59.999000Z,43082066.72864100,311973,9847.35460000,20202952.12231700
1771041600000,2026-02-14T04:00:00Z,2054.39000000,2060.49000000,2048.50000000,2057.21000000,20369.19550000,1771055999999,2026-02-14T07:59:59.999000Z,41848621.74306100,214844,9718.55850000,19968171.58162000
1771056000000,2026-02-14T08:00:00Z,2057.20000000,2107.67000000,2057.04000000,2099.58000000,58856.95620000,1771070399999,2026-02-14T11:59:59.999000Z,122635827.07212000,760286,33131.17670000,69040903.81105700
1771070400000,2026-02-14T12:00:00Z,2099.58000000,2100.39000000,2064.58000000,2087.43000000,55179.63590000,1771084799999,2026-02-14T15:59:59.999000Z,114774773.34019900,629806,24247.31940000,50430423.79490600
1771084800000,2026-02-14T16:00:00Z,2087.42000000,2090.51000000,2067.27000000,2088.52000000,38770.89250000,1771099199999,2026-02-14T19:59:59.999000Z,80626667.72924100,456470,20860.86140000,43372744.22606700
1771099200000,2026-02-14T20:00:00Z,2088.52000000,2098.89000000,2078.63000000,2086.59000000,26501.36630000,1771113599999,2026-02-14T23:59:59.999000Z,55351273.88109400,346892,12260.27140000,25612621.74665100
1771113600000,2026-02-15T00:00:00Z,2086.59000000,2090.50000000,2030.90000000,2058.94000000,241490.38740000,1771127999999,2026-02-15T03:59:59.999000Z,494661116.53837000,1025765,73708.75580000,151162698.00054000
1771128000000,2026-02-15T04:00:00Z,2058.94000000,2103.32000000,2058.94000000,2091.41000000,80534.69260000,1771142399999,2026-02-15T07:59:59.999000Z,167935854.59509500,817986,37066.18800000,77259788.21515300
1771142400000,2026-02-15T08:00:00Z,2091.41000000,2096.82000000,2054.36000000,2061.96000000,52092.57460000,1771156799999,2026-02-15T11:59:59.999000Z,107924289.96219600,587947,24237.90270000,50201397.82181500
1771156800000,2026-02-15T12:00:00Z,2061.96000000,2068.63000000,1993.30000000,2011.29000000,115706.51940000,1771171199999,2026-02-15T15:59:59.999000Z,233267435.47117600,1157354,54576.95090000,110001276.80744600
1771171200000,2026-02-15T16:00:00Z,2011.29000000,2011.30000000,1928.88000000,1942.23000000,289683.71130000,1771185599999,2026-02-15T19:59:59.999000Z,568752281.33173000,1607912,103597.96280000,203154819.35167700
1771185600000,2026-02-15T20:00:00Z,1942.22000000,1974.51000000,1933.77000000,1966.58000000,55270.20990000,1771199999999,2026-02-15T23:59:59.999000Z,108113530.98191100,667347,30315.46960000,59313472.70910500
1771200000000,2026-02-16T00:00:00Z,1966.59000000,1981.20000000,1948.76000000,1958.78000000,47402.36150000,1771214399999,2026-02-16T03:59:59.999000Z,93117944.25311600,633565,25592.38830000,50279298.86348600
1771214400000,2026-02-16T04:00:00Z,1958.78000000,1978.64000000,1952.91000000,1971.13000000,38495.48140000,1771228799999,2026-02-16T07:59:59.999000Z,75686595.23064600,392641,18299.27010000,35986188.21199900
1771228800000,2026-02-16T08:00:00Z,1971.14000000,1993.35000000,1957.12000000,1976.15000000,51619.90070000,1771243199999,2026-02-16T11:59:59.999000Z,102125438.75180300,560147,25339.54200000,50151114.99055600
1771243200000,2026-02-16T12:00:00Z,1976.16000000,2023.51000000,1937.24000000,1956.65000000,110856.72050000,1771257599999,2026-02-16T15:59:59.999000Z,219170753.58012800,1573431,55466.19260000,109713869.92307100
1771257600000,2026-02-16T16:00:00Z,1956.65000000,1988.40000000,1956.31000000,1974.04000000,57117.50970000,1771271999999,2026-02-16T19:59:59.999000Z,112731209.94930900,757916,28338.86660000,55934165.32602900
1771272000000,2026-02-16T20:00:00Z,1974.04000000,2004.02000000,1971.10000000,1998.33000000,45855.96950000,1771286399999,2026-02-16T23:59:59.999000Z,91284419.17526700,558326,25122.52620000,50005980.98668600
1771286400000,2026-02-17T00:00:00Z,1998.34000000,2008.58000000,1979.70000000,1985.70000000,39980.29220000,1771300799999,2026-02-17T03:59:59.999000Z,79840609.28861900,562676,16323.40460000,32609732.17131000
1771300800000,2026-02-17T04:00:00Z,1985.69000000,1998.48000000,1964.72000000,1985.91000000,44990.18130000,1771315199999,2026-02-17T07:59:59.999000Z,89107988.65748600,531420,19511.70550000,38658130.30786800
1771315200000,2026-02-17T08:00:00Z,1985.91000000,1990.88000000,1961.71000000,1968.47000000,47256.36610000,1771329599999,2026-02-17T11:59:59.999000Z,93279219.39663900,657792,22456.88370000,44331730.50784800
1771329600000,2026-02-17T12:00:00Z,1968.47000000,2002.70000000,1941.66000000,1968.58000000,117605.26830000,1771343999999,2026-02-17T15:59:59.999000Z,231451528.29201500,1938442,60678.27980000,119369969.67835100
1771344000000,2026-02-17T16:00:00Z,1968.59000000,2015.33000000,1954.03000000,1998.14000000,117627.21870000,1771358399999,2026-02-17T19:59:59.999000Z,233881356.84748100,2037979,60943.51280000,121201094.25186400
1771358400000,2026-02-17T20:00:00Z,1998.15000000,2004.00000000,1987.57000000,1991.66000000,38787.61610000,1771372799999,2026-02-17T23:59:59.999000Z,77400596.22753700,692532,17033.91670000,33991947.45016700
1771372800000,2026-02-18T00:00:00Z,1991.67000000,2000.56000000,1968.68000000,1997.07000000,48694.66310000,1771387199999,2026-02-18T03:59:59.999000Z,96674958.05158800,672514,19855.79730000,39420034.87876600
1771387200000,2026-02-18T04:00:00Z,1997.08000000,2023.52000000,1993.35000000,2018.07000000,37645.52040000,1771401599999,2026-02-18T07:59:59.999000Z,75452676.83955300,522814,20142.65550000,40386054.76656500
1771401600000,2026-02-18T08:00:00Z,2018.06000000,2039.05000000,1976.57000000,1981.43000000,60451.96390000,1771415999999,2026-02-18T11:59:59.999000Z,121354674.24551000,792048,27409.64310000,55038563.68477600
1771416000000,2026-02-18T12:00:00Z,1981.44000000,2010.30000000,1954.30000000,1985.48000000,108443.00650000,1771430399999,2026-02-18T15:59:59.999000Z,214572465.15438900,1392697,54486.33420000,107834327.03745900
1771430400000,2026-02-18T16:00:00Z,1985.48000000,1987.89000000,1923.78000000,1941.03000000,95520.99710000,1771444799999,2026-02-18T19:59:59.999000Z,187017754.38714800,1254332,45282.66860000,88650424.77273600
1771444800000,2026-02-18T20:00:00Z,1941.04000000,1956.79000000,1935.82000000,1955.91000000,42882.85760000,1771459199999,2026-02-18T23:59:59.999000Z,83419101.92138000,542132,24346.51320000,47358183.63954100
1771459200000,2026-02-19T00:00:00Z,1955.90000000,1974.73000000,1950.50000000,1972.33000000,26076.37310000,1771473599999,2026-02-19T03:59:59.999000Z,51239000.24853900,432597,14055.47550000,27617241.38291900
1771473600000,2026-02-19T04:00:00Z,1972.32000000,1987.55000000,1964.20000000,1981.76000000,34121.89460000,1771487999999,2026-02-19T07:59:59.999000Z,67428810.36884700,402698,14010.91650000,27695935.78587100
1771488000000,2026-02-19T08:00:00Z,1981.76000000,1982.54000000,1948.16000000,1949.58000000,43208.62600000,1771502399999,2026-02-19T11:59:59.999000Z,84911356.38547600,386860,16572.43680000,32580201.77375000
1771502400000,2026-02-19T12:00:00Z,1949.59000000,1956.18000000,1911.49000000,1926.30000000,102895.48610000,1771516799999,2026-02-19T15:59:59.999000Z,198572512.15367500,1379261,49876.03350000,96253329.13304400
1771516800000,2026-02-19T16:00:00Z,1926.29000000,1947.52000000,1907.00000000,1941.34000000,63444.20110000,1771531199999,2026-02-19T19:59:59.999000Z,122351897.30498200,852294,33102.97570000,63848969.36504100
1771531200000,2026-02-19T20:00:00Z,1941.33000000,1952.57000000,1934.79000000,1949.08000000,30510.49240000,1771545599999,2026-02-19T23:59:59.999000Z,59366199.48622300,339898,14412.47420000,28041298.29681200
1771545600000,2026-02-20T00:00:00Z,1949.08000000,1964.54000000,1947.41000000,1954.85000000,28686.37280000,1771559999999,2026-02-20T03:59:59.999000Z,56104521.62815700,398586,13494.78710000,26395644.85382300
1771560000000,2026-02-20T04:00:00Z,1954.85000000,1968.55000000,1931.01000000,1960.97000000,55966.12250000,1771574399999,2026-02-20T07:59:59.999000Z,109272985.33811400,486462,26212.84060000,51208640.97173200
1771574400000,2026-02-20T08:00:00Z,1960.93000000,1973.86000000,1940.58000000,1943.98000000,58746.40140000,1771588799999,2026-02-20T11:59:59.999000Z,115187507.94751400,428662,23611.44510000,46286010.65672400
1771588800000,2026-02-20T12:00:00Z,1943.99000000,1980.49000000,1922.97000000,1963.95000000,121943.27510000,1771603199999,2026-02-20T15:59:59.999000Z,237806733.24375300,1251364,59901.97970000,116775015.80006300
1771603200000,2026-02-20T16:00:00Z,1963.96000000,1981.18000000,1939.21000000,1963.69000000,94955.21260000,1771617599999,2026-02-20T19:59:59.999000Z,186486433.22450200,1063467,50003.32570000,98212746.21080200
1771617600000,2026-02-20T20:00:00Z,1963.69000000,1975.27000000,1961.60000000,1968.88000000,25956.17130000,1771631999999,2026-02-20T23:59:59.999000Z,51110751.09148600,319720,13199.84750000,25989713.62956000
1771632000000,2026-02-21T00:00:00Z,1968.88000000,1970.70000000,1955.62000000,1959.03000000,16581.19730000,1771646399999,2026-02-21T03:59:59.999000Z,32565470.21781200,199931,7650.35250000,15026995.44875700
1771646400000,2026-02-21T04:00:00Z,1959.03000000,1966.09000000,1956.21000000,1962.71000000,14321.58320000,1771660799999,2026-02-21T07:59:59.999000Z,28097555.55196700,143056,8241.06150000,16166837.80423700
1771660800000,2026-02-21T08:00:00Z,1962.70000000,1988.60000000,1962.00000000,1977.02000000,40811.74560000,1771675199999,2026-02-21T11:59:59.999000Z,80603220.41068100,240601,19775.69150000,39049045.26211400
1771675200000,2026-02-21T12:00:00Z,1977.02000000,1995.56000000,1969.49000000,1988.13000000,48823.03300000,1771689599999,2026-02-21T15:59:59.999000Z,96910887.02459300,324039,24606.36750000,48847291.31296100
1771689600000,2026-02-21T16:00:00Z,1988.13000000,1995.31000000,1976.41000000,1988.35000000,33339.75900000,1771703999999,2026-02-21T19:59:59.999000Z,66261957.63990800,240770,19881.65230000,39525595.20052200
1771704000000,2026-02-21T20:00:00Z,1988.34000000,1990.41000000,1970.00000000,1973.35000000,25296.52750000,1771718399999,2026-02-21T23:59:59.999000Z,50050263.80327400,213833,11380.78540000,22518444.79236200
1771718400000,2026-02-22T00:00:00Z,1973.35000000,1982.99000000,1967.40000000,1974.71000000,20908.13310000,1771732799999,2026-02-22T03:59:59.999000Z,41274935.10485700,214412,11111.59890000,21940326.02583700
1771732800000,2026-02-22T04:00:00Z,1974.71000000,1979.54000000,1970.20000000,1975.88000000,16211.40130000,1771747199999,2026-02-22T07:59:59.999000Z,32017490.13583500,131154,8702.77120000,17186512.26340800
1771747200000,2026-02-22T08:00:00Z,1975.87000000,1983.13000000,1970.58000000,1980.78000000,17778.81130000,1771761599999,2026-02-22T11:59:59.999000Z,35156254.21384800,208977,8494.81860000,16799437.60124700
1771761600000,2026-02-22T12:00:00Z,1980.79000000,1981.60000000,1943.53000000,1953.98000000,50424.89780000,1771775999999,2026-02-22T15:59:59.999000Z,98675643.72405700,634036,22981.25670000,44978672.38513000
1771776000000,2026-02-22T16:00:00Z,1953.99000000,1955.56000000,1935.00000000,1943.74000000,29014.49090000,1771790399999,2026-02-22T19:59:59.999000Z,56437530.56113100,318475,13586.41810000,26432590.56196600
1771790400000,2026-02-22T20:00:00Z,1943.73000000,1960.95000000,1939.81000000,1957.82000000,20987.91380000,1771804799999,2026-02-22T23:59:59.999000Z,40955696.55884400,343019,12363.24890000,24126536.10745100
1771804800000,2026-02-23T00:00:00Z,1957.82000000,1958.33000000,1847.46000000,1862.87000000,167470.89130000,1771819199999,2026-02-23T03:59:59.999000Z,315549813.55108600,1778892,83237.76010000,156993359.72264700
1771819200000,2026-02-23T04:00:00Z,1862.88000000,1888.71000000,1853.34000000,1885.50000000,66206.07590000,1771833599999,2026-02-23T07:59:59.999000Z,123995387.84918500,555621,37535.92330000,70347397.08397500
1771833600000,2026-02-23T08:00:00Z,1885.50000000,1928.19000000,1877.23000000,1915.30000000,69463.56120000,1771847999999,2026-02-23T11:59:59.999000Z,132491350.56545900,695556,33427.47100000,63680355.12240800
1771848000000,2026-02-23T12:00:00Z,1915.29000000,1935.52000000,1892.68000000,1895.65000000,88300.10080000,1771862399999,2026-02-23T15:59:59.999000Z,168951893.42600100,1363415,38877.32540000,74393797.02195800
1771862400000,2026-02-23T16:00:00Z,1895.65000000,1900.18000000,1837.13000000,1857.19000000,118579.90540000,1771876799999,2026-02-23T19:59:59.999000Z,221430058.29005600,1662852,53563.11500000,100035094.83207900
1771876800000,2026-02-23T20:00:00Z,1857.19000000,1870.00000000,1846.80000000,1856.30000000,37338.95230000,1771891199999,2026-02-23T23:59:59.999000Z,69441200.36396600,628417,19857.19030000,36928477.62887200
1771891200000,2026-02-24T00:00:00Z,1856.30000000,1869.58000000,1811.81000000,1832.03000000,79888.06940000,1771905599999,2026-02-24T03:59:59.999000Z,147083612.28453100,1238886,39138.01450000,72073597.91425800
1771905600000,2026-02-24T04:00:00Z,1832.03000000,1840.79000000,1813.77000000,1825.70000000,73536.26700000,1771919999999,2026-02-24T07:59:59.999000Z,134252071.68507200,1035302,36642.78390000,66909785.70025800
1771920000000,2026-02-24T08:00:00Z,1825.70000000,1836.18000000,1815.22000000,1826.75000000,63530.82440000,1771934399999,2026-02-24T11:59:59.999000Z,115954463.56123500,745956,25039.02870000,45701215.86457800
1771934400000,2026-02-24T12:00:00Z,1826.75000000,1850.29000000,1800.00000000,1847.59000000,111212.74970000,1771948799999,2026-02-24T15:59:59.999000Z,203102519.52892000,1784136,50327.48560000,91941023.60101500
1771948800000,2026-02-24T16:00:00Z,1847.59000000,1865.38000000,1838.36000000,1852.46000000,74379.34420000,1771963199999,2026-02-24T19:59:59.999000Z,137995160.50090600,1217624,35952.15350000,66706611.66773000
1771963200000,2026-02-24T20:00:00Z,1852.47000000,1864.11000000,1845.41000000,1851.94000000,35516.77370000,1771977599999,2026-02-24T23:59:59.999000Z,65892866.26855200,585455,18750.94390000,34790020.68189000
1771977600000,2026-02-25T00:00:00Z,1851.95000000,1944.86000000,1846.74000000,1906.14000000,105259.28720000,1771991999999,2026-02-25T03:59:59.999000Z,200952646.40235100,1438910,55220.33210000,105405978.79960600
1771992000000,2026-02-25T04:00:00Z,1906.14000000,1914.35000000,1878.02000000,1893.31000000,54762.95920000,1772006399999,2026-02-25T07:59:59.999000Z,103818696.77958000,773774,26038.04340000,49386004.38422800
1772006400000,2026-02-25T08:00:00Z,1893.32000000,1928.45000000,1890.27000000,1926.48000000,49526.34860000,1772020799999,2026-02-25T11:59:59.999000Z,94713021.76883800,694343,25188.95640000,48155113.98480500
1772020800000,2026-02-25T12:00:00Z,1926.48000000,2028.70000000,1922.28000000,2013.73000000,159045.48480000,1772035199999,2026-02-25T15:59:59.999000Z,314842261.49284900,2192419,82606.19580000,163439515.59503400
1772035200000,2026-02-25T16:00:00Z,2013.69000000,2086.17000000,2013.36000000,2071.10000000,145026.76040000,1772049599999,2026-02-25T19:59:59.999000Z,298316780.04598600,2026272,69185.00370000,142282160.66468000
1772049600000,2026-02-25T20:00:00Z,2071.10000000,2148.39000000,2034.39000000,2057.48000000,169358.59760000,1772063999999,2026-02-25T23:59:59.999000Z,353712926.66206800,1899028,84992.01760000,177487959.39549500
1772064000000,2026-02-26T00:00:00Z,2057.48000000,2076.60000000,2039.37000000,2054.55000000,59037.31290000,1772078399999,2026-02-26T03:59:59.999000Z,121472295.01817900,1221677,29703.17930000,61134531.16904900
1772078400000,2026-02-26T04:00:00Z,2054.55000000,2082.81000000,2051.55000000,2053.37000000,61288.61100000,1772092799999,2026-02-26T07:59:59.999000Z,126629852.61116700,941979,32297.54500000,66762759.45060300
1772092800000,2026-02-26T08:00:00Z,2053.36000000,2083.33000000,2044.36000000,2057.66000000,57504.25920000,1772107199999,2026-02-26T11:59:59.999000Z,118564362.37233400,888192,28752.95150000,59302026.97815600
1772107200000,2026-02-26T12:00:00Z,2057.65000000,2077.81000000,2011.56000000,2033.34000000,111408.82670000,1772121599999,2026-02-26T15:59:59.999000Z,227847209.70406200,1788522,56982.51770000,116649542.09994500
1772121600000,2026-02-26T16:00:00Z,2033.34000000,2037.78000000,1975.35000000,2030.14000000,119622.75690000,1772135999999,2026-02-26T19:59:59.999000Z,239734423.36740900,1772328,61929.95290000,124126032.75695100
1772136000000,2026-02-26T20:00:00Z,2030.13000000,2042.75000000,2018.33000000,2027.68000000,30921.58990000,1772150399999,2026-02-26T23:59:59.999000Z,62814210.16903800,529618,15115.76350000,30716851.52762300
1772150400000,2026-02-27T00:00:00Z,2027.68000000,2049.48000000,2000.02000000,2045.39000000,54459.60790000,1772164799999,2026-02-27T03:59:59.999000Z,110008057.69368200,758456,28032.47840000,56658694.36508700
1772164800000,2026-02-27T04:00:00Z,2045.39000000,2063.52000000,2022.16000000,2032.69000000,63087.88230000,1772179199999,2026-02-27T07:59:59.999000Z,128734533.39679500,591331,27828.83550000,56839783.39754300
1772179200000,2026-02-27T08:00:00Z,2032.69000000,2045.93000000,1953.37000000,1962.08000000,92541.28530000,1772193599999,2026-02-27T11:59:59.999000Z,184727505.73217600,741928,42269.41210000,84282628.25302000
1772193600000,2026-02-27T12:00:00Z,1962.08000000,1969.00000000,1938.82000000,1948.59000000,105123.54970000,1772207999999,2026-02-27T15:59:59.999000Z,205356778.48175800,1309667,56866.81070000,111101288.77158300
1772208000000,2026-02-27T16:00:00Z,1948.59000000,1948.86000000,1907.48000000,1921.10000000,64022.95820000,1772222399999,2026-02-27T19:59:59.999000Z,123331417.46603800,1181232,34380.00590000,66224548.33783700
1772222400000,2026-02-27T20:00:00Z,1921.11000000,1933.64000000,1887.00000000,1929.84000000,49451.95060000,1772236799999,2026-02-27T23:59:59.999000Z,94761429.11399500,630544,24910.08380000,47773933.37511600
1772236800000,2026-02-28T00:00:00Z,1929.84000000,1937.17000000,1919.80000000,1924.49000000,21099.55530000,1772251199999,2026-02-28T03:59:59.999000Z,40700963.88885900,330609,11135.66600000,21486955.93663700
1772251200000,2026-02-28T04:00:00Z,1924.49000000,1931.62000000,1835.36000000,1866.73000000,135260.60760000,1772265599999,2026-02-28T07:59:59.999000Z,253530178.99211200,1604112,63673.66510000,119226559.94281400
1772265600000,2026-02-28T08:00:00Z,1866.73000000,1881.00000000,1845.05000000,1863.31000000,66347.78400000,1772279999999,2026-02-28T11:59:59.999000Z,123439958.02701100,873459,33302.85660000,61979576.60879800
1772280000000,2026-02-28T12:00:00Z,1863.32000000,1915.95000000,1862.47000000,1898.88000000,91811.98350000,1772294399999,2026-02-28T15:59:59.999000Z,173703453.12131900,1184491,47991.52770000,90797078.50709500
1772294400000,2026-02-28T16:00:00Z,1898.87000000,1955.04000000,1886.02000000,1947.02000000,73171.57700000,1772308799999,2026-02-28T19:59:59.999000Z,140548399.36364800,1087425,35812.66210000,68812551.26902800
1772308800000,2026-02-28T20:00:00Z,1947.03000000,1984.99000000,1938.76000000,1964.51000000,73989.47610000,1772323199999,2026-02-28T23:59:59.999000Z,145205329.84076300,1105946,38062.04630000,74750800.81868000
1772323200000,2026-03-01T00:00:00Z,1964.51000000,2054.80000000,1943.58000000,2023.29000000,128780.56670000,1772337599999,2026-03-01T03:59:59.999000Z,259578034.03834300,1565408,64013.89670000,128843108.50068200
1772337600000,2026-03-01T04:00:00Z,2023.29000000,2030.30000000,1989.00000000,2007.24000000,69926.20210000,1772351999999,2026-03-01T07:59:59.999000Z,140266712.75987000,680986,31872.25060000,63930299.36843500
1772352000000,2026-03-01T08:00:00Z,2007.23000000,2010.18000000,1972.24000000,1983.32000000,51208.57370000,1772366399999,2026-03-01T11:59:59.999000Z,101777046.10296400,676222,23180.71870000,46067377.34501500
1772366400000,2026-03-01T12:00:00Z,1983.32000000,2028.00000000,1968.60000000,1993.38000000,80414.57350000,1772380799999,2026-03-01T15:59:59.999000Z,160998978.37844600,1161552,40318.13780000,80762530.17311500
1772380800000,2026-03-01T16:00:00Z,1993.38000000,2009.38000000,1946.55000000,1953.90000000,99987.14540000,1772395199999,2026-03-01T19:59:59.999000Z,197485050.46382800,1234298,48899.46200000,96592319.60292200
1772395200000,2026-03-01T20:00:00Z,1953.89000000,1971.01000000,1907.41000000,1939.71000000,98879.78500000,1772409599999,2026-03-01T23:59:59.999000Z,190925002.04599400,1297832,46263.18180000,89336266.72848600
1772409600000,2026-03-02T00:00:00Z,1939.71000000,1989.23000000,1937.42000000,1972.30000000,69056.63290000,1772423999999,2026-03-02T03:59:59.999000Z,135514384.95315800,1256036,35522.49560000,69726506.21295200
1772424000000,2026-03-02T04:00:00Z,1972.30000000,1983.60000000,1925.53000000,1941.66000000,58667.37870000,1772438399999,2026-03-02T07:59:59.999000Z,114642042.55820700,869803,25973.65440000,50750637.60410800
1772438400000,2026-03-02T08:00:00Z,1941.65000000,1967.13000000,1920.00000000,1947.81000000,61905.28160000,1772452799999,2026-03-02T11:59:59.999000Z,120492211.74434000,1048231,30081.10230000,58557856.03000200
1772452800000,2026-03-02T12:00:00Z,1947.80000000,2065.48000000,1921.70000000,2047.33000000,181807.12150000,1772467199999,2026-03-02T15:59:59.999000Z,362352209.86097200,2770363,102221.58880000,204042164.99193900
1772467200000,2026-03-02T16:00:00Z,2047.33000000,2090.00000000,2017.15000000,2043.57000000,122416.91260000,1772481599999,2026-03-02T19:59:59.999000Z,251119614.64215800,2192641,59289.90570000,121642700.19339500
1772481600000,2026-03-02T20:00:00Z,2043.56000000,2058.59000000,2024.32000000,2027.35000000,83553.04760000,1772495999999,2026-03-02T23:59:59.999000Z,170307090.73505800,1206711,46110.50260000,93938869.93885900
1772496000000,2026-03-03T00:00:00Z,2027.34000000,2041.48000000,1998.00000000,2008.88000000,72387.96760000,1772510399999,2026-03-03T03:59:59.999000Z,146407709.11381500,1211319,36307.21830000,73508253.39441200
1772510400000,2026-03-03T04:00:00Z,2008.88000000,2019.40000000,1987.50000000,1996.33000000,54747.81340000,1772524799999,2026-03-03T07:59:59.999000Z,109434106.77194000,925505,28056.70880000,56081525.97115600
1772524800000,2026-03-03T08:00:00Z,1996.32000000,2000.53000000,1939.10000000,1961.28000000,94656.13810000,1772539199999,2026-03-03T11:59:59.999000Z,185638242.73057700,1183174,46385.06140000,90966582.83734400
1772539200000,2026-03-03T12:00:00Z,1961.28000000,1990.07000000,1929.56000000,1969.22000000,138896.99130000,1772553599999,2026-03-03T15:59:59.999000Z,271667983.61180400,2349375,71551.73390000,139970041.09197600
1772553600000,2026-03-03T16:00:00Z,1969.21000000,2014.12000000,1958.76000000,1986.02000000,112467.89330000,1772567999999,2026-03-03T19:59:59.999000Z,223135403.04878300,1957431,54607.52680000,108367085.29183900
1772568000000,2026-03-03T20:00:00Z,1986.03000000,2001.63000000,1959.35000000,1982.80000000,36173.04970000,1772582399999,2026-03-03T23:59:59.999000Z,71639901.82977500,684551,17343.08170000,34357546.31599500
1772582400000,2026-03-04T00:00:00Z,1982.81000000,1998.66000000,1945.08000000,1960.90000000,62339.72850000,1772596799999,2026-03-04T03:59:59.999000Z,122882907.06532200,1148999,26263.98730000,51783776.17323000
1772596800000,2026-03-04T04:00:00Z,1960.89000000,2010.00000000,1950.65000000,2006.55000000,52487.58590000,1772611199999,2026-03-04T07:59:59.999000Z,103743049.74432400,927698,28068.19430000,55503590.32322500
1772611200000,2026-03-04T08:00:00Z,2006.55000000,2092.90000000,2000.47000000,2054.97000000,187331.07230000,1772625599999,2026-03-04T11:59:59.999000Z,385835400.74024900,2002114,91723.60390000,188801729.10402200
1772625600000,2026-03-04T12:00:00Z,2054.97000000,2157.67000000,2036.37000000,2150.23000000,202994.58080000,1772639999999,2026-03-04T15:59:59.999000Z,424800537.00331100,2502408,111709.85330000,233712204.88176400
1772640000000,2026-03-04T16:00:00Z,2150.23000000,2199.00000000,2129.13000000,2177.51000000,171810.71140000,1772654399999,2026-03-04T19:59:59.999000Z,370403557.00245900,2009920,86893.38480000,187374621.53439800
1772654400000,2026-03-04T20:00:00Z,2177.51000000,2179.66000000,2116.67000000,2127.28000000,60681.13630000,1772668799999,2026-03-04T23:59:59.999000Z,130325602.44839100,936184,23512.83230000,50537702.09913300
1772668800000,2026-03-05T00:00:00Z,2127.28000000,2141.93000000,2107.50000000,2120.15000000,54056.40320000,1772683199999,2026-03-05T03:59:59.999000Z,114800645.71850400,920091,22385.31190000,47542861.86716000
1772683200000,2026-03-05T04:00:00Z,2120.15000000,2144.20000000,2095.71000000,2104.96000000,54039.21260000,1772697599999,2026-03-05T07:59:59.999000Z,114631178.45942900,774595,25680.45870000,54510789.58004300
1772697600000,2026-03-05T08:00:00Z,2104.96000000,2163.66000000,2093.63000000,2137.92000000,70522.73530000,1772711999999,2026-03-05T11:59:59.999000Z,150259156.14186800,1177899,37972.15590000,80918364.99277500
1772712000000,2026-03-05T12:00:00Z,2137.92000000,2142.95000000,2067.54000000,2086.96000000,124518.75750000,1772726399999,2026-03-05T15:59:59.999000Z,261920881.84694700,2003065,56505.52880000,118984164.24230300
1772726400000,2026-03-05T16:00:00Z,2086.95000000,2093.70000000,2054.75000000,2074.36000000,89377.08070000,1772740799999,2026-03-05T19:59:59.999000Z,185328499.79423700,1349986,43151.80930000,89480819.73499500
1772740800000,2026-03-05T20:00:00Z,2074.37000000,2099.36000000,2069.72000000,2072.86000000,39643.62330000,1772755199999,2026-03-05T23:59:59.999000Z,82638491.02793800,527929,19758.23120000,41205647.93025100
1772755200000,2026-03-06T00:00:00Z,2072.86000000,2093.33000000,2061.79000000,2083.80000000,39076.41670000,1772769599999,2026-03-06T03:59:59.999000Z,81261675.21692800,760634,18227.00290000,37912242.28344200
1772769600000,2026-03-06T04:00:00Z,2083.81000000,2087.66000000,2058.84000000,2082.83000000,45370.55240000,1772783999999,2026-03-06T07:59:59.999000Z,94076801.42778600,582711,22321.88410000,46294215.14800600
1772784000000,2026-03-06T08:00:00Z,2082.83000000,2082.83000000,2045.79000000,2051.03000000,50661.10230000,1772798399999,2026-03-06T11:59:59.999000Z,104470945.18528200,615638,23227.74570000,47907675.43556100
1772798400000,2026-03-06T12:00:00Z,2051.03000000,2062.12000000,1966.24000000,1978.01000000,172028.74260000,1772812799999,2026-03-06T15:59:59.999000Z,345781170.70921300,2048928,79376.55850000,159485105.34056900
1772812800000,2026-03-06T16:00:00Z,1978.00000000,1993.30000000,1955.95000000,1983.75000000,75044.61730000,1772827199999,2026-03-06T19:59:59.999000Z,148080921.45967000,1147614,41092.69150000,81103265.06505800
1772827200000,2026-03-06T20:00:00Z,1983.75000000,1989.91000000,1969.26000000,1978.68000000,29416.32560000,1772841599999,2026-03-06T23:59:59.999000Z,58245554.63249400,445899,13358.06080000,26452583.79858200
1772841600000,2026-03-07T00:00:00Z,1978.68000000,1996.04000000,1971.79000000,1980.21000000,27984.32920000,1772855999999,2026-03-07T03:59:59.999000Z,55455327.15521200,288120,14902.96420000,29534005.09555800
1772856000000,2026-03-07T04:00:00Z,1980.22000000,1984.19000000,1964.34000000,1982.94000000,40763.17630000,1772870399999,2026-03-07T07:59:59.999000Z,80486314.47436900,333095,18884.81860000,37272487.01297900
1772870400000,2026-03-07T08:00:00Z,1982.94000000,1994.98000000,1975.38000000,1988.91000000,29519.29210000,1772884799999,2026-03-07T11:59:59.999000Z,58606539.54517900,290395,15251.80560000,30286968.74666800
1772884800000,2026-03-07T12:00:00Z,1988.92000000,1990.95000000,1970.47000000,1981.04000000,29451.19760000,1772899199999,2026-03-07T15:59:59.999000Z,58372410.83920400,395021,13848.32900000,27453797.38944200
1772899200000,2026-03-07T16:00:00Z,1981.03000000,1983.47000000,1948.09000000,1955.20000000,34963.65390000,1772913599999,2026-03-07T19:59:59.999000Z,68758134.20355500,407598,14944.51990000,29412020.52522200
1772913600000,2026-03-07T20:00:00Z,1955.20000000,1974.27000000,1954.89000000,1969.59000000,21778.17090000,1772927999999,2026-03-07T23:59:59.999000Z,42850508.57020100,315314,11437.95590000,22507781.73324500
1772928000000,2026-03-08T00:00:00Z,1969.60000000,1977.35000000,1935.73000000,1947.67000000,52276.87430000,1772942399999,2026-03-08T03:59:59.999000Z,102068212.22527900,439299,21790.54830000,42600846.90081500
1772942400000,2026-03-08T04:00:00Z,1947.67000000,1960.41000000,1930.00000000,1955.23000000,53344.17150000,1772956799999,2026-03-08T07:59:59.999000Z,103776368.19683400,399641,21284.96940000,41434842.35398700
1772956800000,2026-03-08T08:00:00Z,1955.22000000,1979.80000000,1944.85000000,1951.38000000,70951.64930000,1772971199999,2026-03-08T11:59:59.999000Z,139454229.66128300,435873,49746.68980000,97834000.73156500
1772971200000,2026-03-08T12:00:00Z,1951.39000000,1954.67000000,1925.06000000,1943.32000000,83662.24060000,1772985599999,2026-03-08T15:59:59.999000Z,162180246.77510800,1017323,32851.26250000,63721555.15914100
1772985600000,2026-03-08T16:00:00Z,1943.32000000,1970.58000000,1928.08000000,1964.91000000,48151.69320000,1772999999999,2026-03-08T19:59:59.999000Z,93686922.28170300,631218,25889.19990000,50454175.92525100
1773000000000,2026-03-08T20:00:00Z,1964.91000000,1971.95000000,1916.14000000,1937.10000000,82803.10280000,1773014399999,2026-03-08T23:59:59.999000Z,160269542.10417500,1121231,39167.22930000,75860154.89154700
1773014400000,2026-03-09T00:00:00Z,1937.11000000,2006.01000000,1929.65000000,1977.48000000,104584.24940000,1773028799999,2026-03-09T03:59:59.999000Z,206262205.50979600,1385371,53947.15260000,106338937.83051600
1773028800000,2026-03-09T04:00:00Z,1977.48000000,2014.26000000,1963.45000000,1983.90000000,83648.80270000,1773043199999,2026-03-09T07:59:59.999000Z,166663003.90882100,987486,37740.94400000,75172750.56624600
1773043200000,2026-03-09T08:00:00Z,1983.91000000,2022.00000000,1978.92000000,1992.20000000,68130.81020000,1773057599999,2026-03-09T11:59:59.999000Z,136154820.67565800,906642,36762.18810000,73497612.07404300
1773057600000,2026-03-09T12:00:00Z,1992.20000000,2032.84000000,1992.20000000,2022.63000000,115494.54610000,1773071999999,2026-03-09T15:59:59.999000Z,233043310.34253900,1414385,59174.45910000,119398354.38795400
1773072000000,2026-03-09T16:00:00Z,2022.64000000,2053.52000000,2005.76000000,2033.91000000,81118.95110000,1773086399999,2026-03-09T19:59:59.999000Z,164328017.55381400,1048222,40369.37380000,81817148.11414000
1773086400000,2026-03-09T20:00:00Z,2033.91000000,2037.30000000,1989.12000000,1992.98000000,97848.12880000,1773100799999,2026-03-09T23:59:59.999000Z,196431994.29242100,618475,54883.17240000,110129173.48006400
1773100800000,2026-03-10T00:00:00Z,1992.97000000,2054.19000000,1991.00000000,2026.80000000,83033.80260000,1773115199999,2026-03-10T03:59:59.999000Z,168100823.47380300,875564,49442.20360000,100028659.84552800
1773115200000,2026-03-10T04:00:00Z,2026.80000000,2059.69000000,2026.36000000,2051.00000000,60378.28510000,1773129599999,2026-03-10T07:59:59.999000Z,123433809.97306500,601839,34923.41570000,71384910.11120300
1773129600000,2026-03-10T08:00:00Z,2051.00000000,2074.00000000,2051.00000000,2061.69000000,60450.06460000,1773143999999,2026-03-10T11:59:59.999000Z,124693815.71744900,710721,30927.59210000,63799599.68704000
1773144000000,2026-03-10T12:00:00Z,2061.70000000,2085.73000000,2008.65000000,2079.35000000,139969.20040000,1773158399999,2026-03-10T15:59:59.999000Z,286957669.76240400,1396918,68226.20300000,139928496.23813900
1773158400000,2026-03-10T16:00:00Z,2079.34000000,2088.19000000,2027.16000000,2037.02000000,85631.60700000,1773172799999,2026-03-10T19:59:59.999000Z,176311608.69725100,1218345,41701.96610000,85902456.04801700
1773172800000,2026-03-10T20:00:00Z,2037.02000000,2048.31000000,2018.00000000,2036.51000000,33948.91420000,1773187199999,2026-03-10T23:59:59.999000Z,69011529.40218700,423611,14792.33680000,30082254.75102600
1773187200000,2026-03-11T00:00:00Z,2036.50000000,2041.71000000,2018.13000000,2021.17000000,36763.35010000,1773201599999,2026-03-11T03:59:59.999000Z,74616942.92399600,428960,13716.35360000,27852163.33319400
1773201600000,2026-03-11T04:00:00Z,2021.17000000,2041.49000000,2007.17000000,2012.54000000,35827.92290000,1773215999999,2026-03-11T07:59:59.999000Z,72454045.54110500,418266,15099.45620000,30557120.00181900
1773216000000,2026-03-11T08:00:00Z,2012.54000000,2033.96000000,2009.48000000,2017.80000000,36247.09840000,1773230399999,2026-03-11T11:59:59.999000Z,73252849.53443800,544142,15730.12610000,31797498.10623400
1773230400000,2026-03-11T12:00:00Z,2017.80000000,2082.66000000,2012.81000000,2049.73000000,132152.86250000,1773244799999,2026-03-11T15:59:59.999000Z,271059934.51992200,1727200,69539.35220000,142676008.73179800
1773244800000,2026-03-11T16:00:00Z,2049.75000000,2085.58000000,2046.46000000,2076.06000000,76213.74440000,1773259199999,2026-03-11T19:59:59.999000Z,157773619.09628300,1123299,43022.70440000,89058139.50608700
1773259200000,2026-03-11T20:00:00Z,2076.05000000,2084.53000000,2045.20000000,2051.97000000,32856.27770000,1773273599999,2026-03-11T23:59:59.999000Z,67875565.59027300,488419,15338.74010000,31699558.22393300
1773273600000,2026-03-12T00:00:00Z,2051.97000000,2058.16000000,2017.59000000,2023.38000000,44363.53440000,1773287999999,2026-03-12T03:59:59.999000Z,90354207.14106400,567541,20485.52080000,41729684.27189600
1773288000000,2026-03-12T04:00:00Z,2023.39000000,2042.26000000,2019.33000000,2040.70000000,36224.65700000,1773302399999,2026-03-12T07:59:59.999000Z,73539634.15519400,382714,20415.45350000,41464541.23218700
1773302400000,2026-03-12T08:00:00Z,2040.69000000,2076.65000000,2038.42000000,2062.83000000,56474.72060000,1773316799999,2026-03-12T11:59:59.999000Z,116219273.84137900,617407,27278.02520000,56148185.44618400
1773316800000,2026-03-12T12:00:00Z,2062.83000000,2095.00000000,2037.79000000,2072.33000000,112015.80500000,1773331199999,2026-03-12T15:59:59.999000Z,231385465.90123200,1621113,61399.77140000,126855390.27540300
1773331200000,2026-03-12T16:00:00Z,2072.33000000,2078.09000000,2045.42000000,2069.59000000,63567.83530000,1773345599999,2026-03-12T19:59:59.999000Z,131074660.85565400,983488,32258.95400000,66489943.97774700
1773345600000,2026-03-12T20:00:00Z,2069.60000000,2093.45000000,2054.99000000,2073.52000000,87861.26090000,1773359999999,2026-03-12T23:59:59.999000Z,181885010.23215500,585512,34857.10850000,72165082.83740700
1773360000000,2026-03-13T00:00:00Z,2073.51000000,2148.80000000,2070.12000000,2118.85000000,126779.33880000,1773374399999,2026-03-13T03:59:59.999000Z,268822044.62539200,1212243,60051.05750000,127276877.75742200
1773374400000,2026-03-13T04:00:00Z,2118.86000000,2120.06000000,2090.00000000,2099.38000000,45196.26170000,1773388799999,2026-03-13T07:59:59.999000Z,94986259.49171100,494435,21301.56990000,44759625.38391200
1773388800000,2026-03-13T08:00:00Z,2099.38000000,2133.30000000,2091.45000000,2121.02000000,66817.47370000,1773403199999,2026-03-13T11:59:59.999000Z,141309346.67808900,777893,33950.70280000,71785490.74408700
1773403200000,2026-03-13T12:00:00Z,2121.02000000,2209.03000000,2120.52000000,2128.01000000,234537.66850000,1773417599999,2026-03-13T15:59:59.999000Z,508108528.64045700,2045887,125202.14680000,271191358.17097200
1773417600000,2026-03-13T16:00:00Z,2128.01000000,2143.33000000,2090.28000000,2102.48000000,84455.49420000,1773431999999,2026-03-13T19:59:59.999000Z,178480710.42384700,1141369,39958.18880000,84460713.03623800
1773432000000,2026-03-13T20:00:00Z,2102.48000000,2116.66000000,2078.50000000,2092.22000000,41870.80300000,1773446399999,2026-03-13T23:59:59.999000Z,87696290.63409000,466662,19897.54930000,41670392.92989700
1773446400000,2026-03-14T00:00:00Z,2092.21000000,2103.42000000,2081.39000000,2101.16000000,31321.78370000,1773460799999,2026-03-14T03:59:59.999000Z,65531005.01170200,346003,17646.72410000,36925332.75033000
1773460800000,2026-03-14T04:00:00Z,2101.15000000,2106.09000000,2068.28000000,2077.46000000,38191.84210000,1773475199999,2026-03-14T07:59:59.999000Z,79691588.69329700,365282,14637.84800000,30544980.40522700
1773475200000,2026-03-14T08:00:00Z,2077.46000000,2081.64000000,2061.60000000,2073.67000000,26861.54630000,1773489599999,2026-03-14T11:59:59.999000Z,55633967.37955500,270467,12461.85130000,25812670.20638800
1773489600000,2026-03-14T12:00:00Z,2073.67000000,2080.65000000,2069.80000000,2074.72000000,22427.71150000,1773503999999,2026-03-14T15:59:59.999000Z,46541930.38016400,240791,12013.02300000,24930980.83458600
1773504000000,2026-03-14T16:00:00Z,2074.72000000,2079.47000000,2069.19000000,2077.49000000,10772.07770000,1773518399999,2026-03-14T19:59:59.999000Z,22356889.03298100,145527,4845.96590000,10057884.04514300
1773518400000,2026-03-14T20:00:00Z,2077.50000000,2099.69000000,2076.20000000,2096.16000000,22925.62090000,1773532799999,2026-03-14T23:59:59.999000Z,47893203.34234300,216388,11803.94870000,24658214.28311300
1773532800000,2026-03-15T00:00:00Z,2096.16000000,2107.91000000,2083.35000000,2096.15000000,28619.31640000,1773547199999,2026-03-15T03:59:59.999000Z,59975681.87585000,329471,15860.34790000,33242618.10279800
1773547200000,2026-03-15T04:00:00Z,2096.15000000,2115.95000000,2096.13000000,2105.64000000,22147.28710000,1773561599999,2026-03-15T07:59:59.999000Z,46672740.40287300,269950,10628.89020000,22403907.64027300
1773561600000,2026-03-15T08:00:00Z,2105.64000000,2123.44000000,2105.64000000,2119.63000000,21019.70680000,1773575999999,2026-03-15T11:59:59.999000Z,44501332.87454900,238048,12208.89010000,25850658.64771100
1773576000000,2026-03-15T12:00:00Z,2119.63000000,2119.83000000,2086.34000000,2093.79000000,45875.41830000,1773590399999,2026-03-15T15:59:59.999000Z,96174221.63003600,382588,19979.62090000,41870649.26522200
1773590400000,2026-03-15T16:00:00Z,2093.79000000,2117.86000000,2088.84000000,2113.49000000,31467.59410000,1773604799999,2026-03-15T19:59:59.999000Z,66224549.35490000,397316,16479.83340000,34676099.46928300
1773604800000,2026-03-15T20:00:00Z,2113.49000000,2202.87000000,2110.00000000,2178.30000000,131696.61500000,1773619199999,2026-03-15T23:59:59.999000Z,285262715.16276000,1384357,70984.79210000,153716607.00872000
1773619200000,2026-03-16T00:00:00Z,2178.29000000,2253.48000000,2164.73000000,2235.67000000,133968.09910000,1773633599999,2026-03-16T03:59:59.999000Z,296266200.83254000,1206260,70747.30610000,156271529.98412400
1773633600000,2026-03-16T04:00:00Z,2235.67000000,2288.63000000,2235.67000000,2248.95000000,186961.79770000,1773647999999,2026-03-16T07:59:59.999000Z,422820355.64729400,1148606,96153.20480000,217456978.18794800
1773648000000,2026-03-16T08:00:00Z,2248.95000000,2280.00000000,2234.92000000,2269.94000000,89322.69480000,1773662399999,2026-03-16T11:59:59.999000Z,201862268.63922500,775540,48515.63270000,109716629.79450500
1773662400000,2026-03-16T12:00:00Z,2269.94000000,2308.54000000,2255.04000000,2273.88000000,178036.62190000,1773676799999,2026-03-16T15:59:59.999000Z,406976839.61902500,1861435,93993.72540000,214930188.74423000
1773676800000,2026-03-16T16:00:00Z,2273.88000000,2348.06000000,2270.00000000,2330.92000000,127675.31260000,1773691199999,2026-03-16T19:59:59.999000Z,295957836.62404600,1319043,68793.17940000,159393541.29826500
1773691200000,2026-03-16T20:00:00Z,2330.92000000,2386.02000000,2323.68000000,2352.97000000,129928.24950000,1773705599999,2026-03-16T23:59:59.999000Z,306153653.11863900,1098427,67616.34760000,159334726.86048700
1773705600000,2026-03-17T00:00:00Z,2352.97000000,2376.66000000,2308.03000000,2320.00000000,159041.61950000,1773719999999,2026-03-17T03:59:59.999000Z,374112299.55624400,1449118,81678.80240000,192301606.95458400
1773720000000,2026-03-17T04:00:00Z,2320.01000000,2337.86000000,2294.15000000,2327.70000000,86783.27650000,1773734399999,2026-03-17T07:59:59.999000Z,200813210.98712400,763581,42138.64700000,97493076.28810800
1773734400000,2026-03-17T08:00:00Z,2327.71000000,2335.35000000,2304.00000000,2326.82000000,59820.31030000,1773748799999,2026-03-17T11:59:59.999000Z,138803427.78758300,734745,28499.98090000,66157016.33064200
1773748800000,2026-03-17T12:00:00Z,2326.81000000,2357.73000000,2304.27000000,2315.98000000,105064.05960000,1773763199999,2026-03-17T15:59:59.999000Z,244697393.84951700,1472118,50538.77900000,117765622.26838500
1773763200000,2026-03-17T16:00:00Z,2315.98000000,2342.70000000,2312.44000000,2320.22000000,50434.42640000,1773777599999,2026-03-17T19:59:59.999000Z,117536308.11969500,782903,22928.93770000,53442626.64291100
1773777600000,2026-03-17T20:00:00Z,2320.22000000,2344.69000000,2316.78000000,2317.39000000,32687.40930000,1773791999999,2026-03-17T23:59:59.999000Z,76131367.36827400,394171,14351.35950000,33429735.26752800
1773792000000,2026-03-18T00:00:00Z,2317.38000000,2350.00000000,2307.00000000,2340.61000000,39754.86850000,1773806399999,2026-03-18T03:59:59.999000Z,92611158.05051200,525080,20430.11390000,47606753.56925300
1773806400000,2026-03-18T04:00:00Z,2340.61000000,2342.00000000,2311.53000000,2317.74000000,32757.98540000,1773820799999,2026-03-18T07:59:59.999000Z,76151214.19917900,366796,13593.81660000,31596007.31583200
1773820800000,2026-03-18T08:00:00Z,2317.73000000,2333.62000000,2263.43000000,2269.34000000,70784.14330000,1773835199999,2026-03-18T11:59:59.999000Z,162729954.56144100,762820,31528.91130000,72434897.80904300
1773835200000,2026-03-18T12:00:00Z,2269.33000000,2270.50000000,2168.97000000,2187.66000000,170394.11980000,1773849599999,2026-03-18T15:59:59.999000Z,377758114.56799700,1948341,79174.83500000,175566531.78459400
1773849600000,2026-03-18T16:00:00Z,2187.67000000,2220.00000000,2166.87000000,2185.85000000,99070.47100000,1773863999999,2026-03-18T19:59:59.999000Z,217212826.95623300,1327834,47254.67150000,103688766.49940600
1773864000000,2026-03-18T20:00:00Z,2185.85000000,2206.88000000,2153.21000000,2203.39000000,75279.30070000,1773878399999,2026-03-18T23:59:59.999000Z,164559636.76789200,754066,40382.24230000,88321921.02393000
1773878400000,2026-03-19T00:00:00Z,2203.39000000,2233.72000000,2187.24000000,2212.29000000,52579.62660000,1773892799999,2026-03-19T03:59:59.999000Z,116020711.24756100,674609,25521.14480000,56335753.47921600
1773892800000,2026-03-19T04:00:00Z,2212.29000000,2213.11000000,2143.14000000,2166.68000000,79211.28670000,1773907199999,2026-03-19T07:59:59.999000Z,172233669.79703100,952951,35620.24810000,77448414.22473400
1773907200000,2026-03-19T08:00:00Z,2166.68000000,2192.07000000,2158.09000000,2166.92000000,65786.04550000,1773921599999,2026-03-19T11:59:59.999000Z,143056658.12287900,804469,31737.74000000,68983859.83955000
1773921600000,2026-03-19T12:00:00Z,2166.92000000,2167.48000000,2099.38000000,2118.81000000,165314.32150000,1773935999999,2026-03-19T15:59:59.999000Z,351437575.46059100,1976852,70462.99080000,149839695.38934500
1773936000000,2026-03-19T16:00:00Z,2118.81000000,2156.92000000,2104.87000000,2141.19000000,86393.29930000,1773950399999,2026-03-19T19:59:59.999000Z,183669068.41110700,1181258,50055.92760000,106426024.09340400
1773950400000,2026-03-19T20:00:00Z,2141.18000000,2155.62000000,2130.57000000,2137.81000000,41507.09940000,1773964799999,2026-03-19T23:59:59.999000Z,88989378.61855200,552021,22085.12750000,47349517.11821200
1773964800000,2026-03-20T00:00:00Z,2137.82000000,2160.78000000,2132.69000000,2151.38000000,44494.76030000,1773979199999,2026-03-20T03:59:59.999000Z,95582855.13263600,621009,25150.38220000,54041179.03015200
1773979200000,2026-03-20T04:00:00Z,2151.38000000,2159.24000000,2121.25000000,2150.54000000,43279.94950000,1773993599999,2026-03-20T07:59:59.999000Z,92708311.61637200,574468,23004.66090000,49278199.24336500
1773993600000,2026-03-20T08:00:00Z,2150.53000000,2176.84000000,2131.56000000,2141.50000000,61690.40490000,1774007999999,2026-03-20T11:59:59.999000Z,132808271.12697800,842145,32509.97400000,70031113.83361300
1774008000000,2026-03-20T12:00:00Z,2141.49000000,2152.74000000,2116.88000000,2134.01000000,68483.29500000,1774022399999,2026-03-20T15:59:59.999000Z,146124884.70607200,1320553,36941.51940000,78840288.91962500
1774022400000,2026-03-20T16:00:00Z,2134.00000000,2144.76000000,2117.41000000,2132.91000000,45009.74200000,1774036799999,2026-03-20T19:59:59.999000Z,95856620.22277700,754341,23315.08880000,49663997.32335000
1774036800000,2026-03-20T20:00:00Z,2132.91000000,2168.00000000,2123.96000000,2146.22000000,37198.02610000,1774051199999,2026-03-20T23:59:59.999000Z,79914585.32581900,482856,21278.51870000,45707408.24680500
1774051200000,2026-03-21T00:00:00Z,2146.21000000,2159.87000000,2144.24000000,2153.60000000,15716.73850000,1774065599999,2026-03-21T03:59:59.999000Z,33816406.22796900,249850,7924.73180000,17053878.22556200
1774065600000,2026-03-21T04:00:00Z,2153.59000000,2161.34000000,2150.36000000,2155.67000000,16494.18310000,1774079999999,2026-03-21T07:59:59.999000Z,35552238.82124000,168368,9032.90260000,19471778.02831000
1774080000000,2026-03-21T08:00:00Z,2155.67000000,2159.52000000,2149.57000000,2157.37000000,12040.13390000,1774094399999,2026-03-21T11:59:59.999000Z,25951770.63719300,145347,6054.78610000,13051843.35351600
1774094400000,2026-03-21T12:00:00Z,2157.37000000,2168.27000000,2146.45000000,2155.12000000,19951.15340000,1774108799999,2026-03-21T15:59:59.999000Z,43032723.42814000,225123,10428.03900000,22497135.88810300
1774108800000,2026-03-21T16:00:00Z,2155.13000000,2155.64000000,2142.01000000,2152.16000000,13965.64080000,1774123199999,2026-03-21T19:59:59.999000Z,30028620.84587500,164448,7229.31620000,15546150.13298100
1774123200000,2026-03-21T20:00:00Z,2152.17000000,2157.00000000,2070.78000000,2084.87000000,54391.61490000,1774137599999,2026-03-21T23:59:59.999000Z,114762850.75648600,422327,22579.80550000,47603848.60641300
1774137600000,2026-03-22T00:00:00Z,2084.86000000,2127.21000000,2050.12000000,2113.83000000,109521.64830000,1774151999999,2026-03-22T03:59:59.999000Z,228415855.85076100,1047345,53881.53870000,112461590.69518200
1774152000000,2026-03-22T04:00:00Z,2113.83000000,2122.94000000,2092.35000000,2093.38000000,32643.63280000,1774166399999,2026-03-22T07:59:59.999000Z,68932197.31215900,374424,16240.09080000,34313074.38778500
1774166400000,2026-03-22T08:00:00Z,2093.40000000,2096.82000000,2066.97000000,2069.98000000,43062.53550000,1774180799999,2026-03-22T11:59:59.999000Z,89668874.31782200,550629,19947.56910000,41536825.40392900
1774180800000,2026-03-22T12:00:00Z,2069.97000000,2092.63000000,2068.37000000,2083.10000000,34314.28810000,1774195199999,2026-03-22T15:59:59.999000Z,71400216.48363600,422707,19232.99080000,40025293.90201300
1774195200000,2026-03-22T16:00:00Z,2083.10000000,2084.45000000,2054.35000000,2063.21000000,27972.36860000,1774209599999,2026-03-22T19:59:59.999000Z,57908974.25819900,344179,13024.12680000,26977376.17138300
1774209600000,2026-03-22T20:00:00Z,2063.22000000,2074.16000000,2026.00000000,2053.89000000,65556.08390000,1774223999999,2026-03-22T23:59:59.999000Z,134358658.43621700,838573,32019.38940000,65627724.16538600
1774224000000,2026-03-23T00:00:00Z,2053.90000000,2072.33000000,2035.69000000,2052.54000000,46093.48910000,1774238399999,2026-03-23T03:59:59.999000Z,94678372.14046800,748697,24040.70300000,49398319.71997900
1774238400000,2026-03-23T04:00:00Z,2052.53000000,2072.11000000,2023.04000000,2044.72000000,57516.02920000,1774252799999,2026-03-23T07:59:59.999000Z,117750665.02391100,706585,29331.90220000,60057641.43028400
1774252800000,2026-03-23T08:00:00Z,2044.73000000,2198.57000000,2028.20000000,2134.78000000,192147.20970000,1774267199999,2026-03-23T11:59:59.999000Z,410479442.09301700,1838949,97179.97290000,207479899.60334800
1774267200000,2026-03-23T12:00:00Z,2134.78000000,2192.44000000,2107.43000000,2128.45000000,199243.92920000,1774281599999,2026-03-23T15:59:59.999000Z,429362031.35745500,2328207,99420.81580000,214368809.47707300
1774281600000,2026-03-23T16:00:00Z,2128.46000000,2178.74000000,2117.77000000,2154.46000000,93011.07630000,1774295999999,2026-03-23T19:59:59.999000Z,199562741.30987000,1297298,47592.97000000,102180033.13444300
1774296000000,2026-03-23T20:00:00Z,2154.45000000,2166.81000000,2140.71000000,2152.03000000,26496.70340000,1774310399999,2026-03-23T23:59:59.999000Z,57066551.09177800,429932,12673.62250000,27297330.33561400
1774310400000,2026-03-24T00:00:00Z,2152.03000000,2156.22000000,2124.26000000,2141.59000000,43067.64660000,1774324799999,2026-03-24T03:59:59.999000Z,92128317.39213600,694154,19586.56830000,41906643.58596600
1774324800000,2026-03-24T04:00:00Z,2141.59000000,2170.65000000,2128.84000000,2165.61000000,46075.05790000,1774339199999,2026-03-24T07:59:59.999000Z,98986253.46928000,612079,22749.77660000,48874293.28819900
1774339200000,2026-03-24T08:00:00Z,2165.61000000,2175.16000000,2147.36000000,2165.90000000,40140.74950000,1774353599999,2026-03-24T11:59:59.999000Z,86731932.58014900,551067,19705.85170000,42587001.31354100
1774353600000,2026-03-24T12:00:00Z,2165.89000000,2170.52000000,2120.00000000,2135.15000000,80333.00750000,1774367999999,2026-03-24T15:59:59.999000Z,171997627.21701200,1318506,37575.62910000,80461280.57486000
1774368000000,2026-03-24T16:00:00Z,2135.15000000,2140.57000000,2103.02000000,2116.87000000,59554.77860000,1774382399999,2026-03-24T19:59:59.999000Z,126191368.74659800,818011,27742.47720000,58789229.37132600
1774382400000,2026-03-24T20:00:00Z,2116.86000000,2163.70000000,2115.63000000,2156.23000000,47532.23270000,1774396799999,2026-03-24T23:59:59.999000Z,102070147.40521500,639276,24943.86460000,53560978.90885900
1774396800000,2026-03-25T00:00:00Z,2156.22000000,2168.63000000,2146.35000000,2158.54000000,35228.55990000,1774411199999,2026-03-25T03:59:59.999000Z,76044149.68437100,445917,19058.79740000,41150689.60290600
1774411200000,2026-03-25T04:00:00Z,2158.53000000,2179.73000000,2156.83000000,2164.57000000,38937.41980000,1774425599999,2026-03-25T07:59:59.999000Z,84467019.02095700,366518,18305.07340000,39713309.77750500
1774425600000,2026-03-25T08:00:00Z,2164.57000000,2199.02000000,2164.57000000,2186.41000000,56767.01820000,1774439999999,2026-03-25T11:59:59.999000Z,124050456.91682700,562300,31355.79720000,68534860.02334900
1774440000000,2026-03-25T12:00:00Z,2186.41000000,2198.16000000,2147.67000000,2162.56000000,76609.84580000,1774454399999,2026-03-25T15:59:59.999000Z,166719272.98684100,1144526,35250.92430000,76747398.17651000
1774454400000,2026-03-25T16:00:00Z,2162.56000000,2186.85000000,2155.93000000,2172.69000000,46113.50720000,1774468799999,2026-03-25T19:59:59.999000Z,100036436.79624300,684308,25113.41620000,54481894.77615900
1774468800000,2026-03-25T20:00:00Z,2172.68000000,2183.50000000,2159.42000000,2169.02000000,21985.17460000,1774483199999,2026-03-25T23:59:59.999000Z,47701345.76250700,288552,9919.47620000,21530924.12984300
1774483200000,2026-03-26T00:00:00Z,2169.02000000,2172.19000000,2144.05000000,2153.21000000,29526.65840000,1774497599999,2026-03-26T03:59:59.999000Z,63720468.23767100,384632,12847.01700000,27721111.98046700
1774497600000,2026-03-26T04:00:00Z,2153.22000000,2154.58000000,2112.17000000,2123.64000000,49214.77060000,1774511999999,2026-03-26T07:59:59.999000Z,104698777.99130500,511552,20993.72490000,44654198.33332500
1774512000000,2026-03-26T08:00:00Z,2123.64000000,2126.89000000,2062.94000000,2068.44000000,76476.70340000,1774526399999,2026-03-26T11:59:59.999000Z,159613590.57324300,720255,38750.17480000,80857531.64511100
1774526400000,2026-03-26T12:00:00Z,2068.45000000,2093.79000000,2052.01000000,2070.40000000,74259.02180000,1774540799999,2026-03-26T15:59:59.999000Z,154004813.04725300,1003702,40040.72040000,83049937.87090000
1774540800000,2026-03-26T16:00:00Z,2070.40000000,2070.95000000,2034.54000000,2049.12000000,65545.19750000,1774555199999,2026-03-26T19:59:59.999000Z,134554041.48035600,714822,36633.62850000,75189623.29150000
1774555200000,2026-03-26T20:00:00Z,2049.11000000,2080.42000000,2046.54000000,2060.43000000,42988.27210000,1774569599999,2026-03-26T23:59:59.999000Z,88905069.64110600,555784,22322.94780000,46174353.03207600
1774569600000,2026-03-27T00:00:00Z,2060.43000000,2077.19000000,2056.80000000,2061.48000000,22743.32420000,1774583999999,2026-03-27T03:59:59.999000Z,46998194.30813600,366108,11254.61010000,23258058.90224800
1774584000000,2026-03-27T04:00:00Z,2061.49000000,2072.36000000,2043.49000000,2066.23000000,52118.19880000,1774598399999,2026-03-27T07:59:59.999000Z,107490340.67476400,437181,30748.22720000,63449521.76179400
1774598400000,2026-03-27T08:00:00Z,2066.24000000,2069.60000000,1983.02000000,1991.80000000,119274.87490000,1774612799999,2026-03-27T11:59:59.999000Z,240658675.78370700,991776,56817.37580000,114888861.25196300
1774612800000,2026-03-27T12:00:00Z,1991.80000000,2010.45000000,1970.93000000,1991.32000000,108873.37370000,1774627199999,2026-03-27T15:59:59.999000Z,216470642.55690200,1084346,54435.90260000,108271171.81769500
1774627200000,2026-03-27T16:00:00Z,1991.32000000,1997.73000000,1974.48000000,1991.71000000,70350.73150000,1774641599999,2026-03-27T19:59:59.999000Z,139733234.22393300,742004,43001.67480000,85423126.81948100
1774641600000,2026-03-27T20:00:00Z,1991.70000000,1996.31000000,1980.00000000,1992.75000000,21513.02170000,1774655999999,2026-03-27T23:59:59.999000Z,42757541.45969800,287822,9793.48930000,19463818.43829000
1774656000000,2026-03-28T00:00:00Z,1992.76000000,1995.16000000,1983.17000000,1989.19000000,17995.81980000,1774670399999,2026-03-28T03:59:59.999000Z,35791224.93644200,211494,11291.44180000,22454292.86821400
1774670400000,2026-03-28T04:00:00Z,1989.19000000,2008.35000000,1987.30000000,2007.07000000,18318.46700000,1774684799999,2026-03-28T07:59:59.999000Z,36621392.51154400,171265,11791.25850000,23571002.78709600
1774684800000,2026-03-28T08:00:00Z,2007.07000000,2008.34000000,1992.77000000,1997.64000000,18237.62290000,1774699199999,2026-03-28T11:59:59.999000Z,36459198.58370200,164289,9350.03160000,18691203.31124200
1774699200000,2026-03-28T12:00:00Z,1997.64000000,2047.45000000,1992.25000000,2026.84000000,65210.09230000,1774713599999,2026-03-28T15:59:59.999000Z,131853578.33946600,553972,37127.99360000,75080977.74167000
1774713600000,2026-03-28T16:00:00Z,2026.84000000,2030.23000000,2016.50000000,2020.56000000,12710.55040000,1774727999999,2026-03-28T19:59:59.999000Z,25717308.31523000,196711,6803.98520000,13769030.23722200
1774728000000,2026-03-28T20:00:00Z,2020.57000000,2026.48000000,1989.64000000,1994.74000000,22359.25310000,1774742399999,2026-03-28T23:59:59.999000Z,44885349.46094500,272079,10014.20830000,20106640.53896600
1774742400000,2026-03-29T00:00:00Z,1994.74000000,2019.65000000,1991.52000000,2011.10000000,16613.26080000,1774756799999,2026-03-29T03:59:59.999000Z,33307877.24728100,269628,8962.76830000,17973188.98481700
1774756800000,2026-03-29T04:00:00Z,2011.10000000,2012.72000000,1997.67000000,2006.14000000,12828.45970000,1774771199999,2026-03-29T07:59:59.999000Z,25713523.24803800,212112,6454.21900000,12936903.67834400
1774771200000,2026-03-29T08:00:00Z,2006.14000000,2008.16000000,1991.90000000,2003.78000000,15067.82310000,1774785599999,2026-03-29T11:59:59.999000Z,30145067.75650500,217382,7770.18690000,15544338.89960600
1774785600000,2026-03-29T12:00:00Z,2003.78000000,2004.90000000,1983.56000000,1992.97000000,25232.66860000,1774799999999,2026-03-29T15:59:59.999000Z,50287494.00792000,323082,12494.10960000,24904577.69894800
1774800000000,2026-03-29T16:00:00Z,1992.98000000,2003.61000000,1987.60000000,1995.89000000,16964.03580000,1774814399999,2026-03-29T19:59:59.999000Z,33867242.29666200,243267,9104.83420000,18176391.85890900
1774814400000,2026-03-29T20:00:00Z,1995.89000000,2009.48000000,1938.82000000,1984.64000000,80020.49020000,1774828799999,2026-03-29T23:59:59.999000Z,157928449.47342400,784337,42911.12580000,84709843.73635500
1774828800000,2026-03-30T00:00:00Z,1984.65000000,2043.50000000,1980.28000000,2035.88000000,70029.58620000,1774843199999,2026-03-30T03:59:59.999000Z,141231031.13631400,878125,40394.35830000,81475353.16465000
1774843200000,2026-03-30T04:00:00Z,2035.88000000,2068.28000000,2035.88000000,2059.58000000,52260.91340000,1774857599999,2026-03-30T07:59:59.999000Z,107181176.51017100,471916,26790.45810000,54953790.90281100
1774857600000,2026-03-30T08:00:00Z,2059.58000000,2081.65000000,2048.14000000,2071.28000000,50627.46870000,1774871999999,2026-03-30T11:59:59.999000Z,104493336.26790300,511099,26082.84820000,53842364.70180000
1774872000000,2026-03-30T12:00:00Z,2071.29000000,2085.00000000,2044.25000000,2074.53000000,70195.18220000,1774886399999,2026-03-30T15:59:59.999000Z,145075944.02717800,896727,34370.63100000,71077753.36719000
1774886400000,2026-03-30T16:00:00Z,2074.53000000,2074.99000000,2013.33000000,2023.70000000,60238.40650000,1774900799999,2026-03-30T19:59:59.999000Z,122980559.10739100,696460,28407.01000000,57966084.50624600
1774900800000,2026-03-30T20:00:00Z,2023.70000000,2049.10000000,2013.92000000,2026.48000000,34952.87740000,1774915199999,2026-03-30T23:59:59.999000Z,71004318.03350000,432219,18016.90550000,36608895.64811200
1774915200000,2026-03-31T00:00:00Z,2026.48000000,2092.34000000,2016.29000000,2066.71000000,66502.14020000,1774929599999,2026-03-31T03:59:59.999000Z,137267281.99431800,794282,38491.94570000,79399309.44949200
1774929600000,2026-03-31T04:00:00Z,2066.71000000,2072.24000000,2042.31000000,2055.97000000,34849.58180000,1774943999999,2026-03-31T07:59:59.999000Z,71746428.29204900,394201,15338.03460000,31577622.63755500
1774944000000,2026-03-31T08:00:00Z,2055.98000000,2059.20000000,2012.64000000,2041.20000000,62779.53770000,1774958399999,2026-03-31T11:59:59.999000Z,127661095.92829600,723301,28576.88810000,58120125.67216500
1774958400000,2026-03-31T12:00:00Z,2041.21000000,2092.00000000,2035.02000000,2054.85000000,95949.44820000,1774972799999,2026-03-31T15:59:59.999000Z,198088477.79331700,1255153,47054.47540000,97172098.15802800
1774972800000,2026-03-31T16:00:00Z,2054.85000000,2124.03000000,2054.29000000,2096.54000000,126072.26480000,1774987199999,2026-03-31T19:59:59.999000Z,264530378.29253100,1392942,69802.06120000,146430164.07953200
1774987200000,2026-03-31T20:00:00Z,2096.54000000,2111.01000000,2088.35000000,2105.43000000,35744.92960000,1775001599999,2026-03-31T23:59:59.999000Z,75093557.90568300,453917,19115.72360000,40167214.13019900
1775001600000,2026-04-01T00:00:00Z,2105.43000000,2117.79000000,2082.08000000,2102.91000000,37975.99830000,1775015999999,2026-04-01T03:59:59.999000Z,79727903.50791100,560193,19021.46920000,39948694.21439500
1775016000000,2026-04-01T04:00:00Z,2102.91000000,2158.00000000,2100.35000000,2131.00000000,78179.02180000,1775030399999,2026-04-01T07:59:59.999000Z,166912950.68252800,739316,39769.40290000,84889425.69567700
1775030400000,2026-04-01T08:00:00Z,2131.00000000,2142.93000000,2125.00000000,2135.32000000,46234.25240000,1775044799999,2026-04-01T11:59:59.999000Z,98660192.47447000,499154,20284.64130000,43289026.46801000
1775044800000,2026-04-01T12:00:00Z,2135.32000000,2152.00000000,2108.72000000,2135.04000000,77261.01300000,1775059199999,2026-04-01T15:59:59.999000Z,164265811.38376600,1072590,38632.01700000,82139146.91995400
1775059200000,2026-04-01T16:00:00Z,2135.04000000,2167.85000000,2123.58000000,2141.43000000,74639.06660000,1775073599999,2026-04-01T19:59:59.999000Z,159868636.58856000,824421,40493.00740000,86738808.86417100
1775073600000,2026-04-01T20:00:00Z,2141.43000000,2165.42000000,2130.70000000,2140.35000000,84938.02580000,1775087999999,2026-04-01T23:59:59.999000Z,182581765.24153600,515859,45520.57360000,97875740.55035200
1775088000000,2026-04-02T00:00:00Z,2140.35000000,2159.37000000,2046.48000000,2056.33000000,108784.51930000,1775102399999,2026-04-02T03:59:59.999000Z,228689806.39703600,1358682,49092.01790000,103249435.35242100
1775102400000,2026-04-02T04:00:00Z,2056.33000000,2058.45000000,2038.63000000,2056.09000000,45874.14580000,1775116799999,2026-04-02T07:59:59.999000Z,93993202.52015000,531932,19912.84570000,40809640.68213300
1775116800000,2026-04-02T08:00:00Z,2056.09000000,2056.09000000,2024.73000000,2033.01000000,34776.97170000,1775131199999,2026-04-02T11:59:59.999000Z,70983430.84965100,424333,16404.42600000,33494962.64346900
1775131200000,2026-04-02T12:00:00Z,2033.02000000,2072.22000000,2017.04000000,2059.60000000,88821.54810000,1775145599999,2026-04-02T15:59:59.999000Z,181530276.57235900,1256262,44130.78300000,90206802.87445800
1775145600000,2026-04-02T16:00:00Z,2059.59000000,2077.64000000,2043.65000000,2065.34000000,44924.95080000,1775159999999,2026-04-02T19:59:59.999000Z,92488495.11999300,572872,20921.57220000,43087559.81428500
1775160000000,2026-04-02T20:00:00Z,2065.35000000,2074.16000000,2053.54000000,2057.17000000,23690.69660000,1775174399999,2026-04-02T23:59:59.999000Z,48863313.20655500,318842,10685.22540000,22045334.21636600
1775174400000,2026-04-03T00:00:00Z,2057.18000000,2062.49000000,2040.66000000,2054.23000000,27862.58090000,1775188799999,2026-04-03T03:59:59.999000Z,57141977.70546000,373054,13171.39960000,27008447.73223300
1775188800000,2026-04-03T04:00:00Z,2054.22000000,2075.17000000,2047.35000000,2065.85000000,24471.25750000,1775203199999,2026-04-03T07:59:59.999000Z,50433103.89705300,334496,12432.13230000,25619959.37872300
1775203200000,2026-04-03T08:00:00Z,2065.84000000,2072.00000000,2053.46000000,2062.64000000,21397.62820000,1775217599999,2026-04-03T11:59:59.999000Z,44118886.93955400,241585,10269.38620000,21175499.93904800
1775217600000,2026-04-03T12:00:00Z,2062.64000000,2081.76000000,2041.65000000,2051.26000000,34731.97500000,1775231999999,2026-04-03T15:59:59.999000Z,71370851.82527600,443503,17396.92580000,35760698.43581200
1775232000000,2026-04-03T16:00:00Z,2051.26000000,2056.54000000,2043.78000000,2052.68000000,12701.84290000,1775246399999,2026-04-03T19:59:59.999000Z,26052502.88459300,192989,6178.26540000,12673765.76079300
1775246400000,2026-04-03T20:00:00Z,2052.69000000,2060.92000000,2049.23000000,2053.83000000,15101.35480000,1775260799999,2026-04-03T23:59:59.999000Z,31023238.86090500,155968,5401.69230000,11100668.00572100
1775260800000,2026-04-04T00:00:00Z,2053.83000000,2053.86000000,2047.92000000,2050.05000000,7032.79720000,1775275199999,2026-04-04T03:59:59.999000Z,14423778.79009100,163579,3592.93100000,7368950.46035000
1775275200000,2026-04-04T04:00:00Z,2050.05000000,2058.00000000,2048.41000000,2053.82000000,9175.38020000,1775289599999,2026-04-04T07:59:59.999000Z,18841840.81735500,170511,4734.55790000,9722556.23944100
1775289600000,2026-04-04T08:00:00Z,2053.82000000,2055.44000000,2047.89000000,2051.84000000,11621.74320000,1775303999999,2026-04-04T11:59:59.999000Z,23844217.28568200,167289,5203.23260000,10675658.43955700
1775304000000,2026-04-04T12:00:00Z,2051.84000000,2062.02000000,2044.63000000,2056.29000000,21445.16450000,1775318399999,2026-04-04T15:59:59.999000Z,44023531.42616100,261955,9520.89180000,19550260.88999400
1775318400000,2026-04-04T16:00:00Z,2056.29000000,2084.00000000,2053.07000000,2064.71000000,25517.21790000,1775332799999,2026-04-04T19:59:59.999000Z,52724395.46035200,292634,13766.84760000,28447555.54837200
1775332800000,2026-04-04T20:00:00Z,2064.71000000,2072.15000000,2059.60000000,2065.52000000,11712.13760000,1775347199999,2026-04-04T23:59:59.999000Z,24196570.21714300,190054,5971.19640000,12335449.23194800
1775347200000,2026-04-05T00:00:00Z,2065.51000000,2065.63000000,2054.15000000,2056.64000000,8367.25420000,1775361599999,2026-04-05T03:59:59.999000Z,17230590.53799600,153206,3706.10370000,7632999.49783500
1775361600000,2026-04-05T04:00:00Z,2056.64000000,2058.09000000,2027.75000000,2037.29000000,20196.38020000,1775375999999,2026-04-05T07:59:59.999000Z,41230067.04211900,297181,8411.16760000,17160461.19164800
1775376000000,2026-04-05T08:00:00Z,2037.29000000,2052.53000000,2035.91000000,2042.32000000,8916.05070000,1775390399999,2026-04-05T11:59:59.999000Z,18218049.00597100,202356,4562.06160000,9323007.47519400
1775390400000,2026-04-05T12:00:00Z,2042.31000000,2069.89000000,2021.50000000,2053.85000000,37354.65470000,1775404799999,2026-04-05T15:59:59.999000Z,76328023.13307500,576523,19491.13510000,39836565.25752100
1775404800000,2026-04-05T16:00:00Z,2053.85000000,2069.95000000,2048.69000000,2062.37000000,21390.37140000,1775419199999,2026-04-05T19:59:59.999000Z,44059941.78873700,401357,11201.92100000,23079357.87608100
1775419200000,2026-04-05T20:00:00Z,2062.38000000,2123.49000000,2050.00000000,2110.17000000,61128.60870000,1775433599999,2026-04-05T23:59:59.999000Z,127660752.80444800,874242,30991.10840000,64722424.24680000
1775433600000,2026-04-06T00:00:00Z,2110.17000000,2147.24000000,2110.17000000,2129.35000000,65862.41440000,1775447999999,2026-04-06T03:59:59.999000Z,140114580.48528500,993102,34410.48650000,73213893.39935900
1775448000000,2026-04-06T04:00:00Z,2129.35000000,2141.00000000,2120.04000000,2134.90000000,40132.15830000,1775462399999,2026-04-06T07:59:59.999000Z,85496720.28563100,568253,22085.33630000,47055393.11534600
1775462400000,2026-04-06T08:00:00Z,2134.91000000,2174.79000000,2133.42000000,2151.53000000,64975.08880000,1775476799999,2026-04-06T11:59:59.999000Z,139879765.80304300,807958,34230.93460000,73684425.78985600
1775476800000,2026-04-06T12:00:00Z,2151.53000000,2169.60000000,2137.76000000,2164.65000000,75911.31320000,1775491199999,2026-04-06T15:59:59.999000Z,163404692.83407300,1308526,39683.53050000,85450758.52399000
1775491200000,2026-04-06T16:00:00Z,2164.65000000,2168.72000000,2123.60000000,2144.25000000,56698.69750000,1775505599999,2026-04-06T19:59:59.999000Z,121510455.66205100,918441,24780.04950000,53079573.15807900
1775505600000,2026-04-06T20:00:00Z,2144.25000000,2155.06000000,2087.50000000,2107.16000000,52474.61720000,1775519999999,2026-04-06T23:59:59.999000Z,110985022.60129000,734086,25224.17190000,53329618.24455200
1775520000000,2026-04-07T00:00:00Z,2107.16000000,2120.14000000,2093.64000000,2108.37000000,34808.23460000,1775534399999,2026-04-07T03:59:59.999000Z,73406107.76256400,750469,16617.12260000,35045780.45618000
1775534400000,2026-04-07T04:00:00Z,2108.37000000,2119.21000000,2096.69000000,2104.04000000,24073.37930000,1775548799999,2026-04-07T07:59:59.999000Z,50676334.85165500,349115,11524.04160000,24269896.03075500
1775548800000,2026-04-07T08:00:00Z,2104.03000000,2133.83000000,2082.35000000,2089.58000000,52681.47720000,1775563199999,2026-04-07T11:59:59.999000Z,111004023.26421000,599211,27039.71400000,56972394.85663900
1775563200000,2026-04-07T12:00:00Z,2089.58000000,2093.17000000,2060.24000000,2080.06000000,76548.96240000,1775577599999,2026-04-07T15:59:59.999000Z,158951471.57508200,934462,38829.09200000,80626048.14474700
1775577600000,2026-04-07T16:00:00Z,2080.07000000,2116.65000000,2077.52000000,2113.39000000,55202.13230000,1775591999999,2026-04-07T19:59:59.999000Z,115723501.05371300,722308,29482.96430000,61831319.62890100
1775592000000,2026-04-07T20:00:00Z,2113.39000000,2273.87000000,2110.68000000,2240.01000000,216780.62350000,1775606399999,2026-04-07T23:59:59.999000Z,476449768.27165100,1834146,115760.04320000,254332076.42040300
1775606400000,2026-04-08T00:00:00Z,2240.01000000,2251.39000000,2228.24000000,2234.68000000,71283.32690000,1775620799999,2026-04-08T03:59:59.999000Z,159528086.66325200,669709,34637.98940000,77525689.48720200
1775620800000,2026-04-08T04:00:00Z,2234.68000000,2260.76000000,2234.68000000,2253.76000000,59756.00980000,1775635199999,2026-04-08T07:59:59.999000Z,134321829.14739800,450200,27751.82860000,62391636.97627500
1775635200000,2026-04-08T08:00:00Z,2253.76000000,2263.35000000,2237.12000000,2247.23000000,52326.61020000,1775649599999,2026-04-08T11:59:59.999000Z,117793378.73890300,465377,25009.63680000,56312486.49653700
1775649600000,2026-04-08T12:00:00Z,2247.23000000,2270.55000000,2186.61000000,2215.45000000,129483.03140000,1775663999999,2026-04-08T15:59:59.999000Z,288320268.98872700,1402147,61447.92230000,136753786.95115500
1775664000000,2026-04-08T16:00:00Z,2215.44000000,2239.50000000,2197.70000000,2211.04000000,53536.30800000,1775678399999,2026-04-08T19:59:59.999000Z,118658276.29188900,861618,25264.21540000,56010537.67657800
1775678400000,2026-04-08T20:00:00Z,2211.03000000,2222.55000000,2179.78000000,2190.00000000,38332.34580000,1775692799999,2026-04-08T23:59:59.999000Z,84299081.91974600,490934,16871.73180000,37114876.64195600
1775692800000,2026-04-09T00:00:00Z,2190.00000000,2193.79000000,2162.00000000,2182.49000000,34908.97250000,1775707199999,2026-04-09T03:59:59.999000Z,76035723.46530700,537316,14069.76520000,30647993.65805700
1775707200000,2026-04-09T04:00:00Z,2182.49000000,2188.99000000,2175.60000000,2181.14000000,24256.09050000,1775721599999,2026-04-09T07:59:59.999000Z,52914191.09295900,263219,10811.29420000,23588826.27989400
1775721600000,2026-04-09T08:00:00Z,2181.14000000,2197.70000000,2176.37000000,2180.26000000,33344.58290000,1775735999999,2026-04-09T11:59:59.999000Z,72921406.08358200,335762,17197.63000000,37604320.35943300
1775736000000,2026-04-09T12:00:00Z,2180.26000000,2225.00000000,2157.31000000,2217.99000000,76023.36060000,1775750399999,2026-04-09T15:59:59.999000Z,166284446.16329000,1054255,40876.56500000,89470633.09833400
1775750400000,2026-04-09T16:00:00Z,2218.00000000,2229.40000000,2193.00000000,2216.42000000,57199.04000000,1775764799999,2026-04-09T19:59:59.999000Z,126594157.18705900,935902,29176.84280000,64608129.94041000
1775764800000,2026-04-09T20:00:00Z,2216.42000000,2246.00000000,2183.33000000,2190.20000000,49585.90380000,1775779199999,2026-04-09T23:59:59.999000Z,109658378.67323200,629932,23408.44410000,51812822.22954600
1775779200000,2026-04-10T00:00:00Z,2190.17000000,2204.10000000,2176.10000000,2186.06000000,33173.29470000,1775793599999,2026-04-10T03:59:59.999000Z,72670870.66337700,484630,14426.30310000,31619404.47379900
1775793600000,2026-04-10T04:00:00Z,2186.05000000,2203.11000000,2176.40000000,2179.28000000,31613.99750000,1775807999999,2026-04-10T07:59:59.999000Z,69238190.63589600,277027,12920.84900000,28300207.63759400
1775808000000,2026-04-10T08:00:00Z,2179.27000000,2224.28000000,2177.13000000,2215.65000000,47671.23340000,1775822399999,2026-04-10T11:59:59.999000Z,105112528.17728100,363412,23430.27260000,51632890.12002900
1775822400000,2026-04-10T12:00:00Z,2215.66000000,2257.99000000,2208.18000000,2224.27000000,95750.74770000,1775836799999,2026-04-10T15:59:59.999000Z,213735467.92463100,996721,46828.92580000,104591139.23797800
1775836800000,2026-04-10T16:00:00Z,2224.28000000,2256.00000000,2221.46000000,2253.17000000,37702.42230000,1775851199999,2026-04-10T19:59:59.999000Z,84568813.01060800,510186,21652.97920000,48564604.97566900
1775851200000,2026-04-10T20:00:00Z,2253.17000000,2257.14000000,2235.41000000,2245.05000000,26987.39020000,1775865599999,2026-04-10T23:59:59.999000Z,60666429.66433300,297237,12817.98250000,28826260.58324500
1775865600000,2026-04-11T00:00:00Z,2245.06000000,2252.15000000,2234.81000000,2237.17000000,19355.10580000,1775879999999,2026-04-11T03:59:59.999000Z,43402035.07412200,190679,8104.67400000,18173575.32712400
1775880000000,2026-04-11T04:00:00Z,2237.18000000,2242.93000000,2229.00000000,2232.60000000,22477.34020000,1775894399999,2026-04-11T07:59:59.999000Z,50241515.90376200,182480,10653.96790000,23813020.26310300
1775894400000,2026-04-11T08:00:00Z,2232.60000000,2249.31000000,2232.14000000,2246.11000000,22661.82760000,1775908799999,2026-04-11T11:59:59.999000Z,50767333.08363000,162437,11403.74900000,25550566.21265100
1775908800000,2026-04-11T12:00:00Z,2246.12000000,2256.11000000,2233.72000000,2249.54000000,18996.83880000,1775923199999,2026-04-11T15:59:59.999000Z,42622018.98582000,221100,8945.37600000,20071521.99036200
1775923200000,2026-04-11T16:00:00Z,2249.54000000,2329.93000000,2246.53000000,2315.96000000,89257.10860000,1775937599999,2026-04-11T19:59:59.999000Z,204782078.79563700,746802,51065.73630000,117107236.53372700
1775937600000,2026-04-11T20:00:00Z,2315.96000000,2317.14000000,2276.47000000,2284.99000000,42037.18290000,1775951999999,2026-04-11T23:59:59.999000Z,96556011.30395100,426153,17065.48450000,39202170.57802700
1775952000000,2026-04-12T00:00:00Z,2285.00000000,2288.57000000,2207.06000000,2213.71000000,91337.46120000,1775966399999,2026-04-12T03:59:59.999000Z,204528648.62360700,846856,43401.90110000,97173837.13831700
1775966400000,2026-04-12T04:00:00Z,2213.70000000,2220.87000000,2208.32000000,2218.02000000,27644.04570000,1775980799999,2026-04-12T07:59:59.999000Z,61221079.98358800,238093,13978.25330000,30953874.30579000
1775980800000,2026-04-12T08:00:00Z,2218.02000000,2219.04000000,2194.32000000,2204.62000000,26727.76330000,1775995199999,2026-04-12T11:59:59.999000Z,59024832.17542900,197651,12302.05520000,27173188.03704200
1775995200000,2026-04-12T12:00:00Z,2204.62000000,2208.22000000,2175.00000000,2186.47000000,53590.68110000,1776009599999,2026-04-12T15:59:59.999000Z,117383507.26054500,489750,26042.73030000,57057561.72587100
1776009600000,2026-04-12T16:00:00Z,2186.47000000,2207.23000000,2183.09000000,2198.27000000,21416.51010000,1776023999999,2026-04-12T19:59:59.999000Z,47049607.78599500,227971,11306.49360000,24838603.63407500
1776024000000,2026-04-12T20:00:00Z,2198.27000000,2218.13000000,2183.99000000,2191.65000000,37440.42070000,1776038399999,2026-04-12T23:59:59.999000Z,82313163.01272400,575487,18626.81020000,40965512.26793800
1776038400000,2026-04-13T00:00:00Z,2191.64000000,2209.05000000,2187.20000000,2194.36000000,26455.47850000,1776052799999,2026-04-13T03:59:59.999000Z,58175672.45501600,385676,12714.07690000,27957871.65572300
1776052800000,2026-04-13T04:00:00Z,2194.36000000,2201.45000000,2182.22000000,2186.56000000,33191.76290000,1776067199999,2026-04-13T07:59:59.999000Z,72752476.35824200,306958,19289.70110000,42291070.48217200
1776067200000,2026-04-13T08:00:00Z,2186.57000000,2195.34000000,2179.00000000,2187.33000000,20617.55540000,1776081599999,2026-04-13T11:59:59.999000Z,45065829.22585900,308903,9941.35900000,21734847.03433200
1776081600000,2026-04-13T12:00:00Z,2187.33000000,2236.43000000,2175.68000000,2209.28000000,104259.36250000,1776095999999,2026-04-13T15:59:59.999000Z,230119345.33993700,1081599,54431.25730000,120076853.35571000
1776096000000,2026-04-13T16:00:00Z,2209.28000000,2268.88000000,2200.00000000,2262.33000000,64810.65880000,1776110399999,2026-04-13T19:59:59.999000Z,145049441.27530100,879999,34160.64330000,76510343.77491800
1776110400000,2026-04-13T20:00:00Z,2262.33000000,2394.71000000,2247.50000000,2369.46000000,204536.01110000,1776124799999,2026-04-13T23:59:59.999000Z,478090250.93189900,1564422,104062.86690000,243272345.42888300
1776124800000,2026-04-14T00:00:00Z,2369.46000000,2378.06000000,2354.60000000,2365.50000000,74432.85250000,1776139199999,2026-04-14T03:59:59.999000Z,176191509.28492300,615339,37846.45050000,89606265.96513600
1776139200000,2026-04-14T04:00:00Z,2365.50000000,2389.99000000,2354.76000000,2377.91000000,63856.12100000,1776153599999,2026-04-14T07:59:59.999000Z,151334759.83846700,470297,32900.52640000,77974280.40442000
1776153600000,2026-04-14T08:00:00Z,2377.92000000,2396.03000000,2367.61000000,2374.53000000,66171.32630000,1776167999999,2026-04-14T11:59:59.999000Z,157672031.91512100,564153,36299.76650000,86494418.75905600
1776168000000,2026-04-14T12:00:00Z,2374.54000000,2415.50000000,2332.72000000,2364.63000000,155007.39840000,1776182399999,2026-04-14T15:59:59.999000Z,368093708.83386600,1013152,78246.51670000,185774022.94854200
1776182400000,2026-04-14T16:00:00Z,2364.62000000,2371.48000000,2302.90000000,2313.32000000,73170.88880000,1776196799999,2026-04-14T19:59:59.999000Z,170690345.38308800,696087,28384.34890000,66178794.87455600
1776196800000,2026-04-14T20:00:00Z,2313.32000000,2332.35000000,2308.53000000,2322.44000000,27468.79710000,1776211199999,2026-04-14T23:59:59.999000Z,63717293.81865700,330537,12470.86730000,28931154.33260500
1776211200000,2026-04-15T00:00:00Z,2322.44000000,2342.76000000,2317.56000000,2328.81000000,28901.54660000,1776225599999,2026-04-15T03:59:59.999000Z,67396109.92799200,326045,13200.18200000,30785998.57814700
1776225600000,2026-04-15T04:00:00Z,2328.82000000,2338.23000000,2308.50000000,2316.62000000,31505.54390000,1776239999999,2026-04-15T07:59:59.999000Z,73104857.68600600,253967,14851.65430000,34464784.49865900
1776240000000,2026-04-15T08:00:00Z,2316.62000000,2339.42000000,2312.15000000,2337.43000000,39774.78350000,1776254399999,2026-04-15T11:59:59.999000Z,92455632.97617300,448805,20123.21340000,46779868.74925800
1776254400000,2026-04-15T12:00:00Z,2337.42000000,2349.46000000,2317.54000000,2332.04000000,55356.83760000,1776268799999,2026-04-15T15:59:59.999000Z,129142589.87418800,812911,27107.99320000,63266815.32752800
1776268800000,2026-04-15T16:00:00Z,2332.03000000,2385.61000000,2329.10000000,2375.05000000,60038.60430000,1776283199999,2026-04-15T19:59:59.999000Z,141440244.77785000,833035,28192.57250000,66414804.61244200
1776283200000,2026-04-15T20:00:00Z,2375.05000000,2380.45000000,2348.58000000,2359.95000000,52613.32180000,1776297599999,2026-04-15T23:59:59.999000Z,124301909.23688000,558108,22967.09990000,54270138.08294900
1776297600000,2026-04-16T00:00:00Z,2359.94000000,2369.59000000,2345.04000000,2357.86000000,24372.72040000,1776311999999,2026-04-16T03:59:59.999000Z,57460231.22437400,445911,10985.61130000,25901394.70203200
1776312000000,2026-04-16T04:00:00Z,2357.85000000,2364.00000000,2335.72000000,2341.52000000,33030.10560000,1776326399999,2026-04-16T07:59:59.999000Z,77706170.80604700,341840,15493.09400000,36454304.58398800
1776326400000,2026-04-16T08:00:00Z,2341.52000000,2348.40000000,2328.64000000,2335.67000000,38717.94520000,1776340799999,2026-04-16T11:59:59.999000Z,90493966.46899100,396912,19274.04660000,45035792.29503000
1776340800000,2026-04-16T12:00:00Z,2335.68000000,2351.80000000,2285.10000000,2339.01000000,122115.69180000,1776355199999,2026-04-16T15:59:59.999000Z,283140539.72271500,1218677,60638.08280000,140699527.99291600
1776355200000,2026-04-16T16:00:00Z,2339.01000000,2361.96000000,2309.96000000,2359.70000000,72519.84310000,1776369599999,2026-04-16T19:59:59.999000Z,169313531.22711000,951594,33772.17150000,78871239.68368800
1776369600000,2026-04-16T20:00:00Z,2359.69000000,2364.68000000,2336.25000000,2348.17000000,38204.63160000,1776383999999,2026-04-16T23:59:59.999000Z,89768286.44402600,438276,15759.23770000,37031947.77357700
1776384000000,2026-04-17T00:00:00Z,2348.16000000,2350.90000000,2323.83000000,2325.52000000,22001.98140000,1776398399999,2026-04-17T03:59:59.999000Z,51383982.74116400,328737,9749.05820000,22769582.18946300
1776398400000,2026-04-17T04:00:00Z,2325.53000000,2342.02000000,2317.43000000,2334.16000000,31478.76380000,1776412799999,2026-04-17T07:59:59.999000Z,73259232.49154600,304046,14766.25460000,34369574.65182900
1776412800000,2026-04-17T08:00:00Z,2334.15000000,2377.00000000,2332.98000000,2354.99000000,65874.44750000,1776427199999,2026-04-17T11:59:59.999000Z,154948268.41920600,615722,31683.08530000,74553540.21518300
1776427200000,2026-04-17T12:00:00Z,2355.00000000,2456.93000000,2349.40000000,2441.96000000,220835.88640000,1776441599999,2026-04-17T15:59:59.999000Z,533992872.83323800,1914992,114505.74760000,276790948.07519000
1776441600000,2026-04-17T16:00:00Z,2441.96000000,2464.91000000,2415.41000000,2427.92000000,76798.36750000,1776455999999,2026-04-17T19:59:59.999000Z,187207897.82622100,905824,35297.74100000,86063288.05306400
1776456000000,2026-04-17T20:00:00Z,2427.92000000,2444.34000000,2415.47000000,2419.00000000,74741.91490000,1776470399999,2026-04-17T23:59:59.999000Z,181675138.29473100,472333,46563.08270000,113239025.61424800
1776470400000,2026-04-18T00:00:00Z,2419.00000000,2427.64000000,2399.54000000,2405.04000000,29072.76020000,1776484799999,2026-04-18T03:59:59.999000Z,70264971.55328400,307040,12550.93370000,30343521.66612800
1776484800000,2026-04-18T04:00:00Z,2405.03000000,2413.54000000,2399.52000000,2403.71000000,14941.99540000,1776499199999,2026-04-18T07:59:59.999000Z,35966414.30113400,170694,6496.67570000,15640586.50024400
1776499200000,2026-04-18T08:00:00Z,2403.71000000,2404.85000000,2343.44000000,2352.96000000,67979.85780000,1776513599999,2026-04-18T11:59:59.999000Z,161108089.49291000,581840,31546.73320000,74721764.75971000
1776513600000,2026-04-18T12:00:00Z,2352.96000000,2369.66000000,2345.25000000,2363.64000000,57355.51280000,1776527999999,2026-04-18T15:59:59.999000Z,135252244.99248000,417823,22418.40600000,52858136.22819300
1776528000000,2026-04-18T16:00:00Z,2363.64000000,2375.14000000,2339.92000000,2348.59000000,39182.50610000,1776542399999,2026-04-18T19:59:59.999000Z,92353697.80525700,384817,18637.82470000,43949731.01548200
1776542400000,2026-04-18T20:00:00Z,2348.59000000,2359.50000000,2344.96000000,2350.32000000,13208.75650000,1776556799999,2026-04-18T23:59:59.999000Z,31073948.63011800,183711,7076.49610000,16647728.44112700
1776556800000,2026-04-19T00:00:00Z,2350.33000000,2355.30000000,2332.10000000,2339.77000000,20291.37960000,1776571199999,2026-04-19T03:59:59.999000Z,47559829.74445300,261070,9346.25860000,21912063.08140200
1776571200000,2026-04-19T04:00:00Z,2339.77000000,2346.11000000,2300.00000000,2316.03000000,54404.75180000,1776585599999,2026-04-19T07:59:59.999000Z,126268393.97068400,402320,24243.60880000,56306186.80627600
1776585600000,2026-04-19T08:00:00Z,2316.03000000,2331.13000000,2306.42000000,2329.38000000,23275.52400000,1776599999999,2026-04-19T11:59:59.999000Z,53974397.41072600,316327,11379.32020000,26383737.92462200
1776600000000,2026-04-19T12:00:00Z,2329.38000000,2350.24000000,2315.29000000,2330.80000000,37666.71920000,1776614399999,2026-04-19T15:59:59.999000Z,87955907.27213800,454066,19357.22630000,45203575.13433200
1776614400000,2026-04-19T16:00:00Z,2330.80000000,2331.34000000,2287.62000000,2299.65000000,53803.70870000,1776628799999,2026-04-19T19:59:59.999000Z,123915595.05772100,608853,25534.28430000,58814531.21016200
1776628800000,2026-04-19T20:00:00Z,2299.66000000,2300.00000000,2252.72000000,2263.27000000,66644.74430000,1776643199999,2026-04-19T23:59:59.999000Z,151434389.63732800,685624,29940.20370000,68014912.73215100
1776643200000,2026-04-20T00:00:00Z,2263.28000000,2294.30000000,2259.67000000,2286.56000000,30033.24890000,1776657599999,2026-04-20T03:59:59.999000Z,68460210.74916500,333782,16773.82930000,38233410.27134500
1776657600000,2026-04-20T04:00:00Z,2286.55000000,2332.88000000,2263.18000000,2298.80000000,59476.16260000,1776671999999,2026-04-20T07:59:59.999000Z,136439643.96393900,479365,30650.47430000,70322443.76497500
1776672000000,2026-04-20T08:00:00Z,2298.81000000,2320.00000000,2289.82000000,2308.42000000,37613.56550000,1776686399999,2026-04-20T11:59:59.999000Z,86676194.66558300,528607,20102.96830000,46329617.84788100
1776686400000,2026-04-20T12:00:00Z,2308.42000000,2326.36000000,2278.38000000,2313.91000000,85434.53390000,1776700799999,2026-04-20T15:59:59.999000Z,196930074.56048700,1274217,38666.84640000,89216801.24598200
1776700800000,2026-04-20T16:00:00Z,2313.92000000,2344.19000000,2297.97000000,2331.78000000,53432.50290000,1776715199999,2026-04-20T19:59:59.999000Z,124111959.38154800,710349,26591.94610000,61770730.59485700
1776715200000,2026-04-20T20:00:00Z,2331.78000000,2346.78000000,2307.74000000,2313.85000000,35010.05210000,1776729599999,2026-04-20T23:59:59.999000Z,81434114.65797100,425301,16241.56410000,37799028.86592100
1776729600000,2026-04-21T00:00:00Z,2313.84000000,2326.64000000,2300.01000000,2311.62000000,22781.19090000,1776743999999,2026-04-21T03:59:59.999000Z,52691898.23363900,327475,10892.41260000,25199211.67867200
1776744000000,2026-04-21T04:00:00Z,2311.62000000,2327.05000000,2304.06000000,2318.48000000,22945.37330000,1776758399999,2026-04-21T07:59:59.999000Z,53157569.87378800,303625,13324.87060000,30878134.51401800
1776758400000,2026-04-21T08:00:00Z,2318.48000000,2338.75000000,2314.00000000,2320.45000000,30640.36830000,1776772799999,2026-04-21T11:59:59.999000Z,71262900.27969800,420800,14028.14510000,32632633.66699900
1776772800000,2026-04-21T12:00:00Z,2320.45000000,2327.50000000,2290.35000000,2310.24000000,52118.04520000,1776787199999,2026-04-21T15:59:59.999000Z,120274988.22665600,950322,24273.27340000,56036226.64365800
1776787200000,2026-04-21T16:00:00Z,2310.25000000,2332.00000000,2284.19000000,2298.41000000,62286.60880000,1776801599999,2026-04-21T19:59:59.999000Z,143729519.14711500,911368,28046.80580000,64729925.75315500
1776801600000,2026-04-21T20:00:00Z,2298.42000000,2329.47000000,2296.04000000,2327.14000000,35874.39050000,1776815999999,2026-04-21T23:59:59.999000Z,83070073.87868400,485344,18055.95030000,41810371.58947700
1776816000000,2026-04-22T00:00:00Z,2327.15000000,2379.66000000,2312.95000000,2363.62000000,66774.38390000,1776830399999,2026-04-22T03:59:59.999000Z,157025524.89747100,726085,36127.36930000,84954755.45946700
1776830400000,2026-04-22T04:00:00Z,2363.63000000,2413.83000000,2358.41000000,2389.97000000,89349.94590000,1776844799999,2026-04-22T07:59:59.999000Z,213612449.15395600,668282,40855.70290000,97634936.26973200
1776844800000,2026-04-22T08:00:00Z,2389.98000000,2400.78000000,2383.00000000,2398.44000000,41401.37240000,1776859199999,2026-04-22T11:59:59.999000Z,98964646.85433700,426855,21686.73570000,51843510.42138400
1776859200000,2026-04-22T12:00:00Z,2398.44000000,2423.75000000,2390.90000000,2403.83000000,98738.82580000,1776873599999,2026-04-22T15:59:59.999000Z,237530839.86755400,1271017,54052.34450000,130040477.05214600
1776873600000,2026-04-22T16:00:00Z,2403.84000000,2413.75000000,2384.17000000,2397.79000000,50321.21200000,1776887999999,2026-04-22T19:59:59.999000Z,120601718.18063400,723878,23781.10950000,57006888.22251100
1776888000000,2026-04-22T20:00:00Z,2397.80000000,2406.11000000,2373.95000000,2374.07000000,33121.38590000,1776902399999,2026-04-22T23:59:59.999000Z,79250750.24673500,414126,15255.00590000,36516356.06830000
1776902400000,2026-04-23T00:00:00Z,2374.08000000,2382.00000000,2331.50000000,2340.81000000,76206.11530000,1776916799999,2026-04-23T03:59:59.999000Z,179737212.09139500,896029,40200.17970000,94885645.67645900
1776916800000,2026-04-23T04:00:00Z,2340.82000000,2358.93000000,2337.12000000,2344.43000000,39343.65630000,1776931199999,2026-04-23T07:59:59.999000Z,92436957.57903600,427820,16435.21000000,38608751.63653600
1776931200000,2026-04-23T08:00:00Z,2344.43000000,2345.00000000,2305.61000000,2328.97000000,78151.03770000,1776945599999,2026-04-23T11:59:59.999000Z,181619186.73554400,613077,36075.73900000,83862678.57196600
1776945600000,2026-04-23T12:00:00Z,2328.96000000,2343.58000000,2315.23000000,2333.26000000,52807.90010000,1776959999999,2026-04-23T15:59:59.999000Z,122964312.09528200,816205,27305.82710000,63581086.38892900
1776960000000,2026-04-23T16:00:00Z,2333.26000000,2335.76000000,2285.42000000,2312.88000000,79023.78390000,1776974399999,2026-04-23T19:59:59.999000Z,182451499.78276500,999074,35569.28820000,82147778.50717700
1776974400000,2026-04-23T20:00:00Z,2312.87000000,2338.79000000,2312.74000000,2330.26000000,31113.19900000,1776988799999,2026-04-23T23:59:59.999000Z,72403178.39720300,327374,14051.65530000,32702770.85253700
1776988800000,2026-04-24T00:00:00Z,2330.27000000,2337.50000000,2301.35000000,2308.64000000,27004.89320000,1777003199999,2026-04-24T03:59:59.999000Z,62681272.73280200,379883,11510.75200000,26724595.86186600
1777003200000,2026-04-24T04:00:00Z,2308.63000000,2317.35000000,2300.22000000,2311.63000000,28648.94020000,1777017599999,2026-04-24T07:59:59.999000Z,66176139.97148500,308752,15138.08640000,34969970.31244600
1777017600000,2026-04-24T08:00:00Z,2311.63000000,2332.26000000,2303.74000000,2328.10000000,35868.92010000,1777031999999,2026-04-24T11:59:59.999000Z,83155156.97267100,440852,17890.94920000,41478881.40906300
1777032000000,2026-04-24T12:00:00Z,2328.10000000,2331.85000000,2301.61000000,2323.81000000,46811.73040000,1777046399999,2026-04-24T15:59:59.999000Z,108495488.42747100,715319,21029.91190000,48738508.47922300
1777046400000,2026-04-24T16:00:00Z,2323.81000000,2325.00000000,2308.82000000,2321.60000000,24666.25170000,1777060799999,2026-04-24T19:59:59.999000Z,57163348.02736000,387682,11143.73510000,25823741.36956800
1777060800000,2026-04-24T20:00:00Z,2321.59000000,2328.16000000,2307.20000000,2314.99000000,20886.88250000,1777075199999,2026-04-24T23:59:59.999000Z,48413420.08603000,181336,11471.40350000,26588295.45159900
1777075200000,2026-04-25T00:00:00Z,2314.98000000,2321.36000000,2311.27000000,2318.43000000,7639.05880000,1777089599999,2026-04-25T03:59:59.999000Z,17699401.30367700,94007,4027.20630000,9331215.72566200
1777089600000,2026-04-25T04:00:00Z,2318.44000000,2319.01000000,2313.30000000,2316.48000000,6328.15460000,1777103999999,2026-04-25T07:59:59.999000Z,14656659.36386000,74646,3062.77530000,7093727.06648000
1777104000000,2026-04-25T08:00:00Z,2316.48000000,2323.21000000,2311.20000000,2313.64000000,11470.79720000,1777118399999,2026-04-25T11:59:59.999000Z,26598312.40038800,106448,4871.49770000,11295660.54533800
1777118400000,2026-04-25T12:00:00Z,2313.65000000,2318.94000000,2303.00000000,2308.09000000,15641.47780000,1777132799999,2026-04-25T15:59:59.999000Z,36192480.33145300,133121,7702.17590000,17826876.41641400
1777132800000,2026-04-25T16:00:00Z,2308.08000000,2313.98000000,2300.55000000,2310.06000000,19676.68660000,1777147199999,2026-04-25T19:59:59.999000Z,45427695.58289800,143366,9918.68770000,22897897.18632000
1777147200000,2026-04-25T20:00:00Z,2310.06000000,2320.42000000,2308.85000000,2319.50000000,7383.04410000,1777161599999,2026-04-25T23:59:59.999000Z,17099038.55626700,107169,4007.51000000,9281754.05384100
1777161600000,2026-04-26T00:00:00Z,2319.49000000,2320.06000000,2306.72000000,2310.00000000,10012.72520000,1777175999999,2026-04-26T03:59:59.999000Z,23173554.88897900,108354,3409.09620000,7891759.99265300
1777176000000,2026-04-26T04:00:00Z,2309.99000000,2336.48000000,2308.97000000,2331.24000000,24981.33340000,1777190399999,2026-04-26T07:59:59.999000Z,58163719.35626500,203500,12839.69790000,29894030.55799300
1777190400000,2026-04-26T08:00:00Z,2331.25000000,2337.68000000,2329.66000000,2335.95000000,12111.23650000,1777204799999,2026-04-26T11:59:59.999000Z,28261827.62621600,121952,6100.51610000,14236039.80748500
1777204800000,2026-04-26T12:00:00Z,2335.96000000,2352.44000000,2324.19000000,2348.05000000,24507.88060000,1777219199999,2026-04-26T15:59:59.999000Z,57373656.30833900,245066,12572.65400000,29434231.32471900
1777219200000,2026-04-26T16:00:00Z,2348.06000000,2376.35000000,2340.56000000,2367.40000000,35056.75380000,1777233599999,2026-04-26T19:59:59.999000Z,82744245.81598100,293154,18487.19850000,43637617.20058500
1777233600000,2026-04-26T20:00:00Z,2367.40000000,2380.00000000,2348.47000000,2369.44000000,47921.69240000,1777247999999,2026-04-26T23:59:59.999000Z,113322213.94491300,536544,23467.00900000,55485648.47148000
1777248000000,2026-04-27T00:00:00Z,2369.45000000,2404.37000000,2359.46000000,2394.85000000,48640.63520000,1777262399999,2026-04-27T03:59:59.999000Z,116200231.69065800,619528,28268.14770000,67548187.36143200
1777262400000,2026-04-27T04:00:00Z,2394.85000000,2396.05000000,2312.71000000,2316.01000000,71679.73750000,1777276799999,2026-04-27T07:59:59.999000Z,167755396.54425800,704000,33015.88600000,77175278.32143500
1777276800000,2026-04-27T08:00:00Z,2316.00000000,2325.52000000,2309.13000000,2320.39000000,29605.50660000,1777291199999,2026-04-27T11:59:59.999000Z,68638180.14557200,292944,13739.35110000,31853969.92346000
1777291200000,2026-04-27T12:00:00Z,2320.39000000,2329.82000000,2266.09000000,2275.07000000,85871.41060000,1777305599999,2026-04-27T15:59:59.999000Z,197426548.92979900,896015,38872.03170000,89328263.05493000
1777305600000,2026-04-27T16:00:00Z,2275.07000000,2292.91000000,2270.04000000,2289.14000000,46317.29280000,1777319999999,2026-04-27T19:59:59.999000Z,105775466.44132500,448789,21092.53870000,48169744.54848000
1777320000000,2026-04-27T20:00:00Z,2289.15000000,2308.61000000,2284.66000000,2303.67000000,18249.27590000,1777334399999,2026-04-27T23:59:59.999000Z,41857719.34914200,231006,8810.34230000,20215298.81866000
1777334400000,2026-04-28T00:00:00Z,2303.66000000,2310.88000000,2280.99000000,2290.94000000,21169.28510000,1777348799999,2026-04-28T03:59:59.999000Z,48602144.05299300,355365,9177.93210000,21074556.47092600
1777348800000,2026-04-28T04:00:00Z,2290.93000000,2296.91000000,2270.53000000,2287.99000000,37016.46720000,1777363199999,2026-04-28T07:59:59.999000Z,84562746.33657600,335571,17352.95680000,39639171.36433400
1777363200000,2026-04-28T08:00:00Z,2288.00000000,2291.64000000,2270.36000000,2275.32000000,32729.59210000,1777377599999,2026-04-28T11:59:59.999000Z,74658635.13855800,336925,16752.81750000,38207422.71181100
1777377600000,2026-04-28T12:00:00Z,2275.32000000,2286.20000000,2258.24000000,2279.76000000,49767.44530000,1777391999999,2026-04-28T15:59:59.999000Z,113041008.32896000,755933,25215.33310000,57297458.88084000
1777392000000,2026-04-28T16:00:00Z,2279.76000000,2305.55000000,2274.38000000,2301.96000000,33432.91850000,1777406399999,2026-04-28T19:59:59.999000Z,76565132.30403700,376377,19074.11770000,43676152.90417600
1777406400000,2026-04-28T20:00:00Z,2301.96000000,2305.95000000,2284.15000000,2289.42000000,13816.51190000,1777420799999,2026-04-28T23:59:59.999000Z,31664964.34785100,186821,7004.92250000,16053593.41271900
1777420800000,2026-04-29T00:00:00Z,2289.42000000,2316.36000000,2278.84000000,2311.52000000,39935.64580000,1777435199999,2026-04-29T03:59:59.999000Z,91714214.58120400,394085,21293.08280000,48929753.68643900
1777435200000,2026-04-29T04:00:00Z,2311.53000000,2342.50000000,2309.33000000,2323.73000000,55138.29570000,1777449599999,2026-04-29T07:59:59.999000Z,128361828.21944600,457186,27486.92390000,64004860.88318800
1777449600000,2026-04-29T08:00:00Z,2323.74000000,2346.95000000,2321.11000000,2331.74000000,34673.31280000,1777463999999,2026-04-29T11:59:59.999000Z,80964460.78045400,451152,17647.09590000,41212388.98627900
1777464000000,2026-04-29T12:00:00Z,2331.74000000,2331.94000000,2263.10000000,2272.51000000,81070.16890000,1777478399999,2026-04-29T15:59:59.999000Z,186202785.05940500,918226,41598.11960000,95566014.93769900
1777478400000,2026-04-29T16:00:00Z,2272.50000000,2285.92000000,2220.36000000,2233.70000000,105332.51640000,1777492799999,2026-04-29T19:59:59.999000Z,236794902.20829700,949510,52220.15730000,117414136.59752900
1777492800000,2026-04-29T20:00:00Z,2233.69000000,2264.80000000,2230.49000000,2252.90000000,38928.16190000,1777507199999,2026-04-29T23:59:59.999000Z,87517052.67882700,418133,18754.42320000,42174589.25163900
1777507200000,2026-04-30T00:00:00Z,2252.90000000,2279.00000000,2236.36000000,2253.24000000,36060.21850000,1777521599999,2026-04-30T03:59:59.999000Z,81467956.01231500,623320,18210.84810000,41145303.28279700
1777521600000,2026-04-30T04:00:00Z,2253.24000000,2262.23000000,2231.64000000,2260.31000000,33378.87140000,1777535999999,2026-04-30T07:59:59.999000Z,75013519.19512900,411290,15495.42970000,34840223.28553000
1777536000000,2026-04-30T08:00:00Z,2260.31000000,2273.70000000,2252.07000000,2258.18000000,30735.92410000,1777550399999,2026-04-30T11:59:59.999000Z,69511058.76639200,396742,16738.89080000,37860642.78724600
1777550400000,2026-04-30T12:00:00Z,2258.18000000,2275.13000000,2245.82000000,2265.70000000,37871.98220000,1777564799999,2026-04-30T15:59:59.999000Z,85693494.61236600,702265,19006.55610000,43025534.69824700
1777564800000,2026-04-30T16:00:00Z,2265.70000000,2267.16000000,2251.62000000,2261.99000000,17651.08860000,1777579199999,2026-04-30T19:59:59.999000Z,39892487.45040300,343077,9175.63500000,20738659.52513600
1777579200000,2026-04-30T20:00:00Z,2261.98000000,2267.32000000,2252.42000000,2257.51000000,11496.19280000,1777593599999,2026-04-30T23:59:59.999000Z,25979373.63503000,173143,5365.75270000,12128391.03897000
1777593600000,2026-05-01T00:00:00Z,2257.51000000,2295.00000000,2257.21000000,2282.87000000,26924.69360000,1777607999999,2026-05-01T03:59:59.999000Z,61293731.92503900,289839,14655.09830000,33350471.03711800
1777608000000,2026-05-01T04:00:00Z,2282.87000000,2286.75000000,2272.09000000,2279.48000000,22911.86680000,1777622399999,2026-05-01T07:59:59.999000Z,52234123.59012900,216692,8892.37210000,20276400.99502200
1777622400000,2026-05-01T08:00:00Z,2279.50000000,2293.00000000,2277.06000000,2286.45000000,18694.31890000,1777636799999,2026-05-01T11:59:59.999000Z,42707010.60639800,200289,8811.08110000,20128018.07778900
1777636800000,2026-05-01T12:00:00Z,2286.46000000,2325.28000000,2284.15000000,2307.64000000,74814.72450000,1777651199999,2026-05-01T15:59:59.999000Z,172745191.22571900,585911,36698.00440000,84728337.79473400
1777651200000,2026-05-01T16:00:00Z,2307.64000000,2314.21000000,2298.17000000,2304.85000000,26400.50380000,1777665599999,2026-05-01T19:59:59.999000Z,60879168.86742100,301474,11807.35280000,27226616.34049700
1777665600000,2026-05-01T20:00:00Z,2304.85000000,2305.86000000,2278.98000000,2295.63000000,21336.44740000,1777679999999,2026-05-01T23:59:59.999000Z,48892029.61321000,211276,8669.82420000,19870611.28381100
1777680000000,2026-05-02T00:00:00Z,2295.63000000,2308.34000000,2292.91000000,2304.44000000,10951.36060000,1777694399999,2026-05-02T03:59:59.999000Z,25191053.07674600,165359,6430.62680000,14794497.78693600
1777694400000,2026-05-02T04:00:00Z,2304.43000000,2306.35000000,2296.62000000,2301.02000000,10106.36540000,1777708799999,2026-05-02T07:59:59.999000Z,23258711.30472400,116339,3673.30030000,8454457.74345900
1777708800000,2026-05-02T08:00:00Z,2301.01000000,2307.78000000,2299.05000000,2302.10000000,8398.45980000,1777723199999,2026-05-02T11:59:59.999000Z,19347551.74644800,99997,3445.41900000,7937247.27475900
1777723200000,2026-05-02T12:00:00Z,2302.09000000,2311.83000000,2301.36000000,2309.19000000,11671.86100000,1777737599999,2026-05-02T15:59:59.999000Z,26928729.24245200,107794,6317.27780000,14576037.25152500
1777737600000,2026-05-02T16:00:00Z,2309.18000000,2313.98000000,2304.08000000,2311.08000000,10993.09170000,1777751999999,2026-05-02T19:59:59.999000Z,25386006.02958800,117966,6079.63830000,14039523.85590000
1777752000000,2026-05-02T20:00:00Z,2311.08000000,2343.60000000,2309.59000000,2316.97000000,33467.33390000,1777766399999,2026-05-02T23:59:59.999000Z,77802445.53793100,263244,19716.53370000,45848215.83737100
1777766400000,2026-05-03T00:00:00Z,2316.97000000,2317.69000000,2299.38000000,2301.90000000,19468.87980000,1777780799999,2026-05-03T03:59:59.999000Z,44906713.90171400,182498,7450.41490000,17183917.61581300
1777780800000,2026-05-03T04:00:00Z,2301.90000000,2314.01000000,2297.59000000,2309.28000000,11221.53220000,1777795199999,2026-05-03T07:59:59.999000Z,25863946.39337600,115727,5698.03470000,13135686.46092600
1777795200000,2026-05-03T08:00:00Z,2309.28000000,2327.50000000,2307.49000000,2319.63000000,17555.12580000,1777809599999,2026-05-03T11:59:59.999000Z,40666476.20277400,159932,9951.23210000,23056034.78817900
1777809600000,2026-05-03T12:00:00Z,2319.63000000,2333.91000000,2319.63000000,2328.44000000,21474.09310000,1777823999999,2026-05-03T15:59:59.999000Z,49962494.59405000,213808,10823.37290000,25183037.57923400
1777824000000,2026-05-03T16:00:00Z,2328.45000000,2337.87000000,2322.38000000,2335.59000000,19196.13350000,1777838399999,2026-05-03T19:59:59.999000Z,44750825.44232300,168382,10359.82600000,24155747.10412500
1777838400000,2026-05-03T20:00:00Z,2335.60000000,2356.92000000,2315.00000000,2322.65000000,62158.66980000,1777852799999,2026-05-03T23:59:59.999000Z,145219543.48384200,533943,30209.29320000,70589584.72619800
1777852800000,2026-05-04T00:00:00Z,2322.65000000,2391.00000000,2309.24000000,2385.12000000,114327.99650000,1777867199999,2026-05-04T03:59:59.999000Z,270073450.88248100,883575,57208.65030000,135184709.33822600
1777867200000,2026-05-04T04:00:00Z,2385.11000000,2398.93000000,2354.20000000,2362.80000000,69420.51890000,1777881599999,2026-05-04T07:59:59.999000Z,165096205.24170500,466765,31591.62510000,75150936.46785200
1777881600000,2026-05-04T08:00:00Z,2362.79000000,2371.09000000,2314.25000000,2337.59000000,85731.03210000,1777895999999,2026-05-04T11:59:59.999000Z,200593492.95305100,794562,41576.87580000,97288755.25275800
1777896000000,2026-05-04T12:00:00Z,2337.59000000,2381.80000000,2325.71000000,2350.10000000,103215.19310000,1777910399999,2026-05-04T15:59:59.999000Z,242716919.73184500,1060836,51732.79020000,121645049.09336900
1777910400000,2026-05-04T16:00:00Z,2350.11000000,2379.52000000,2336.63000000,2356.52000000,62301.44420000,1777924799999,2026-05-04T19:59:59.999000Z,147051915.11345600,693394,30189.82980000,71254546.27391800
1777924800000,2026-05-04T20:00:00Z,2356.52000000,2365.91000000,2344.83000000,2347.16000000,18024.61370000,1777939199999,2026-05-04T23:59:59.999000Z,42458766.14405300,237961,8256.71280000,19451854.60301900
1777939200000,2026-05-05T00:00:00Z,2347.17000000,2389.38000000,2344.93000000,2382.43000000,43369.65370000,1777953599999,2026-05-05T03:59:59.999000Z,102911351.41307100,379509,20211.59500000,47936384.90843500
1777953600000,2026-05-05T04:00:00Z,2382.43000000,2390.74000000,2367.35000000,2380.59000000,49038.94050000,1777967999999,2026-05-05T07:59:59.999000Z,116736198.02326100,372001,22697.65390000,54041416.40741700
1777968000000,2026-05-05T08:00:00Z,2380.59000000,2384.62000000,2366.76000000,2379.89000000,29380.95350000,1777982399999,2026-05-05T11:59:59.999000Z,69799969.32213900,262185,14721.55930000,34969380.51718500
1777982400000,2026-05-05T12:00:00Z,2379.89000000,2399.50000000,2369.17000000,2381.31000000,78808.51000000,1777996799999,2026-05-05T15:59:59.999000Z,188014480.11743700,696726,39426.21610000,94084462.37915900
1777996800000,2026-05-05T16:00:00Z,2381.30000000,2383.38000000,2359.71000000,2371.94000000,40911.27280000,1778011199999,2026-05-05T19:59:59.999000Z,96954986.54099800,377499,20766.65120000,49218721.99935400
1778011200000,2026-05-05T20:00:00Z,2371.94000000,2388.54000000,2354.34000000,2360.77000000,45127.40070000,1778025599999,2026-05-05T23:59:59.999000Z,107063563.69367500,424270,21504.39420000,51056878.56660600
1778025600000,2026-05-06T00:00:00Z,2360.76000000,2380.87000000,2355.00000000,2376.80000000,33054.80320000,1778039999999,2026-05-06T03:59:59.999000Z,78271149.26314600,384980,17510.94900000,41470746.54598300
1778040000000,2026-05-06T04:00:00Z,2376.81000000,2379.40000000,2355.00000000,2371.74000000,33514.67250000,1778054399999,2026-05-06T07:59:59.999000Z,79324880.54666300,307921,16953.38210000,40133068.51579700
1778054400000,2026-05-06T08:00:00Z,2371.74000000,2423.74000000,2369.16000000,2410.47000000,113801.04660000,1778068799999,2026-05-06T11:59:59.999000Z,273618535.84830200,695277,59890.51010000,143953241.66312400
1778068800000,2026-05-06T12:00:00Z,2410.47000000,2413.59000000,2346.68000000,2359.10000000,137462.54150000,1778083199999,2026-05-06T15:59:59.999000Z,326500848.53802300,950635,61108.24090000,145210547.77790300
1778083200000,2026-05-06T16:00:00Z,2359.10000000,2367.47000000,2338.00000000,2348.50000000,59822.68020000,1778097599999,2026-05-06T19:59:59.999000Z,140680471.90951900,432840,22693.25230000,53367534.33193300
1778097600000,2026-05-06T20:00:00Z,2348.49000000,2357.45000000,2338.28000000,2350.84000000,43011.57210000,1778111999999,2026-05-06T23:59:59.999000Z,101045742.30972000,290972,14851.21900000,34887824.13339700
1778112000000,2026-05-07T00:00:00Z,2350.84000000,2352.30000000,2313.89000000,2322.39000000,63504.31730000,1778126399999,2026-05-07T03:59:59.999000Z,147718361.87307700,523410,25385.22900000,59027085.34340200
1778126400000,2026-05-07T04:00:00Z,2322.39000000,2346.89000000,2317.80000000,2344.59000000,51518.00990000,1778140799999,2026-05-07T07:59:59.999000Z,120176362.89107600,333196,21238.92720000,49541539.00713700
1778140800000,2026-05-07T08:00:00Z,2344.59000000,2346.60000000,2317.35000000,2329.94000000,54139.78180000,1778155199999,2026-05-07T11:59:59.999000Z,126223511.70263700,402865,21159.34070000,49339085.97887200
1778155200000,2026-05-07T12:00:00Z,2329.94000000,2337.13000000,2285.95000000,2294.82000000,129506.95220000,1778169599999,2026-05-07T15:59:59.999000Z,298943585.36180300,855763,51727.20150000,119411804.80128100
1778169600000,2026-05-07T16:00:00Z,2294.82000000,2304.00000000,2280.10000000,2295.98000000,98757.48200000,1778183999999,2026-05-07T19:59:59.999000Z,226538965.39469400,688038,36392.37870000,83484192.15588200
1778184000000,2026-05-07T20:00:00Z,2295.98000000,2302.57000000,2281.04000000,2291.06000000,72095.39460000,1778198399999,2026-05-07T23:59:59.999000Z,165120151.38291200,387811,21618.43520000,49502188.89293300
1778198400000,2026-05-08T00:00:00Z,2291.06000000,2294.28000000,2265.61000000,2278.76000000,54369.02610000,1778212799999,2026-05-08T03:59:59.999000Z,123957786.63319900,393281,20604.70450000,46975325.78780900
1778212800000,2026-05-08T04:00:00Z,2278.77000000,2284.54000000,2267.15000000,2281.35000000,73893.46490000,1778227199999,2026-05-08T07:59:59.999000Z,168211725.58419400,339640,27763.67910000,63210662.57432500
1778227200000,2026-05-08T08:00:00Z,2281.37000000,2298.01000000,2280.15000000,2295.38000000,65719.13730000,1778241599999,2026-05-08T11:59:59.999000Z,150305493.28273400,343091,34017.19260000,77813315.09613800
1778241600000,2026-05-08T12:00:00Z,2295.38000000,2302.00000000,2269.96000000,2293.20000000,85201.34210000,1778255999999,2026-05-08T15:59:59.999000Z,194501490.53541000,734683,35440.31050000,80907726.56306800
1778256000000,2026-05-08T16:00:00Z,2293.20000000,2321.22000000,2286.42000000,2316.05000000,76484.52060000,1778270399999,2026-05-08T19:59:59.999000Z,176520488.37860600,507189,32344.26750000,74632942.61874000
1778270400000,2026-05-08T20:00:00Z,2316.06000000,2319.15000000,2303.19000000,2307.06000000,65367.66720000,1778284799999,2026-05-08T23:59:59.999000Z,151043017.22794200,250172,14603.84530000,33747710.09118000
1778284800000,2026-05-09T00:00:00Z,2307.07000000,2320.77000000,2304.19000000,2315.33000000,39168.71880000,1778299199999,2026-05-09T03:59:59.999000Z,90610920.63576700,195005,13871.16950000,32098402.54453800
1778299200000,2026-05-09T04:00:00Z,2315.33000000,2325.33000000,2310.90000000,2314.69000000,51761.09100000,1778313599999,2026-05-09T07:59:59.999000Z,119884973.14474000,199194,19645.06740000,45506119.10428500
1778313600000,2026-05-09T08:00:00Z,2314.69000000,2320.53000000,2310.24000000,2314.57000000,25659.72800000,1778327999999,2026-05-09T11:59:59.999000Z,59409184.50601400,122616,9826.09860000,22755457.32549000
1778328000000,2026-05-09T12:00:00Z,2314.56000000,2318.27000000,2300.00000000,2317.63000000,31105.77980000,1778342399999,2026-05-09T15:59:59.999000Z,71900472.13934000,223767,14407.55870000,33307271.00211000
1778342400000,2026-05-09T16:00:00Z,2317.64000000,2338.37000000,2315.29000000,2332.01000000,56917.64830000,1778356799999,2026-05-09T19:59:59.999000Z,132495433.50429400,349590,26062.18610000,60659495.82312400
1778356800000,2026-05-09T20:00:00Z,2332.02000000,2333.47000000,2324.70000000,2326.44000000,25818.19110000,1778371199999,2026-05-09T23:59:59.999000Z,60140740.16571400,158453,7148.50000000,16651689.16797200
1778371200000,2026-05-10T00:00:00Z,2326.43000000,2332.91000000,2318.33000000,2327.76000000,33278.13660000,1778385599999,2026-05-10T03:59:59.999000Z,77377176.54525000,211480,10692.92660000,24866762.80430900
1778385600000,2026-05-10T04:00:00Z,2327.75000000,2332.09000000,2326.10000000,2327.36000000,26964.35160000,1778399999999,2026-05-10T07:59:59.999000Z,62787274.77308300,162429,8518.05160000,19835110.59379400
1778400000000,2026-05-10T08:00:00Z,2327.36000000,2333.59000000,2319.00000000,2322.58000000,28879.99920000,1778414399999,2026-05-10T11:59:59.999000Z,67196718.87018600,184657,9880.90490000,22991802.98726500
1778414400000,2026-05-10T12:00:00Z,2322.59000000,2351.66000000,2320.87000000,2347.56000000,51926.97750000,1778428799999,2026-05-10T15:59:59.999000Z,121177230.77310000,300962,22011.07260000,51409712.60067500
1778428800000,2026-05-10T16:00:00Z,2347.56000000,2368.00000000,2340.11000000,2365.54000000,154424.55990000,1778443199999,2026-05-10T19:59:59.999000Z,363185897.68717100,432631,118760.18440000,279186197.91604000
1778443200000,2026-05-10T20:00:00Z,2365.54000000,2382.53000000,2311.83000000,2371.27000000,102648.83750000,1778457599999,2026-05-10T23:59:59.999000Z,241553955.77908900,980590,49258.19190000,116006714.29547800
1778457600000,2026-05-11T00:00:00Z,2371.26000000,2374.92000000,2320.01000000,2330.56000000,60324.27160000,1778471999999,2026-05-11T03:59:59.999000Z,141516137.57921300,678673,26752.63530000,62764826.50816300
1778472000000,2026-05-11T04:00:00Z,2330.56000000,2342.44000000,2326.66000000,2330.54000000,35309.27600000,1778486399999,2026-05-11T07:59:59.999000Z,82409373.33353900,273799,14630.28560000,34148339.73926500
1778486400000,2026-05-11T08:00:00Z,2330.55000000,2339.90000000,2326.66000000,2335.80000000,21339.08610000,1778500799999,2026-05-11T11:59:59.999000Z,49795722.30409500,262690,9464.87360000,22088266.27349300
1778500800000,2026-05-11T12:00:00Z,2335.80000000,2338.89000000,2304.00000000,2333.48000000,54288.22570000,1778515199999,2026-05-11T15:59:59.999000Z,126108053.20477100,663948,23396.41490000,54359062.94744400
1778515200000,2026-05-11T16:00:00Z,2333.48000000,2344.35000000,2323.68000000,2340.43000000,43385.86460000,1778529599999,2026-05-11T19:59:59.999000Z,101378810.53855100,457169,18462.39130000,43143267.93178300
1778529600000,2026-05-11T20:00:00Z,2340.44000000,2345.68000000,2335.08000000,2339.87000000,22315.33120000,1778543999999,2026-05-11T23:59:59.999000Z,52219967.29275400,258314,10783.60250000,25234476.50999400
1778544000000,2026-05-12T00:00:00Z,2339.88000000,2340.85000000,2295.01000000,2309.37000000,46792.48960000,1778558399999,2026-05-12T03:59:59.999000Z,108295182.84451200,442505,21876.93500000,50652511.12681000
1778558400000,2026-05-12T04:00:00Z,2309.36000000,2314.49000000,2291.63000000,2295.20000000,35381.71270000,1778572799999,2026-05-12T07:59:59.999000Z,81551632.23785800,233132,13966.71440000,32184704.73849600
1778572800000,2026-05-12T08:00:00Z,2295.20000000,2296.27000000,2278.57000000,2287.01000000,60392.79820000,1778587199999,2026-05-12T11:59:59.999000Z,138102164.84819900,399609,28309.81590000,64737889.64123800
1778587200000,2026-05-12T12:00:00Z,2287.02000000,2294.01000000,2256.67000000,2261.85000000,63665.27820000,1778601599999,2026-05-12T15:59:59.999000Z,144821051.59250300,828775,27124.48230000,61720275.44139000
1778601600000,2026-05-12T16:00:00Z,2261.86000000,2287.43000000,2256.27000000,2285.09000000,29736.93380000,1778615999999,2026-05-12T19:59:59.999000Z,67590284.62968700,408943,14639.53490000,33280375.10687300
1778616000000,2026-05-12T20:00:00Z,2285.10000000,2291.37000000,2273.88000000,2274.96000000,17011.89570000,1778630399999,2026-05-12T23:59:59.999000Z,38844643.64470500,207417,6642.81220000,15172786.82724800
1778630400000,2026-05-13T00:00:00Z,2274.97000000,2303.77000000,2273.34000000,2301.77000000,25629.71210000,1778644799999,2026-05-13T03:59:59.999000Z,58733882.08938100,370680,13091.44780000,30002572.71357100
1778644800000,2026-05-13T04:00:00Z,2301.76000000,2309.00000000,2295.63000000,2301.07000000,20242.60800000,1778659199999,2026-05-13T07:59:59.999000Z,46598565.98019900,204639,8646.33690000,19905261.83377600
1778659200000,2026-05-13T08:00:00Z,2301.07000000,2323.36000000,2299.00000000,2301.82000000,39654.71310000,1778673599999,2026-05-13T11:59:59.999000Z,91670926.13290200,334434,22011.42420000,50877296.76623400
1778673600000,2026-05-13T12:00:00Z,2301.83000000,2307.54000000,2234.13000000,2236.49000000,101419.74340000,1778687999999,2026-05-13T15:59:59.999000Z,229797898.36170500,738479,45926.33750000,104115195.78050100
1778688000000,2026-05-13T16:00:00Z,2236.48000000,2268.49000000,2235.48000000,2256.53000000,55259.29000000,1778702399999,2026-05-13T19:59:59.999000Z,124501701.63248800,327442,26880.46730000,60554924.98899800
1778702400000,2026-05-13T20:00:00Z,2256.53000000,2264.46000000,2251.00000000,2258.65000000,16249.66330000,1778716799999,2026-05-13T23:59:59.999000Z,36691728.22520300,169926,7624.34740000,17216400.55044300
1778716800000,2026-05-14T00:00:00Z,2258.66000000,2269.37000000,2238.64000000,2242.14000000,28395.76130000,1778731199999,2026-05-14T03:59:59.999000Z,64089642.37889700,364318,11227.36160000,25342056.52345200
1778731200000,2026-05-14T04:00:00Z,2242.14000000,2275.20000000,2239.54000000,2265.48000000,28603.53370000,1778745599999,2026-05-14T07:59:59.999000Z,64779481.06791000,285851,15392.06110000,34856115.26323100
1778745600000,2026-05-14T08:00:00Z,2265.49000000,2270.99000000,2252.53000000,2253.81000000,31025.11040000,1778759999999,2026-05-14T11:59:59.999000Z,70154546.03341300,289402,17105.70980000,38679497.70269200
1778760000000,2026-05-14T12:00:00Z,2253.81000000,2299.70000000,2246.13000000,2298.48000000,68751.78440000,1778774399999,2026-05-14T15:59:59.999000Z,156240171.87230500,777022,34447.35640000,78324378.91668100
1778774400000,2026-05-14T16:00:00Z,2298.48000000,2319.33000000,2293.96000000,2298.34000000,71280.16800000,1778788799999,2026-05-14T19:59:59.999000Z,164451362.89106700,723164,35727.53830000,82443362.55504000
1778788800000,2026-05-14T20:00:00Z,2298.34000000,2301.67000000,2280.18000000,2283.25000000,28624.47810000,1778803199999,2026-05-14T23:59:59.999000Z,65653504.35382800,290650,13852.33070000,31783919.07073000
1778803200000,2026-05-15T00:00:00Z,2283.26000000,2300.29000000,2260.45000000,2273.34000000,56947.01880000,1778817599999,2026-05-15T03:59:59.999000Z,129690554.81397300,499357,17269.86790000,39358561.44292400
1778817600000,2026-05-15T04:00:00Z,2273.35000000,2273.91000000,2237.95000000,2265.11000000,50307.02380000,1778831999999,2026-05-15T07:59:59.999000Z,113459432.84099700,450040,22164.06790000,49996179.69879800
1778832000000,2026-05-15T08:00:00Z,2265.11000000,2265.42000000,2250.00000000,2257.57000000,30771.65190000,1778846399999,2026-05-15T11:59:59.999000Z,69472696.25958400,348748,15424.32470000,34822467.88469100
1778846400000,2026-05-15T12:00:00Z,2257.56000000,2260.72000000,2205.11000000,2222.85000000,98329.86220000,1778860799999,2026-05-15T15:59:59.999000Z,218720724.78739400,1049205,43130.55330000,95901031.11296800
1778860800000,2026-05-15T16:00:00Z,2222.86000000,2232.88000000,2218.90000000,2223.35000000,32854.53900000,1778875199999,2026-05-15T19:59:59.999000Z,73151594.79938700,404174,16657.45830000,37092445.93064500
1778875200000,2026-05-15T20:00:00Z,2223.35000000,2226.29000000,2215.00000000,2224.66000000,19326.45500000,1778889599999,2026-05-15T23:59:59.999000Z,42938869.41098300,225784,8537.75980000,18970109.73836900
1778889600000,2026-05-16T00:00:00Z,2224.65000000,2231.51000000,2223.53000000,2228.01000000,11176.83180000,1778903999999,2026-05-16T03:59:59.999000Z,24907666.89542700,165343,5989.00800000,13347751.72520100
1778904000000,2026-05-16T04:00:00Z,2228.00000000,2228.96000000,2182.00000000,2194.81000000,52860.58160000,1778918399999,2026-05-16T07:59:59.999000Z,116338233.06194500,413958,25490.48750000,56072757.63730900
